id,figure_id,analysis_id,status,graph,group
21,3,206,0,0,0
22,3,207,0,0,0
23,3,208,0,0,0
24,3,209,0,0,0
25,3,210,0,0,0
26,3,212,0,0,0
27,3,213,0,0,0
28,3,214,0,0,0
29,3,215,0,0,0
30,3,219,0,0,0
31,4,221,0,0,0
32,4,222,0,0,0
33,4,223,0,0,0
34,4,224,0,0,0
35,4,225,0,0,0
36,4,227,0,0,0
37,4,228,0,0,0
38,4,229,0,0,0
39,4,230,0,0,0
40,4,231,0,0,0
715,69,1563,0,0,0
716,69,1567,0,0,0
717,69,1568,0,0,0
718,69,1569,0,0,0
719,69,1570,0,0,0
720,69,1572,0,0,0
721,69,1573,0,0,0
722,69,1574,0,0,0
723,69,1575,0,0,0
724,69,1581,0,0,0
725,70,1583,0,0,0
726,70,1584,0,0,0
727,70,1585,0,0,0
728,70,1586,0,0,0
729,70,1587,0,0,0
730,70,1589,0,0,0
731,70,1590,0,0,0
732,70,1592,0,0,0
733,70,1593,0,0,0
734,70,1598,0,0,0
735,71,1600,0,0,0
736,71,1604,0,0,0
737,71,1605,0,0,0
738,71,1606,0,0,0
739,71,1607,0,0,0
740,71,1608,0,0,0
741,71,1610,0,0,0
742,71,1611,0,0,0
743,71,1612,0,0,0
744,71,1616,0,0,0
745,72,1619,0,0,0
746,72,1621,0,0,0
747,72,1622,0,0,0
748,72,1623,0,0,0
749,72,1624,0,0,0
750,72,1626,0,0,0
751,72,1627,0,0,0
752,72,1628,0,0,0
753,72,1629,0,0,0
754,72,1634,0,0,0
755,73,1636,0,0,0
756,73,1638,0,0,0
757,73,1639,0,0,0
758,73,1640,0,0,0
759,73,1641,0,0,0
760,73,1643,0,0,0
761,73,1644,0,0,0
762,73,1645,0,0,0
763,73,1646,0,0,0
764,73,1649,0,0,0
765,74,1651,0,0,0
766,74,1652,0,0,0
767,74,1653,0,0,0
768,74,1654,0,0,0
769,74,1655,0,0,0
770,74,1657,0,0,0
771,74,1658,0,0,0
772,74,1659,0,0,0
773,74,1660,0,0,0
774,74,1663,0,0,0
775,75,1716,0,0,0
776,75,1717,0,0,0
777,75,1718,0,0,0
778,75,1719,0,0,0
779,75,1721,0,0,0
780,75,1722,0,0,0
781,75,1723,0,0,0
782,75,1724,0,0,0
783,76,1726,0,0,0
784,76,1727,0,0,0
785,76,1728,0,0,0
786,76,1729,0,0,0
787,76,1731,0,0,0
788,76,1732,0,0,0
789,76,1733,0,0,0
790,76,1735,0,0,0
791,77,1736,0,0,0
792,77,1737,0,0,0
793,77,1738,0,0,0
794,77,1740,0,0,0
795,77,1741,0,0,0
796,77,1742,0,0,0
797,77,1743,0,0,0
798,77,1748,0,0,0
799,78,1750,0,0,0
800,78,1751,0,0,0
801,78,1752,0,0,0
802,78,1753,0,0,0
803,78,1754,0,0,0
804,78,1755,0,0,0
805,78,1757,0,0,0
806,78,1758,0,0,0
807,78,1759,0,0,0
808,78,1762,0,0,0
809,78,1763,0,0,0
810,79,1766,0,0,0
811,79,1769,0,0,0
812,79,1770,0,0,0
813,79,1771,0,0,0
814,79,1772,0,0,0
815,79,1773,0,0,0
816,79,1775,0,0,0
817,79,1776,0,0,0
818,79,1777,0,0,0
819,79,1782,0,0,0
820,79,1783,0,0,0
821,80,1785,0,0,0
822,80,1786,0,0,0
823,80,1787,0,0,0
824,80,1788,0,0,0
825,80,1789,0,0,0
826,80,1791,0,0,0
827,80,1792,0,0,0
828,80,1793,0,0,0
829,80,1794,0,0,0
830,80,1798,0,0,0
831,81,1846,0,0,0
832,81,1847,0,0,0
833,81,1848,0,0,0
834,81,1849,0,0,0
835,81,1850,0,0,0
836,81,1852,0,0,0
837,81,1853,0,0,0
838,81,1854,0,0,0
839,81,1855,0,0,0
840,81,1859,0,0,0
841,82,1861,0,0,0
842,82,1862,0,0,0
843,82,1863,0,0,0
844,82,1864,0,0,0
845,82,1865,0,0,0
846,82,1867,0,0,0
847,82,1868,0,0,0
848,82,1869,0,0,0
849,82,1870,0,0,0
850,82,1874,0,0,0
851,83,1876,0,0,0
852,83,1877,0,0,0
853,83,1878,0,0,0
854,83,1879,0,0,0
855,83,1880,0,0,0
856,83,1882,0,0,0
857,83,1883,0,0,0
858,83,1884,0,0,0
859,83,1885,0,0,0
860,83,1890,0,0,0
861,84,1892,0,0,0
862,84,1893,0,0,0
863,84,1894,0,0,0
864,84,1895,0,0,0
865,84,1896,0,0,0
866,84,1898,0,0,0
867,84,1899,0,0,0
868,84,1900,0,0,0
869,84,1901,0,0,0
870,84,1905,0,0,0
871,85,1907,0,0,0
872,85,1908,0,0,0
873,85,1909,0,0,0
874,85,1910,0,0,0
875,85,1911,0,0,0
876,85,1913,0,0,0
877,85,1914,0,0,0
878,85,1916,0,0,0
879,85,1917,0,0,0
880,85,1922,0,0,0
881,86,1924,0,0,0
882,86,1927,0,0,0
883,86,1928,0,0,0
884,86,1929,0,0,0
885,86,1930,0,0,0
886,86,1932,0,0,0
887,86,1933,0,0,0
888,86,1934,0,0,0
889,86,1935,0,0,0
890,86,1936,0,0,0
891,87,1982,0,0,0
892,87,1984,0,0,0
893,87,1985,0,0,0
894,87,1986,0,0,0
895,87,1987,0,0,0
896,87,1989,0,0,0
897,87,1990,0,0,0
898,87,1991,0,0,0
899,87,1992,0,0,0
900,87,1993,0,0,0
901,88,1994,0,0,0
902,88,1997,0,0,0
903,88,1999,0,0,0
904,88,2000,0,0,0
905,88,2001,0,0,0
906,88,2003,0,0,0
907,88,2004,0,0,0
908,88,2005,0,0,0
909,88,2006,0,0,0
910,88,2007,0,0,0
911,89,2008,0,0,0
912,89,2010,0,0,0
913,89,2011,0,0,0
914,89,2012,0,0,0
915,89,2013,0,0,0
916,89,2015,0,0,0
917,89,2016,0,0,0
918,89,2017,0,0,0
919,89,2018,0,0,0
920,89,2019,0,0,0
921,90,2021,0,0,0
922,90,2022,0,0,0
923,90,2023,0,0,0
924,90,2024,0,0,0
925,90,2025,0,0,0
926,90,2027,0,0,0
927,90,2028,0,0,0
928,90,2029,0,0,0
929,90,2030,0,0,0
930,90,2032,0,0,0
931,91,2099,0,0,0
932,91,2102,0,0,0
933,91,2103,0,0,0
934,91,2104,0,0,0
935,91,2106,0,0,0
936,91,2107,0,0,0
937,91,2108,0,0,0
938,91,2109,0,0,0
939,91,2111,0,0,0
940,91,2112,0,0,0
941,92,2113,0,0,0
942,92,2114,0,0,0
943,92,2115,0,0,0
944,92,2116,0,0,0
945,92,2118,0,0,0
946,92,2119,0,0,0
947,92,2120,0,0,0
948,92,2121,0,0,0
949,92,2123,0,0,0
950,92,2124,0,0,0
951,93,2125,0,0,0
952,93,2126,0,0,0
953,93,2127,0,0,0
954,93,2128,0,0,0
955,93,2130,0,0,0
956,93,2131,0,0,0
957,93,2132,0,0,0
958,93,2133,0,0,0
959,93,2135,0,0,0
960,93,2136,0,0,0
961,94,2137,0,0,0
962,94,2138,0,0,0
963,94,2139,0,0,0
964,94,2140,0,0,0
965,94,2142,0,0,0
966,94,2143,0,0,0
967,94,2144,0,0,0
968,94,2145,0,0,0
969,94,2147,0,0,0
970,94,2148,0,0,0
971,95,2149,0,0,0
972,95,2150,0,0,0
973,95,2151,0,0,0
974,95,2152,0,0,0
975,95,2154,0,0,0
976,95,2155,0,0,0
977,95,2156,0,0,0
978,95,2157,0,0,0
979,95,2159,0,0,0
980,95,2160,0,0,0
981,96,2161,0,0,0
982,96,2162,0,0,0
983,96,2163,0,0,0
984,96,2164,0,0,0
985,96,2166,0,0,0
986,96,2167,0,0,0
987,96,2168,0,0,0
988,96,2169,0,0,0
989,96,2171,0,0,0
990,96,2172,0,0,0
991,97,2222,0,0,0
992,97,2223,0,0,0
993,97,2224,0,0,0
994,97,2225,0,0,0
995,97,2227,0,0,0
996,97,2228,0,0,0
997,97,2229,0,0,0
998,97,2230,0,0,0
999,97,2232,0,0,0
1000,97,2233,0,0,0
1001,98,2234,0,0,0
1002,98,2235,0,0,0
1003,98,2236,0,0,0
1004,98,2237,0,0,0
1005,98,2239,0,0,0
1006,98,2240,0,0,0
1007,98,2241,0,0,0
1008,98,2242,0,0,0
1009,98,2244,0,0,0
1010,98,2245,0,0,0
1011,99,2246,0,0,0
1012,99,2247,0,0,0
1013,99,2248,0,0,0
1014,99,2249,0,0,0
1015,99,2251,0,0,0
1016,99,2252,0,0,0
1017,99,2253,0,0,0
1018,99,2254,0,0,0
1019,99,2255,0,0,0
1020,99,2257,0,0,0
1021,100,2258,0,0,0
1022,100,2259,0,0,0
1023,100,2260,0,0,0
1024,100,2261,0,0,0
1025,100,2263,0,0,0
1026,100,2264,0,0,0
1027,100,2265,0,0,0
1028,100,2266,0,0,0
1029,100,2267,0,0,0
1030,100,2269,0,0,0
1031,101,2270,0,0,0
1032,101,2271,0,0,0
1033,101,2272,0,0,0
1034,101,2273,0,0,0
1035,101,2275,0,0,0
1036,101,2276,0,0,0
1037,101,2277,0,0,0
1038,101,2278,0,0,0
1039,101,2279,0,0,0
1040,101,2280,0,0,0
1041,102,2339,0,0,0
1042,102,2344,0,0,0
1043,102,2345,0,0,0
1044,102,2346,0,0,0
1045,102,2348,0,0,0
1046,102,2349,0,0,0
1047,102,2350,0,0,0
1048,102,2351,0,0,0
1049,102,2353,0,0,0
1302,122,3606,0,0,0
1303,122,3607,0,0,0
1304,122,3608,0,0,0
1305,122,3609,0,0,0
1306,122,3611,0,0,0
1307,122,3613,0,0,0
1308,122,3614,0,0,0
1309,122,3616,0,0,0
1310,122,3617,0,0,0
1311,122,3618,0,0,0
1312,122,3619,0,0,0
1313,122,3620,0,0,0
1314,122,3621,0,0,0
1315,122,3622,0,0,0
1316,122,3623,0,0,0
1317,122,3624,0,0,0
1318,122,3625,0,0,0
1319,122,3628,0,0,0
1320,122,3629,0,0,0
1427,132,3849,0,0,0
1428,132,3853,0,0,0
1429,132,3854,0,0,0
1430,132,3855,0,0,0
1431,132,3856,0,0,0
1432,132,3858,0,0,0
1433,132,3859,0,0,0
1434,132,3865,0,0,0
1435,132,3867,0,0,0
1436,132,3868,0,0,0
1437,133,3869,0,0,0
1438,133,3870,0,0,0
1439,133,3871,0,0,0
1440,133,3872,0,0,0
1441,133,3873,0,0,0
1442,133,3875,0,0,0
1443,133,3878,0,0,0
1444,133,3880,0,0,0
1445,133,3882,0,0,0
1446,133,3884,0,0,0
1447,134,3887,0,0,0
1448,134,3888,0,0,0
1449,134,3889,0,0,0
1450,134,3890,0,0,0
1451,134,3891,0,0,0
1452,134,3892,0,0,0
1453,134,3893,0,0,0
1454,134,3895,0,0,0
1455,134,3898,0,0,0
1456,134,3899,0,0,0
1457,134,3900,0,0,0
1458,134,3902,0,0,0
1459,135,3903,0,0,0
1460,135,3904,0,0,0
1461,135,3905,0,0,0
1462,135,3906,0,0,0
1463,135,3907,0,0,0
1464,135,3908,0,0,0
1465,135,3909,0,0,0
1466,135,3911,0,0,0
1467,135,3913,0,0,0
1468,135,3914,0,0,0
1469,135,3915,0,0,0
1470,135,3916,0,0,0
1471,136,3917,0,0,0
1472,136,3918,0,0,0
1473,136,3919,0,0,0
1474,136,3920,0,0,0
1475,136,3921,0,0,0
1476,136,3922,0,0,0
1477,136,3923,0,0,0
1478,136,3926,0,0,0
1479,136,3927,0,0,0
1480,136,3928,0,0,0
1481,136,3929,0,0,0
1482,136,3930,0,0,0
1483,137,3931,0,0,0
1484,137,3932,0,0,0
1485,137,3933,0,0,0
1486,137,3934,0,0,0
1487,137,3935,0,0,0
1488,137,3936,0,0,0
1489,137,3937,0,0,0
1490,137,3939,0,0,0
1491,137,3940,0,0,0
1492,137,3941,0,0,0
1493,137,3942,0,0,0
1494,137,3943,0,0,0
1495,138,3992,0,0,0
1496,138,3993,0,0,0
1497,138,3994,0,0,0
1498,138,3995,0,0,0
1499,138,3996,0,0,0
1500,138,3997,0,0,0
1501,138,3999,0,0,0
1502,138,4001,0,0,0
1503,138,4002,0,0,0
1504,138,4004,0,0,0
1505,138,4005,0,0,0
1506,139,4006,0,0,0
1507,139,4007,0,0,0
1508,139,4008,0,0,0
1509,139,4009,0,0,0
1510,139,4010,0,0,0
1511,139,4011,0,0,0
1512,139,4013,0,0,0
1513,139,4018,0,0,0
1514,139,4019,0,0,0
1515,139,4020,0,0,0
1516,139,4021,0,0,0
1517,139,4022,0,0,0
1518,139,4024,0,0,0
1519,139,4025,0,0,0
1520,139,4026,0,0,0
1521,139,4027,0,0,0
1522,139,4028,0,0,0
1523,139,4029,0,0,0
1524,139,4036,0,0,0
1525,139,4037,0,0,0
1526,139,4038,0,0,0
1527,139,4039,0,0,0
1528,139,4040,0,0,0
1529,140,4041,0,0,0
1530,140,4042,0,0,0
1531,140,4043,0,0,0
1532,140,4044,0,0,0
1533,140,4045,0,0,0
1534,140,4047,0,0,0
1535,140,4048,0,0,0
1536,140,4053,0,0,0
1537,140,4055,0,0,0
1538,140,4056,0,0,0
1539,141,4057,0,0,0
1540,141,4058,0,0,0
1541,141,4059,0,0,0
1542,141,4060,0,0,0
1543,141,4061,0,0,0
1544,141,4063,0,0,0
1545,141,4064,0,0,0
1546,141,4070,0,0,0
1547,141,4072,0,0,0
1548,141,4074,0,0,0
1549,142,4076,0,0,0
1550,142,4077,0,0,0
1551,142,4078,0,0,0
1552,142,4079,0,0,0
1553,142,4080,0,0,0
1554,142,4082,0,0,0
1555,142,4083,0,0,0
1556,142,4086,0,0,0
1557,142,4087,0,0,0
1558,142,4088,0,0,0
1559,143,4089,0,0,0
1560,143,4090,0,0,0
1561,143,4091,0,0,0
1562,143,4092,0,0,0
1563,143,4093,0,0,0
1564,143,4095,0,0,0
1565,143,4096,0,0,0
1566,143,4097,0,0,0
1567,143,4098,0,0,0
1568,143,4099,0,0,0
1569,144,4145,0,0,0
1570,144,4148,0,0,0
1571,144,4149,0,0,0
1572,144,4150,0,0,0
1573,144,4151,0,0,0
1574,144,4152,0,0,0
1575,144,4153,0,0,0
1576,144,4159,0,0,0
1577,144,4160,0,0,0
1578,144,4161,0,0,0
1579,144,4162,0,0,0
1580,144,4163,0,0,0
1581,145,4164,0,0,0
1582,145,4165,0,0,0
1583,145,4166,0,0,0
1584,145,4167,0,0,0
1585,145,4168,0,0,0
1586,145,4169,0,0,0
1587,145,4170,0,0,0
1588,145,4172,0,0,0
1589,145,4173,0,0,0
1590,145,4174,0,0,0
1591,145,4175,0,0,0
1592,145,4176,0,0,0
1593,146,4177,0,0,0
1594,146,4178,0,0,0
1595,146,4179,0,0,0
1596,146,4180,0,0,0
1597,146,4181,0,0,0
1598,146,4182,0,0,0
1599,146,4183,0,0,0
1600,146,4185,0,0,0
1601,146,4186,0,0,0
1602,146,4187,0,0,0
1603,146,4188,0,0,0
1604,146,4189,0,0,0
1605,147,4190,0,0,0
1606,147,4191,0,0,0
1607,147,4192,0,0,0
1608,147,4193,0,0,0
1609,147,4194,0,0,0
1610,147,4195,0,0,0
1611,147,4196,0,0,0
1612,147,4198,0,0,0
1613,147,4199,0,0,0
1614,147,4200,0,0,0
1615,147,4201,0,0,0
1616,147,4202,0,0,0
1617,148,4203,0,0,0
1618,148,4204,0,0,0
1619,148,4205,0,0,0
1620,148,4206,0,0,0
1621,148,4207,0,0,0
1622,148,4208,0,0,0
1623,148,4209,0,0,0
1624,148,4211,0,0,0
1625,148,4212,0,0,0
1626,148,4213,0,0,0
1627,148,4214,0,0,0
1628,148,4215,0,0,0
1629,149,4216,0,0,0
1630,149,4217,0,0,0
1631,149,4218,0,0,0
1632,149,4219,0,0,0
1633,149,4220,0,0,0
1634,149,4221,0,0,0
1635,149,4222,0,0,0
1636,149,4224,0,0,0
1637,149,4225,0,0,0
1638,149,4226,0,0,0
1639,149,4227,0,0,0
1640,149,4228,0,0,0
1641,150,4270,0,0,0
1642,150,4271,0,0,0
1643,150,4272,0,0,0
1644,150,4273,0,0,0
1645,150,4274,0,0,0
1646,150,4276,0,0,0
1647,150,4277,0,0,0
1648,150,4280,0,0,0
1649,150,4281,0,0,0
1650,150,4282,0,0,0
1651,151,4283,0,0,0
1652,151,4284,0,0,0
1653,151,4285,0,0,0
1654,151,4286,0,0,0
1655,151,4287,0,0,0
1656,151,4289,0,0,0
1657,151,4290,0,0,0
1658,151,4292,0,0,0
1659,151,4293,0,0,0
1660,151,4294,0,0,0
1661,152,4295,0,0,0
1662,152,4296,0,0,0
1663,152,4297,0,0,0
1664,152,4298,0,0,0
1665,152,4299,0,0,0
1666,152,4301,0,0,0
1667,152,4302,0,0,0
1668,152,4304,0,0,0
1669,152,4305,0,0,0
1670,152,4306,0,0,0
1671,153,4307,0,0,0
1672,153,4308,0,0,0
1673,153,4309,0,0,0
1674,153,4310,0,0,0
1675,153,4311,0,0,0
1676,153,4313,0,0,0
1677,153,4314,0,0,0
1678,153,4315,0,0,0
1679,153,4316,0,0,0
1680,153,4317,0,0,0
1681,154,4415,0,0,0
1682,154,4438,0,0,0
1683,154,4440,0,0,0
1684,154,4441,0,0,0
1685,154,4442,0,0,0
1686,154,4443,0,0,0
1687,154,4463,0,0,0
1688,154,4476,0,0,0
1689,154,4479,0,0,0
1690,154,4481,0,0,0
1691,154,4482,0,0,0
1692,154,4483,0,0,0
1693,155,4484,0,0,0
1694,155,4502,0,0,0
1695,155,4503,0,0,0
1696,155,4504,0,0,0
1697,155,4505,0,0,0
1698,155,4506,0,0,0
1699,155,4507,0,0,0
1700,155,4508,0,0,0
1701,155,4509,0,0,0
1702,155,4510,0,0,0
1703,156,4511,0,0,0
1704,156,4512,0,0,0
1705,156,4513,0,0,0
1706,156,4514,0,0,0
1707,156,4515,0,0,0
1708,156,4516,0,0,0
1709,156,4517,0,0,0
1710,156,4522,0,0,0
1711,156,4524,0,0,0
1712,156,4528,0,0,0
1713,156,4529,0,0,0
1714,156,4530,0,0,0
1715,157,4531,0,0,0
1716,157,4532,0,0,0
1717,157,4533,0,0,0
1718,157,4534,0,0,0
1719,157,4535,0,0,0
1720,157,4536,0,0,0
1721,157,4538,0,0,0
1722,157,4539,0,0,0
1723,157,4540,0,0,0
1724,157,4542,0,0,0
1725,157,4543,0,0,0
1726,158,4544,0,0,0
1727,158,4545,0,0,0
1728,158,4546,0,0,0
1729,158,4547,0,0,0
1730,158,4548,0,0,0
1731,158,4549,0,0,0
1732,158,4551,0,0,0
1733,158,4558,0,0,0
1734,158,4560,0,0,0
1735,158,4563,0,0,0
1736,158,4565,0,0,0
1737,159,5087,0,0,0
1738,159,5097,0,0,0
1739,159,5099,0,0,0
1740,159,5104,0,0,0
1741,159,5105,0,0,0
1742,159,5106,0,0,0
1743,159,5107,0,0,0
1744,159,5108,0,0,0
1745,159,5110,0,0,0
1746,159,5115,0,0,0
1747,159,5118,0,0,0
1748,159,5120,0,0,0
1749,159,5121,0,0,0
1750,159,5122,0,0,0
1751,160,5123,0,0,0
1752,160,5124,0,0,0
1753,160,5129,0,0,0
1754,160,5130,0,0,0
1755,160,5131,0,0,0
1756,160,5136,0,0,0
1757,160,5137,0,0,0
1758,160,5139,0,0,0
1759,160,5140,0,0,0
1760,160,5147,0,0,0
1761,160,5148,0,0,0
1762,160,5149,0,0,0
1763,161,5150,0,0,0
1764,161,5151,0,0,0
1765,161,5152,0,0,0
1766,161,5153,0,0,0
1767,161,5155,0,0,0
1768,161,5157,0,0,0
1769,161,5163,0,0,0
1770,161,5166,0,0,0
1771,161,5172,0,0,0
1772,161,5175,0,0,0
1773,161,5182,0,0,0
3020,343,134,0,0,0
3021,343,139,0,0,0
3022,343,140,0,0,0
3023,343,143,0,0,0
3024,343,144,0,0,0
3059,345,134,0,0,0
3060,345,139,0,0,1
3061,345,140,0,0,2
3062,345,143,0,0,3
3063,345,144,0,0,4
3064,345,145,0,0,0
3065,345,147,0,0,1
3066,345,148,0,0,2
3067,345,149,0,0,5
3068,345,150,0,0,3
3069,345,152,0,0,4
3070,345,153,0,0,0
3071,345,154,0,0,1
3072,345,155,0,0,2
3073,345,157,0,0,5
3074,345,158,0,0,3
3075,345,159,0,0,4
3076,345,160,0,0,0
3077,345,162,0,0,1
3078,345,163,0,0,2
3079,345,165,0,0,3
3080,345,167,0,0,4
3081,345,168,0,0,0
3082,345,169,0,0,1
3083,345,170,0,0,2
3084,345,172,0,0,5
3085,345,173,0,0,3
3086,345,174,0,0,4
3087,345,175,0,0,0
3088,345,179,0,0,1
3089,345,181,0,0,2
3090,345,182,0,0,5
3091,345,183,0,0,3
3092,345,184,0,0,4
3093,346,134,0,0,0
3094,346,139,0,0,1
3095,346,140,0,0,2
3096,346,143,0,0,3
3097,346,144,0,0,4
3098,346,145,0,0,0
3099,346,147,0,0,1
3100,346,148,0,0,2
3101,346,149,0,0,5
3102,346,150,0,0,3
3103,346,152,0,0,4
3104,346,153,0,0,0
3105,346,154,0,0,1
3106,346,155,0,0,2
3107,346,157,0,0,5
3108,346,158,0,0,3
3109,346,159,0,0,4
3110,346,160,0,0,0
3111,346,162,0,0,1
3112,346,163,0,0,2
3113,346,165,0,0,3
3114,346,167,0,0,4
3115,346,168,0,0,0
3116,346,169,0,0,1
3117,346,170,0,0,2
3118,346,172,0,0,5
3119,346,173,0,0,3
3120,346,174,0,0,4
3121,346,175,0,0,0
3122,346,179,0,0,1
3123,346,181,0,0,2
3124,346,182,0,0,5
3125,346,183,0,0,3
3126,346,184,0,0,4
3127,347,356,0,0,0
3128,347,357,0,0,1
3129,347,358,0,0,2
3130,347,359,0,0,3
3131,347,361,0,0,4
3132,347,362,0,0,5
3133,347,363,0,0,0
3134,347,364,0,0,1
3135,347,366,0,0,2
3136,347,367,0,0,3
3137,347,368,0,0,4
3138,347,369,0,0,5
3139,347,371,0,0,0
3140,347,372,0,0,1
3141,347,373,0,0,2
3142,347,374,0,0,3
3143,347,376,0,0,4
3144,347,377,0,0,5
3145,347,378,0,0,0
3146,347,379,0,0,1
3147,347,381,0,0,2
3148,347,382,0,0,3
3149,347,383,0,0,4
3150,347,384,0,0,5
3151,347,386,0,0,0
3152,347,387,0,0,1
3153,347,388,0,0,2
3154,347,389,0,0,3
3155,347,391,0,0,4
3156,347,392,0,0,5
3157,347,394,0,0,0
3158,347,395,0,0,1
3159,347,396,0,0,2
3160,347,397,0,0,3
3161,347,398,0,0,4
3162,348,525,0,0,0
3163,348,530,0,0,1
3164,348,532,0,0,2
3165,348,533,0,0,3
3166,348,534,0,0,4
3167,348,537,0,0,0
3168,348,538,0,0,1
3169,348,539,0,0,2
3170,348,540,0,0,3
3171,348,543,0,0,5
3172,348,544,0,0,0
3173,348,545,0,0,1
3174,348,547,0,0,2
3175,348,548,0,0,3
3176,348,549,0,0,4
3177,348,550,0,0,5
3178,348,552,0,0,0
3179,348,553,0,0,1
3180,348,554,0,0,2
3181,348,557,0,0,4
3182,348,558,0,0,5
3183,348,559,0,0,0
3184,348,560,0,0,1
3185,348,562,0,0,2
3186,348,563,0,0,3
3187,348,564,0,0,4
3188,348,565,0,0,5
3189,348,567,0,0,0
3190,348,568,0,0,1
3191,348,569,0,0,2
3192,348,570,0,0,3
3193,348,572,0,0,4
3194,348,573,0,0,5
3195,349,574,0,0,0
3196,349,584,0,0,1
3197,349,586,0,0,2
3198,349,587,0,0,3
3199,349,588,0,0,4
3200,349,602,0,0,0
3201,349,603,0,0,5
3202,349,605,0,0,1
3203,349,606,0,0,2
3204,349,607,0,0,3
3205,349,608,0,0,4
3206,349,609,0,0,0
3207,349,614,0,0,5
3208,349,615,0,0,1
3209,349,616,0,0,2
3210,349,618,0,0,3
3211,349,619,0,0,4
3212,349,620,0,0,6
3213,349,621,0,0,7
3214,349,623,0,0,8
3215,349,624,0,0,9
3216,349,626,0,0,10
3217,349,628,0,0,11
3218,349,629,0,0,12
3219,349,630,0,0,13
3220,349,631,0,0,0
3221,349,634,0,0,1
3222,349,635,0,0,2
3223,349,636,0,0,3
3224,349,637,0,0,4
3225,349,639,0,0,0
3226,349,640,0,0,5
3227,349,642,0,0,1
3228,349,643,0,0,2
3229,349,644,0,0,3
3230,349,645,0,0,4
3231,349,646,0,0,6
3232,349,647,0,0,7
3233,349,649,0,0,8
3234,349,650,0,0,9
3235,349,651,0,0,14
3236,349,652,0,0,10
3237,349,654,0,0,11
3238,349,656,0,0,12
3239,349,658,0,0,13
3240,349,660,0,0,0
3241,349,662,0,0,5
3242,349,663,0,0,1
3243,349,664,0,0,2
3244,349,665,0,0,3
3245,349,667,0,0,4
3246,349,674,0,0,5
3247,349,677,0,0,1
3248,349,678,0,0,2
3249,349,680,0,0,3
3250,349,681,0,0,4
3251,349,682,0,0,6
3252,349,684,0,0,7
3253,349,685,0,0,8
3254,349,687,0,0,9
3255,349,688,0,0,14
3256,349,689,0,0,10
3257,349,691,0,0,11
3258,349,692,0,0,12
3259,349,694,0,0,13
3260,349,695,0,0,0
3261,349,700,0,0,5
3262,349,702,0,0,1
3263,349,704,0,0,2
3264,349,705,0,0,3
3265,349,706,0,0,4
3266,349,707,0,0,0
3267,349,709,0,0,5
3268,349,710,0,0,1
3269,349,711,0,0,2
3270,349,713,0,0,3
3271,349,714,0,0,6
3272,349,716,0,0,7
3273,349,717,0,0,8
3274,349,718,0,0,9
3275,349,720,0,0,14
3276,349,721,0,0,10
3277,349,723,0,0,11
3278,349,724,0,0,12
3279,349,725,0,0,13
3280,349,727,0,0,15
3281,349,728,0,0,0
3282,349,734,0,0,5
3283,349,736,0,0,1
3284,349,737,0,0,2
3285,349,738,0,0,3
3286,349,739,0,0,4
3287,349,741,0,0,0
3288,349,743,0,0,5
3289,349,744,0,0,1
3290,349,745,0,0,2
3291,349,746,0,0,3
3292,349,747,0,0,4
3293,349,749,0,0,6
3294,349,750,0,0,7
3295,349,751,0,0,8
3296,349,752,0,0,9
3297,349,754,0,0,14
3298,349,755,0,0,10
3299,349,757,0,0,11
3300,349,759,0,0,12
3301,349,760,0,0,13
3302,349,763,0,0,0
3303,349,764,0,0,5
3304,349,765,0,0,1
3305,349,766,0,0,2
3306,349,767,0,0,3
3307,349,769,0,0,4
3308,349,770,0,0,0
3309,349,771,0,0,5
3310,349,772,0,0,1
3311,349,773,0,0,2
3312,349,774,0,0,3
3313,349,775,0,0,4
3314,349,776,0,0,0
3315,349,777,0,0,5
3316,349,778,0,0,1
3317,349,779,0,0,2
3318,349,780,0,0,3
3319,349,781,0,0,4
3320,349,784,0,0,5
3321,349,785,0,0,1
3322,349,786,0,0,2
3323,349,787,0,0,3
3324,349,788,0,0,4
3325,350,789,0,0,0
3326,350,794,0,0,1
3327,350,795,0,0,2
3328,350,796,0,0,3
3329,350,798,0,0,4
3330,350,799,0,0,5
3331,350,819,0,0,0
3332,350,820,0,0,1
3333,350,822,0,0,2
3334,350,823,0,0,3
3335,350,824,0,0,4
3336,350,825,0,0,5
3337,350,840,0,0,0
3338,350,841,0,0,1
3339,350,842,0,0,2
3340,350,843,0,0,3
3341,350,845,0,0,4
3342,350,846,0,0,5
3343,350,859,0,0,0
3344,350,864,0,0,1
3345,350,865,0,0,2
3346,350,867,0,0,3
3347,350,868,0,0,4
3348,350,869,0,0,5
3349,350,870,0,0,6
3350,350,901,0,0,0
3351,350,902,0,0,1
3352,350,903,0,0,2
3353,350,906,0,0,4
3354,350,907,0,0,5
3355,350,934,0,0,0
3356,350,935,0,0,1
3357,350,938,0,0,2
3358,350,939,0,0,3
3359,350,940,0,0,4
3360,350,941,0,0,5
3361,350,942,0,0,6
3362,351,944,1,0,0
3363,351,950,1,0,1
3364,351,951,1,0,2
3365,351,953,1,0,3
3366,351,954,1,0,4
3367,351,958,1,0,5
3368,351,962,1,0,6
3369,351,966,1,0,7
3370,351,1017,1,0,0
3371,351,1019,1,0,2
3372,351,1020,1,0,3
3373,351,1021,1,0,4
3374,351,1023,1,0,5
3375,351,1024,1,0,6
3376,351,1025,1,0,7
3377,351,1051,1,0,0
3378,351,1052,1,0,1
3379,351,1053,1,0,2
3380,351,1054,1,0,3
3381,351,1055,1,0,4
3382,351,1056,1,0,5
3383,351,1057,1,0,6
3384,351,1058,1,0,7
3385,351,1084,1,0,0
3386,351,1085,1,0,1
3387,351,1086,1,0,2
3388,351,1087,1,0,3
3389,351,1088,1,0,4
3390,351,1089,1,0,5
3391,351,1090,1,0,6
3392,351,1091,1,0,7
3393,351,1092,1,0,8
3394,351,1096,1,0,9
3395,351,1100,1,0,10
3396,351,1102,1,0,11
3397,351,1103,1,0,12
3398,351,1105,1,0,13
3399,351,1141,1,0,0
3400,351,1142,1,0,1
3401,351,1143,1,0,2
3402,351,1144,1,0,3
3403,351,1145,1,0,4
3404,351,1146,1,0,5
3405,351,1148,1,0,6
3406,351,1168,1,0,0
3407,351,1169,1,0,1
3408,351,1170,1,0,2
3409,351,1171,1,0,3
3410,351,1172,1,0,4
3411,351,1174,1,0,5
3412,351,1190,1,0,0
3413,351,1191,1,0,1
3414,351,1192,1,0,2
3415,351,1193,1,0,3
3416,351,1194,1,0,4
3417,351,1195,1,0,5
3418,351,1211,1,0,0
3419,351,1212,1,0,1
3420,351,1213,1,0,2
3421,351,1214,1,0,3
3422,351,1215,1,0,4
3423,351,1216,1,0,5
3424,351,1232,1,0,0
3425,351,1233,1,0,1
3426,351,1234,1,0,2
3427,351,1235,1,0,3
3428,351,1236,1,0,4
3429,351,1237,1,0,5
3430,351,1238,1,0,6
3431,351,1255,1,0,0
3432,351,1256,1,0,1
3433,351,1257,1,0,2
3434,351,1258,1,0,3
3435,351,1259,1,0,4
3436,351,1260,1,0,5
3437,351,1261,1,0,6
3438,351,1262,0,0,0
3439,351,1263,0,0,1
3440,351,1264,0,0,2
3441,351,1266,0,0,3
3442,351,1267,0,0,4
3443,351,1268,0,0,5
3444,351,1269,0,0,6
3445,351,1271,0,0,7
3446,351,1272,0,0,8
3447,351,1273,0,0,9
3448,351,1274,0,0,10
3449,351,1275,0,0,11
3450,351,1276,0,0,12
3451,351,1277,0,0,13
3452,351,1278,0,0,14
3453,352,1279,1,0,0
3454,352,1283,1,0,1
3455,352,1287,1,0,2
3456,352,1291,1,0,3
3457,352,1295,1,0,4
3458,352,1299,1,0,5
3459,352,1300,1,0,6
3460,352,1338,1,0,0
3461,352,1340,1,0,1
3462,352,1341,1,0,2
3463,352,1344,1,0,3
3464,352,1345,1,0,4
3465,352,1347,1,0,6
3466,352,1369,1,0,0
3467,352,1370,1,0,1
3468,352,1371,1,0,2
3469,352,1372,1,0,3
3470,352,1374,1,0,4
3471,352,1375,1,0,5
3472,352,1376,1,0,6
3473,352,1392,1,0,0
3474,352,1394,1,0,2
3475,352,1395,1,0,3
3476,352,1396,1,0,4
3477,352,1397,1,0,5
3478,352,1398,1,0,6
3479,352,1414,1,0,0
3480,352,1415,1,0,1
3481,352,1416,1,0,2
3482,352,1417,1,0,3
3483,352,1418,1,0,4
3484,352,1419,1,0,5
3485,352,1420,1,0,6
3486,352,1436,1,0,0
3487,352,1437,1,0,1
3488,352,1438,1,0,2
3489,352,1439,1,0,3
3490,352,1440,1,0,4
3491,352,1441,1,0,5
3492,352,1442,1,0,6
3493,352,1459,1,0,0
3494,352,1460,1,0,1
3495,352,1461,1,0,2
3496,352,1462,1,0,3
3497,352,1463,1,0,4
3498,352,1464,1,0,5
3499,352,1465,1,0,6
3500,352,1481,1,0,0
3501,352,1482,1,0,1
3502,352,1483,1,0,2
3503,352,1484,1,0,3
3504,352,1485,1,0,4
3505,352,1486,1,0,5
3506,352,1487,1,0,6
3507,352,1503,1,0,0
3508,352,1509,1,0,1
3509,352,1511,1,0,2
3510,352,1516,1,0,3
3511,352,1517,1,0,4
3512,352,1518,1,0,5
3513,352,1519,1,0,6
3514,352,1520,0,0,0
3515,352,1522,0,0,1
3516,352,1523,0,0,2
3517,352,1525,0,0,3
3518,352,1526,0,0,4
3519,352,1527,0,0,5
3520,352,1528,0,0,6
3521,352,1530,0,0,7
3522,352,1531,0,0,8
3523,352,1532,0,0,9
3524,352,1533,0,0,10
3525,352,1535,0,0,11
3526,352,1536,0,0,12
3527,352,1537,0,0,13
3528,352,1538,0,0,14
3529,352,1540,1,0,0
3530,352,1541,1,0,1
3531,352,1542,1,0,2
3532,352,1543,1,0,3
3533,352,1544,1,0,4
3534,352,1545,1,0,5
3535,352,1546,0,0,0
3536,352,1547,0,0,1
3537,352,1548,0,0,2
3538,352,1549,0,0,3
3539,352,1551,0,0,4
3540,352,1552,0,0,5
3541,352,1553,0,0,6
3542,352,1554,0,0,7
3543,352,1556,0,0,8
3544,352,1557,0,0,9
3545,352,1558,0,0,10
3546,352,1559,0,0,11
3547,352,1560,0,0,12
3548,352,1561,0,0,13
3549,352,1562,0,0,14
3550,353,1666,0,0,0
3551,353,1671,0,0,1
3552,353,1672,0,0,2
3553,353,1673,0,0,3
3554,353,1675,0,0,4
3555,353,1676,0,0,5
3556,353,1677,0,0,0
3557,353,1678,0,0,1
3558,353,1680,0,0,2
3559,353,1681,0,0,3
3560,353,1682,0,0,4
3561,353,1683,0,0,5
3562,353,1685,0,0,0
3563,353,1686,0,0,1
3564,353,1687,0,0,2
3565,353,1688,0,0,3
3566,353,1690,0,0,4
3567,353,1692,0,0,5
3568,353,1693,0,0,0
3569,353,1694,0,0,1
3570,353,1695,0,0,2
3571,353,1697,0,0,3
3572,353,1698,0,0,4
3573,353,1699,0,0,5
3574,353,1701,0,0,0
3575,353,1702,0,0,1
3576,353,1703,0,0,2
3577,353,1704,0,0,3
3578,353,1706,0,0,4
3579,353,1707,0,0,5
3580,353,1708,0,0,0
3581,353,1709,0,0,1
3582,353,1711,0,0,2
3583,353,1712,0,0,3
3584,353,1713,0,0,4
3585,353,1714,0,0,5
3586,354,1801,0,0,0
3587,354,1802,0,0,1
3588,354,1803,0,0,2
3589,354,1804,0,0,3
3590,354,1806,0,0,4
3591,354,1807,0,0,5
3592,354,1808,0,0,0
3593,354,1809,0,0,1
3594,354,1810,0,0,2
3595,354,1812,0,0,3
3596,354,1813,0,0,4
3597,354,1814,0,0,5
3598,354,1815,0,0,0
3599,354,1817,0,0,1
3600,354,1818,0,0,2
3601,354,1819,0,0,3
3602,354,1821,0,0,4
3603,354,1822,0,0,5
3604,354,1823,0,0,0
3605,354,1824,0,0,1
3606,354,1826,0,0,2
3607,354,1827,0,0,3
3608,354,1828,0,0,4
3609,354,1829,0,0,5
3610,354,1831,0,0,0
3611,354,1832,0,0,1
3612,354,1833,0,0,2
3613,354,1834,0,0,3
3614,354,1836,0,0,4
3615,354,1837,0,0,5
3616,354,1838,0,0,0
3617,354,1839,0,0,1
3618,354,1841,0,0,2
3619,354,1842,0,0,3
3620,354,1843,0,0,4
3621,354,1844,0,0,5
3622,355,1937,0,0,0
3623,355,1938,0,0,1
3624,355,1939,0,0,2
3625,355,1940,0,0,3
3626,355,1942,0,0,4
3627,355,1943,0,0,5
3628,355,1944,0,0,0
3629,355,1945,0,0,1
3630,355,1947,0,0,2
3631,355,1948,0,0,3
3632,355,1949,0,0,4
3633,355,1950,0,0,5
3634,355,1952,0,0,0
3635,355,1953,0,0,1
3636,355,1954,0,0,2
3637,355,1955,0,0,3
3638,355,1957,0,0,4
3639,355,1958,0,0,5
3640,355,1959,0,0,0
3641,355,1960,0,0,1
3642,355,1962,0,0,2
3643,355,1963,0,0,3
3644,355,1964,0,0,4
3645,355,1965,0,0,5
3646,355,1967,0,0,0
3647,355,1968,0,0,1
3648,355,1969,0,0,2
3649,355,1970,0,0,3
3650,355,1972,0,0,4
3651,355,1973,0,0,5
3652,355,1974,0,0,0
3653,355,1975,0,0,1
3654,355,1977,0,0,2
3655,355,1978,0,0,3
3656,355,1979,0,0,4
3657,355,1980,0,0,5
3658,356,2052,0,0,0
3659,356,2053,0,0,1
3660,356,2055,0,0,2
3661,356,2057,0,0,3
3662,356,2058,0,0,4
3663,356,2059,0,0,5
3664,356,2060,0,0,0
3665,356,2062,0,0,1
3666,356,2063,0,0,6
3667,356,2064,0,0,2
3668,356,2065,0,0,3
3669,356,2067,0,0,4
3670,356,2068,0,0,0
3671,356,2069,0,0,1
3672,356,2070,0,0,6
3673,356,2072,0,0,2
3674,356,2073,0,0,3
3675,356,2074,0,0,4
3676,356,2075,0,0,0
3677,356,2077,0,0,1
3678,356,2078,0,0,6
3679,356,2079,0,0,2
3680,356,2080,0,0,3
3681,356,2082,0,0,4
3682,356,2083,0,0,0
3683,356,2084,0,0,1
3684,356,2085,0,0,6
3685,356,2087,0,0,2
3686,356,2088,0,0,3
3687,356,2089,0,0,4
3688,356,2091,0,0,0
3689,356,2093,0,0,1
3690,356,2094,0,0,6
3691,356,2095,0,0,2
3692,356,2096,0,0,3
3693,356,2098,0,0,4
3694,357,2173,0,0,0
3695,357,2177,0,0,1
3696,357,2179,0,0,2
3697,357,2180,0,0,3
3698,357,2181,0,0,4
3699,357,2182,0,0,5
3700,357,2184,0,0,0
3701,357,2185,0,0,1
3702,357,2187,0,0,2
3703,357,2188,0,0,3
3704,357,2189,0,0,4
3705,357,2190,0,0,5
3706,357,2192,0,0,0
3707,357,2193,0,0,1
3708,357,2194,0,0,2
3709,357,2195,0,0,3
3710,357,2197,0,0,4
3711,357,2198,0,0,5
3712,357,2199,0,0,0
3713,357,2200,0,0,1
3714,357,2202,0,0,2
3715,357,2203,0,0,3
3716,357,2204,0,0,4
3717,357,2205,0,0,5
3718,357,2207,0,0,0
3719,357,2208,0,0,1
3720,357,2209,0,0,2
3721,357,2210,0,0,3
3722,357,2212,0,0,4
3723,357,2213,0,0,5
3724,357,2214,0,0,0
3725,357,2215,0,0,1
3726,357,2217,0,0,2
3727,357,2218,0,0,3
3728,357,2219,0,0,4
3729,357,2220,0,0,5
3730,358,2281,0,0,0
3731,358,2282,0,0,1
3732,358,2283,0,0,2
3733,358,2284,0,0,3
3734,358,2286,0,0,4
3735,358,2287,0,0,5
3736,358,2288,0,0,0
3737,358,2289,0,0,1
3738,358,2291,0,0,2
3739,358,2292,0,0,3
3740,358,2293,0,0,4
3741,358,2294,0,0,5
3742,358,2296,0,0,0
3743,358,2297,0,0,1
3744,358,2298,0,0,2
3745,358,2299,0,0,3
3746,358,2301,0,0,4
3747,358,2302,0,0,5
3748,358,2303,0,0,0
3749,358,2306,0,0,2
3750,358,2307,0,0,3
3751,358,2308,0,0,4
3752,358,2309,0,0,5
3753,358,2311,0,0,0
3754,358,2312,0,0,1
3755,358,2313,0,0,2
3756,358,2314,0,0,3
3757,358,2316,0,0,4
3758,358,2317,0,0,5
3759,358,2318,0,0,0
3760,358,2319,0,0,1
3761,358,2321,0,0,2
3762,358,2322,0,0,3
3763,358,2323,0,0,4
3764,358,2324,0,0,5
3765,359,2326,0,0,0
3766,359,2332,0,0,1
3767,359,2333,0,0,2
3768,359,2334,0,0,3
3769,359,2336,0,0,4
3770,359,2337,0,0,5
3771,359,2354,0,0,0
3772,359,2355,0,0,1
3773,359,2356,0,0,2
3774,359,2357,0,0,3
3775,359,2359,0,0,4
3776,359,2360,0,0,5
3777,359,2372,0,0,0
3778,359,2373,0,0,1
3779,359,2375,0,0,2
3780,359,2376,0,0,3
3781,359,2377,0,0,4
3782,359,2378,0,0,5
3783,359,2391,0,0,0
3784,359,2392,0,0,1
3785,359,2393,0,0,2
3786,359,2394,0,0,3
3787,359,2396,0,0,4
3788,359,2397,0,0,5
3789,359,2409,0,0,0
3790,359,2410,0,0,1
3791,359,2412,0,0,2
3792,359,2413,0,0,3
3793,359,2414,0,0,4
3794,359,2415,0,0,5
3795,359,2428,0,0,0
3796,359,2429,0,0,1
3797,359,2430,0,0,2
3798,359,2431,0,0,3
3799,359,2433,0,0,4
3800,359,2434,0,0,5
3801,359,2455,0,0,0
3802,359,2456,0,0,1
3803,359,2458,0,0,2
3804,359,2459,0,0,3
3805,359,2460,0,0,4
3806,359,2461,0,0,5
3807,359,2474,0,0,0
3808,359,2475,0,0,1
3809,359,2476,0,0,2
3810,359,2477,0,0,3
3811,359,2479,0,0,4
3812,359,2480,0,0,5
3813,359,2495,0,0,2
3814,359,2496,0,0,3
3815,359,2498,0,0,5
3816,359,2511,0,0,0
3817,359,2512,0,0,1
3818,359,2513,0,0,2
3819,359,2514,0,0,3
3820,359,2516,0,0,4
3821,359,2517,0,0,5
4192,365,2660,0,0,0
4193,365,2661,0,0,1
4194,365,2662,0,0,2
4195,365,2663,0,0,3
4196,365,2664,0,0,4
4197,365,2665,0,0,5
4198,365,2666,0,0,0
4199,365,2668,0,0,2
4200,365,2669,0,0,3
4201,365,2670,0,0,4
4202,365,2672,0,0,5
4203,365,2673,0,0,0
4204,365,2674,0,0,1
4205,365,2675,0,0,2
4206,365,2677,0,0,3
4207,365,2678,0,0,4
4208,365,2679,0,0,5
4209,365,2680,0,0,0
4210,365,2682,0,0,1
4211,365,2683,0,0,2
4212,365,2684,0,0,3
4213,365,2685,0,0,4
4214,365,2687,0,0,5
4215,365,2688,0,0,0
4216,365,2689,0,0,1
4217,365,2690,0,0,2
4218,365,2692,0,0,3
4219,365,2693,0,0,4
4220,365,2694,0,0,5
4221,365,2695,0,0,0
4222,365,2697,0,0,1
4223,365,2698,0,0,2
4224,365,2699,0,0,3
4225,365,2700,0,0,4
4226,365,2702,0,0,5
4227,365,2703,0,0,0
4228,365,2704,0,0,1
4229,365,2705,0,0,2
4230,365,2707,0,0,3
4231,365,2709,0,0,5
4232,365,2710,0,0,0
4233,365,2714,0,0,3
4234,365,2715,0,0,4
4235,365,2717,0,0,5
4236,365,2718,0,0,0
4237,365,2719,0,0,1
4238,365,2720,0,0,2
4239,365,2724,0,0,5
4240,365,2725,0,0,0
4241,365,2727,0,0,1
4242,365,2729,0,0,3
4243,366,2813,0,0,0
4244,366,2817,0,0,1
4245,366,2818,0,0,2
4246,366,2820,0,0,3
4247,366,2822,0,0,4
4248,366,2970,0,0,0
4249,366,2973,0,0,2
4250,366,2974,0,0,3
4251,366,2975,0,0,5
4252,366,2976,0,0,4
4253,366,3155,0,0,0
4254,366,3156,0,0,1
4255,366,3157,0,0,2
4256,366,3158,0,0,3
4257,366,3160,0,0,5
4258,366,3161,0,0,4
4259,366,3322,0,0,0
4260,366,3323,0,0,1
4261,366,3325,0,0,2
4262,366,3327,0,0,5
4263,366,3328,0,0,4
4264,366,3330,0,0,6
4265,366,3334,0,0,7
4266,367,3557,0,0,0
4267,367,3562,0,0,1
4268,367,3563,0,0,2
4269,367,3565,0,0,3
4270,367,3566,0,0,4
4271,367,3567,0,0,5
4272,367,3568,0,0,0
4273,367,3570,0,0,1
4274,367,3571,0,0,2
4275,367,3572,0,0,3
4276,367,3573,0,0,4
4277,367,3575,0,0,5
4278,367,3576,0,0,0
4279,367,3577,0,0,1
4280,367,3578,0,0,2
4281,367,3580,0,0,3
4282,367,3581,0,0,4
4283,367,3582,0,0,5
4284,367,3583,0,0,0
4285,367,3585,0,0,1
4286,367,3586,0,0,2
4287,367,3588,0,0,4
4288,367,3590,0,0,5
4289,367,3591,0,0,0
4290,367,3592,0,0,1
4291,367,3593,0,0,2
4292,367,3595,0,0,3
4293,367,3596,0,0,4
4294,367,3597,0,0,5
4295,367,3598,0,0,0
4296,367,3600,0,0,1
4297,367,3601,0,0,2
4298,367,3602,0,0,3
4299,367,3603,0,0,4
4300,367,3605,0,0,5
4301,368,3701,0,0,0
4302,368,3702,0,0,1
4303,368,3703,0,0,2
4304,368,3705,0,0,3
4305,368,3706,0,0,4
4306,368,3707,0,0,5
4307,368,3708,0,0,0
4308,368,3710,0,0,1
4309,368,3711,0,0,2
4310,368,3712,0,0,3
4311,368,3713,0,0,4
4312,368,3715,0,0,5
4313,368,3716,0,0,0
4314,368,3717,0,0,1
4315,368,3718,0,0,2
4316,368,3720,0,0,3
4317,368,3721,0,0,4
4318,368,3723,0,0,5
4319,368,3724,0,0,0
4320,368,3725,0,0,1
4321,368,3726,0,0,2
4322,368,3728,0,0,3
4323,368,3729,0,0,4
4324,368,3730,0,0,5
4325,368,3731,0,0,0
4326,368,3733,0,0,1
4327,368,3734,0,0,2
4328,368,3735,0,0,3
4329,368,3736,0,0,4
4330,368,3738,0,0,5
4331,368,3739,0,0,0
4332,368,3740,0,0,1
4333,368,3741,0,0,2
4334,368,3743,0,0,3
4335,368,3744,0,0,4
4336,368,3745,0,0,5
4337,369,3803,0,0,0
4338,369,3805,0,0,1
4339,369,3806,0,0,2
4340,369,3807,0,0,3
4341,369,3808,0,0,4
4342,369,3810,0,0,5
4343,369,3811,0,0,0
4344,369,3812,0,0,1
4345,369,3813,0,0,2
4346,369,3815,0,0,3
4347,369,3817,0,0,5
4348,369,3818,0,0,0
4349,369,3820,0,0,1
4350,369,3821,0,0,2
4351,369,3822,0,0,3
4352,369,3823,0,0,4
4353,369,3825,0,0,5
4354,369,3826,0,0,0
4355,369,3827,0,0,1
4356,369,3828,0,0,2
4357,369,3830,0,0,3
4358,369,3831,0,0,4
4359,369,3832,0,0,5
4360,369,3833,0,0,0
4361,369,3835,0,0,1
4362,369,3836,0,0,2
4363,369,3837,0,0,3
4364,369,3838,0,0,4
4365,369,3840,0,0,5
4366,369,3841,0,0,0
4367,369,3843,0,0,1
4368,369,3845,0,0,2
4369,369,3846,0,0,3
4370,369,3847,0,0,4
4371,370,3944,0,0,0
4372,370,3948,0,0,1
4373,370,3950,0,0,2
4374,370,3951,0,0,3
4375,370,3952,0,0,4
4376,370,3953,0,0,5
4377,370,3955,0,0,0
4378,370,3956,0,0,1
4379,370,3957,0,0,2
4380,370,3958,0,0,3
4381,370,3960,0,0,4
4382,370,3961,0,0,5
4383,370,3962,0,0,0
4384,370,3963,0,0,1
4385,370,3965,0,0,2
4386,370,3966,0,0,3
4387,370,3967,0,0,4
4388,370,3968,0,0,5
4389,370,3970,0,0,0
4390,370,3971,0,0,1
4391,370,3972,0,0,2
4392,370,3973,0,0,3
4393,370,3975,0,0,4
4394,370,3976,0,0,5
4395,370,3977,0,0,0
4396,370,3978,0,0,1
4397,370,3980,0,0,2
4398,370,3981,0,0,3
4399,370,3982,0,0,4
4400,370,3983,0,0,5
4401,370,3985,0,0,0
4402,370,3986,0,0,1
4403,370,3987,0,0,2
4404,370,3988,0,0,3
4405,370,3990,0,0,4
4406,370,3991,0,0,5
4407,371,4100,0,0,0
4408,371,4101,0,0,1
4409,371,4103,0,0,2
4410,371,4104,0,0,3
4411,371,4105,0,0,4
4412,371,4106,0,0,5
4413,371,4108,0,0,0
4414,371,4109,0,0,1
4415,371,4110,0,0,2
4416,371,4111,0,0,3
4417,371,4113,0,0,4
4418,371,4114,0,0,5
4419,371,4115,0,0,0
4420,371,4116,0,0,1
4421,371,4118,0,0,2
4422,371,4119,0,0,3
4423,371,4120,0,0,4
4424,371,4121,0,0,5
4425,371,4123,0,0,0
4426,371,4124,0,0,1
4427,371,4125,0,0,2
4428,371,4126,0,0,3
4429,371,4128,0,0,4
4430,371,4129,0,0,5
4431,371,4130,0,0,0
4432,371,4131,0,0,1
4433,371,4133,0,0,2
4434,371,4134,0,0,3
4435,371,4135,0,0,4
4436,371,4136,0,0,5
4437,371,4138,0,0,0
4438,371,4139,0,0,1
4439,371,4140,0,0,2
4440,371,4141,0,0,3
4441,371,4143,0,0,4
4442,371,4144,0,0,5
4443,372,4229,0,0,0
4444,372,4230,0,0,1
4445,372,4232,0,0,2
4446,372,4233,0,0,3
4447,372,4234,0,0,4
4448,372,4235,0,0,5
4449,372,4237,0,0,0
4450,372,4238,0,0,1
4451,372,4239,0,0,2
4452,372,4240,0,0,3
4453,372,4242,0,0,4
4454,372,4243,0,0,5
4455,372,4244,0,0,6
4456,372,4245,0,0,0
4457,372,4247,0,0,1
4458,372,4248,0,0,2
4459,372,4249,0,0,3
4460,372,4250,0,0,4
4461,372,4251,0,0,5
4462,372,4252,0,0,0
4463,372,4253,0,0,1
4464,372,4254,0,0,2
4465,372,4255,0,0,3
4466,372,4256,0,0,4
4467,372,4257,0,0,5
4468,372,4258,0,0,0
4469,372,4259,0,0,1
4470,372,4260,0,0,2
4471,372,4261,0,0,3
4472,372,4262,0,0,4
4473,372,4263,0,0,5
4474,372,4264,0,0,0
4475,372,4265,0,0,1
4476,372,4266,0,0,2
4477,372,4267,0,0,3
4478,372,4268,0,0,4
4479,372,4269,0,0,5
4480,373,4372,0,0,0
4481,373,4374,0,0,1
4482,373,4375,0,0,2
4483,373,4376,0,0,3
4484,373,4377,0,0,4
4485,373,4379,0,0,5
4486,373,4380,0,0,0
4487,373,4381,0,0,1
4488,373,4382,0,0,2
4489,373,4384,0,0,3
4490,373,4385,0,0,4
4491,373,4386,0,0,5
4492,373,4387,0,0,0
4493,373,4389,0,0,1
4494,373,4390,0,0,2
4495,373,4391,0,0,3
4496,373,4392,0,0,4
4497,373,4394,0,0,5
4498,373,4395,0,0,0
4499,373,4396,0,0,1
4500,373,4397,0,0,2
4501,373,4399,0,0,3
4502,373,4401,0,0,5
4503,373,4402,0,0,0
4504,373,4404,0,0,1
4505,373,4405,0,0,2
4506,373,4406,0,0,3
4507,373,4407,0,0,4
4508,373,4409,0,0,5
4509,373,4410,0,0,0
4510,373,4411,0,0,1
4511,373,4412,0,0,2
4512,373,4413,0,0,3
4513,373,4414,0,0,4
4514,374,4573,0,0,0
4515,374,4602,0,0,1
4516,374,4604,0,0,2
4517,374,4606,0,0,3
4518,374,4607,0,0,4
4519,374,4608,0,0,5
4520,374,4609,0,0,0
4521,374,4613,0,0,1
4522,374,4614,0,0,2
4523,374,4618,0,0,3
4524,374,4619,0,0,4
4525,374,4620,0,0,5
4526,374,4621,0,0,0
4527,374,4622,0,0,1
4528,374,4623,0,0,2
4529,374,4624,0,0,3
4530,374,4628,0,0,4
4531,374,4629,0,0,5
4532,374,4630,0,0,0
4533,374,4631,0,0,1
4534,374,4632,0,0,2
4535,374,4634,0,0,3
4536,374,4635,0,0,4
4537,374,4636,0,0,5
4538,374,4637,0,0,0
4539,374,4638,0,0,1
4540,374,4639,0,0,2
4541,374,4643,0,0,3
4542,374,4649,0,0,4
4543,374,4650,0,0,5
4544,374,4651,0,0,0
4545,374,4652,0,0,1
4546,374,4654,0,0,2
4547,374,4655,0,0,3
4548,374,4659,0,0,4
4549,374,4661,0,0,5
4550,375,5185,0,0,0
4551,375,5187,0,0,1
4552,375,5189,0,0,2
4553,375,5194,0,0,3
4554,375,5196,0,0,4
4555,375,5198,0,0,5
4556,375,5200,0,0,0
4557,375,5206,0,0,1
4558,375,5208,0,0,3
4559,375,5210,0,0,4
4560,375,5211,0,0,0
4561,375,5212,0,0,1
4562,375,5216,0,0,2
4563,375,5217,0,0,3
4564,375,5222,0,0,4
4565,375,5224,0,0,5
4566,375,5225,0,0,0
4567,375,5226,0,0,1
4568,375,5227,0,0,2
4569,375,5228,0,0,3
4570,375,5229,0,0,4
4571,375,5234,0,0,5
4572,375,5235,0,0,0
4573,375,5236,0,0,1
4574,375,5237,0,0,2
4575,375,5238,0,0,3
4576,375,5239,0,0,4
4577,375,5240,0,0,5
4578,375,5242,0,0,0
4579,375,5243,0,0,1
4580,375,5244,0,0,2
4581,375,5245,0,0,3
4582,375,5249,0,0,4
4583,375,5250,0,0,5
4584,375,5251,0,0,0
4585,375,5252,0,0,1
4586,375,5253,0,0,2
4587,375,5258,0,0,3
4588,375,5260,0,0,4
4589,375,5261,0,0,5
4590,375,5262,0,0,0
4591,375,5266,0,0,1
4592,375,5268,0,0,2
4593,375,5269,0,0,3
4594,375,5270,0,0,4
4595,375,5271,0,0,5
4596,375,5272,0,0,0
4597,375,5273,0,0,1
4598,375,5274,0,0,2
4599,375,5278,0,0,3
4600,375,5280,0,0,4
4601,375,5281,0,0,5
4602,375,5286,0,0,0
4603,375,5287,0,0,1
4604,375,5288,0,0,2
4605,375,5289,0,0,3
4606,375,5290,0,0,4
4607,375,5292,0,0,5
5120,421,1563,0,0,0
5121,421,1567,0,0,0
5122,421,1568,0,0,0
5123,421,1569,0,0,0
5124,421,1570,0,0,0
5125,421,1572,0,0,0
5126,421,1573,0,0,0
5127,421,1574,0,0,0
5128,421,1575,0,0,0
5129,421,1581,0,0,0
5130,422,1583,0,0,0
5131,422,1584,0,0,0
5132,422,1585,0,0,0
5133,422,1586,0,0,0
5134,422,1587,0,0,0
5135,422,1589,0,0,0
5136,422,1590,0,0,0
5137,422,1592,0,0,0
5138,422,1593,0,0,0
5139,422,1598,0,0,0
5140,423,1600,0,0,0
5141,423,1604,0,0,0
5142,423,1605,0,0,0
5143,423,1607,0,0,0
5144,423,1608,0,0,0
5145,423,1610,0,0,0
5146,423,1611,0,0,0
5147,423,1612,0,0,0
5148,423,1616,0,0,0
5149,424,1619,0,0,0
5150,424,1621,0,0,0
5151,424,1622,0,0,0
5152,424,1623,0,0,0
5153,424,1624,0,0,0
5154,424,1626,0,0,0
5155,424,1627,0,0,0
5156,424,1628,0,0,0
5157,424,1629,0,0,0
5158,424,1634,0,0,0
5159,425,1636,0,0,0
5160,425,1638,0,0,0
5161,425,1639,0,0,0
5162,425,1640,0,0,0
5163,425,1641,0,0,0
5164,425,1643,0,0,0
5165,425,1644,0,0,0
5166,425,1645,0,0,0
5167,425,1646,0,0,0
5168,425,1649,0,0,0
5169,426,1651,0,0,0
5170,426,1652,0,0,0
5171,426,1653,0,0,0
5172,426,1654,0,0,0
5173,426,1655,0,0,0
5174,426,1657,0,0,0
5175,426,1658,0,0,0
5176,426,1659,0,0,0
5177,426,1660,0,0,0
5178,426,1663,0,0,0
5179,427,1716,0,0,0
5180,427,1717,0,0,0
5181,427,1718,0,0,0
5182,427,1719,0,0,0
5183,427,1721,0,0,0
5184,427,1722,0,0,0
5185,427,1723,0,0,0
5186,427,1724,0,0,0
5187,428,1726,0,0,0
5188,428,1727,0,0,0
5189,428,1728,0,0,0
5190,428,1729,0,0,0
5191,428,1731,0,0,0
5192,428,1732,0,0,0
5193,428,1733,0,0,0
5194,428,1735,0,0,0
5195,429,1736,0,0,0
5196,429,1737,0,0,0
5197,429,1738,0,0,0
5198,429,1740,0,0,0
5199,429,1741,0,0,0
5200,429,1742,0,0,0
5201,429,1743,0,0,0
5202,429,1748,0,0,0
5203,430,1750,0,0,0
5204,430,1751,0,0,0
5205,430,1752,0,0,0
5206,430,1753,0,0,0
5207,430,1754,0,0,0
5208,430,1755,0,0,0
5209,430,1757,0,0,0
5210,430,1758,0,0,0
5211,430,1759,0,0,0
5212,430,1762,0,0,0
5213,430,1763,0,0,0
5214,431,1766,0,0,0
5215,431,1769,0,0,0
5216,431,1770,0,0,0
5217,431,1771,0,0,0
5218,431,1772,0,0,0
5219,431,1773,0,0,0
5220,431,1775,0,0,0
5221,431,1776,0,0,0
5222,431,1777,0,0,0
5223,431,1782,0,0,0
5224,431,1783,0,0,0
5225,432,1785,0,0,0
5226,432,1786,0,0,0
5227,432,1787,0,0,0
5228,432,1788,0,0,0
5229,432,1789,0,0,0
5230,432,1791,0,0,0
5231,432,1792,0,0,0
5232,432,1793,0,0,0
5233,432,1794,0,0,0
5234,432,1798,0,0,0
5235,433,1846,0,0,0
5236,433,1847,0,0,0
5237,433,1848,0,0,0
5238,433,1849,0,0,0
5239,433,1850,0,0,0
5240,433,1852,0,0,0
5241,433,1853,0,0,0
5242,433,1854,0,0,0
5243,433,1855,0,0,0
5244,433,1859,0,0,0
5245,434,1861,0,0,0
5246,434,1862,0,0,0
5247,434,1863,0,0,0
5248,434,1864,0,0,0
5249,434,1865,0,0,0
5250,434,1867,0,0,0
5251,434,1868,0,0,0
5252,434,1869,0,0,0
5253,434,1870,0,0,0
5254,434,1874,0,0,0
5255,435,1876,0,0,0
5256,435,1877,0,0,0
5257,435,1878,0,0,0
5258,435,1879,0,0,0
5259,435,1880,0,0,0
5260,435,1882,0,0,0
5261,435,1883,0,0,0
5262,435,1884,0,0,0
5263,435,1885,0,0,0
5264,435,1890,0,0,0
5265,436,1892,0,0,0
5266,436,1893,0,0,0
5267,436,1894,0,0,0
5268,436,1895,0,0,0
5269,436,1896,0,0,0
5270,436,1898,0,0,0
5271,436,1899,0,0,0
5272,436,1900,0,0,0
5273,436,1901,0,0,0
5274,436,1905,0,0,0
5275,437,1907,0,0,0
5276,437,1908,0,0,0
5277,437,1909,0,0,0
5278,437,1910,0,0,0
5279,437,1911,0,0,0
5280,437,1913,0,0,0
5281,437,1914,0,0,0
5282,437,1916,0,0,0
5283,437,1917,0,0,0
5284,437,1922,0,0,0
5285,438,1924,0,0,0
5286,438,1927,0,0,0
5287,438,1928,0,0,0
5288,438,1929,0,0,0
5289,438,1930,0,0,0
5290,438,1932,0,0,0
5291,438,1933,0,0,0
5292,438,1934,0,0,0
5293,438,1935,0,0,0
5294,438,1936,0,0,0
5295,439,1982,0,0,0
5296,439,1984,0,0,0
5297,439,1985,0,0,0
5298,439,1986,0,0,0
5299,439,1987,0,0,0
5300,439,1989,0,0,0
5301,439,1990,0,0,0
5302,439,1991,0,0,0
5303,439,1992,0,0,0
5304,439,1993,0,0,0
5305,440,1994,0,0,0
5306,440,1997,0,0,0
5307,440,1999,0,0,0
5308,440,2000,0,0,0
5309,440,2001,0,0,0
5310,440,2003,0,0,0
5311,440,2004,0,0,0
5312,440,2005,0,0,0
5313,440,2006,0,0,0
5314,440,2007,0,0,0
5315,441,2008,0,0,0
5316,441,2010,0,0,0
5317,441,2011,0,0,0
5318,441,2012,0,0,0
5319,441,2013,0,0,0
5320,441,2015,0,0,0
5321,441,2016,0,0,0
5322,441,2017,0,0,0
5323,441,2018,0,0,0
5324,441,2019,0,0,0
5325,442,186,0,0,0
5326,442,189,0,0,0
5327,442,190,0,0,0
5328,442,191,0,0,0
5329,442,192,0,0,0
5330,442,194,0,0,0
5331,442,195,0,0,0
5332,442,196,0,0,0
5333,442,197,0,0,0
5334,442,203,0,0,0
5335,443,206,0,0,0
5336,443,207,0,0,0
5337,443,208,0,0,0
5338,443,209,0,0,0
5339,443,210,0,0,0
5340,443,212,0,0,0
5341,443,213,0,0,0
5342,443,214,0,0,0
5343,443,215,0,0,0
5344,443,219,0,0,0
5345,444,221,0,0,0
5346,444,222,0,0,0
5347,444,223,0,0,0
5348,444,224,0,0,0
5349,444,225,0,0,0
5350,444,227,0,0,0
5351,444,228,0,0,0
5352,444,229,0,0,0
5353,444,230,0,0,0
5354,444,231,0,0,0
5355,445,233,0,0,0
5356,445,234,0,0,0
5357,445,235,0,0,0
5358,445,236,0,0,0
5359,445,237,0,0,0
5360,445,239,0,0,0
5361,445,240,0,0,0
5362,445,241,0,0,0
5363,445,242,0,0,0
5364,445,243,0,0,0
5365,446,245,0,0,0
5366,446,246,0,0,0
5367,446,247,0,0,0
5368,446,248,0,0,0
5369,446,249,0,0,0
5370,446,251,0,0,0
5371,446,252,0,0,0
5372,446,253,0,0,0
5373,446,254,0,0,0
5374,446,255,0,0,0
5375,447,257,0,0,0
5376,447,260,0,0,0
5377,447,261,0,0,0
5378,447,262,0,0,0
5379,447,263,0,0,0
5380,447,264,0,0,0
5381,447,266,0,0,0
5382,447,267,0,0,0
5383,447,268,0,0,0
5384,447,269,0,0,0
5385,448,271,0,0,0
5386,448,272,0,0,0
5387,448,273,0,0,0
5388,448,274,0,0,0
5389,448,275,0,0,0
5390,448,277,0,0,0
5391,448,278,0,0,0
5392,448,279,0,0,0
5393,448,280,0,0,0
5394,448,284,0,0,0
5395,449,286,0,0,0
5396,449,287,0,0,0
5397,449,288,0,0,0
5398,449,289,0,0,0
5399,449,290,0,0,0
5400,449,292,0,0,0
5401,449,293,0,0,0
5402,449,294,0,0,0
5403,449,295,0,0,0
5404,449,297,0,0,0
5405,450,299,0,0,0
5406,450,302,0,0,0
5407,450,305,0,0,0
5408,450,306,0,0,0
5409,450,307,0,0,0
5410,450,308,0,0,0
5411,450,309,0,0,0
5412,450,310,0,0,0
5413,450,311,0,0,0
5414,450,312,0,0,0
5415,450,317,0,0,0
5416,451,319,0,0,0
5417,451,320,0,0,0
5418,451,321,0,0,0
5419,451,322,0,0,0
5420,451,323,0,0,0
5421,451,325,0,0,0
5422,451,326,0,0,0
5423,451,327,0,0,0
5424,451,328,0,0,0
5425,451,329,0,0,0
5426,452,331,0,0,0
5427,452,332,0,0,0
5428,452,333,0,0,0
5429,452,334,0,0,0
5430,452,336,0,0,0
5431,452,337,0,0,0
5432,452,338,0,0,0
5433,452,340,0,0,0
5434,452,341,0,0,0
5435,452,342,0,0,0
5436,453,344,0,0,0
5437,453,345,0,0,0
5438,453,346,0,0,0
5439,453,347,0,0,0
5440,453,348,0,0,0
5441,453,350,0,0,0
5442,453,351,0,0,0
5443,453,352,0,0,0
5444,453,353,0,0,0
5445,453,354,0,0,0
5446,454,400,0,0,0
5447,454,401,0,0,0
5448,454,402,0,0,0
5449,454,403,0,0,0
5450,454,404,0,0,0
5451,454,405,0,0,0
5452,454,406,0,0,0
5453,454,407,0,0,0
5454,454,408,0,0,0
5455,454,413,0,0,0
5456,455,414,0,0,0
5457,455,418,0,0,0
5458,455,419,0,0,0
5459,455,420,0,0,0
5460,455,422,0,0,0
5461,455,423,0,0,0
5462,455,424,0,0,0
5463,455,425,0,0,0
5464,455,426,0,0,0
5465,455,432,0,0,0
5466,455,436,0,0,0
5467,455,437,0,0,0
5468,455,438,0,0,0
5469,455,439,0,0,0
5470,455,441,0,0,0
5471,455,442,0,0,0
5472,455,443,0,0,0
5473,455,444,0,0,0
5474,455,450,0,0,0
5475,455,452,0,0,0
5476,455,453,0,0,0
5477,455,454,0,0,0
5478,455,455,0,0,0
5479,455,456,0,0,0
5480,455,457,0,0,0
5481,455,458,0,0,0
5482,455,459,0,0,0
5483,455,460,0,0,0
5484,455,461,0,0,0
5485,456,462,0,0,0
5486,456,463,0,0,0
5487,456,464,0,0,0
5488,456,465,0,0,0
5489,456,471,0,0,0
5490,456,474,0,0,0
5491,457,476,0,0,0
5492,457,479,0,0,0
5493,457,481,0,0,0
5494,457,487,0,0,0
5495,457,488,0,0,0
5496,457,490,0,0,0
5497,457,491,0,0,0
5498,457,492,0,0,0
5499,457,493,0,0,0
5500,457,497,0,0,0
5501,458,499,0,0,0
5502,458,500,0,0,0
5503,458,501,0,0,0
5504,458,502,0,0,0
5505,458,503,0,0,0
5506,458,505,0,0,0
5507,458,506,0,0,0
5508,458,507,0,0,0
5509,458,508,0,0,0
5510,459,509,0,0,0
5511,459,510,0,0,0
5512,459,511,0,0,0
5513,459,512,0,0,0
5514,459,513,0,0,0
5515,459,515,0,0,0
5516,459,516,0,0,0
5517,459,517,0,0,0
5518,459,518,0,0,0
5519,459,522,0,0,0
5520,460,589,0,0,0
5521,460,590,0,0,0
5522,460,591,0,0,0
5523,460,592,0,0,0
5524,460,593,0,0,0
5525,460,594,0,0,0
5526,460,598,0,0,0
5527,460,599,0,0,0
5528,460,600,0,0,0
5529,460,601,0,0,0
5530,461,847,0,0,0
5531,461,848,0,0,0
5532,461,849,0,0,0
5533,461,850,0,0,0
5534,461,851,0,0,0
5535,461,852,0,0,0
5536,461,853,0,0,0
5537,461,854,0,0,0
5538,461,855,0,0,0
5539,462,872,0,0,0
5540,462,875,0,0,0
5541,462,876,0,0,0
5542,462,877,0,0,0
5543,462,879,0,0,0
5544,462,880,0,0,0
5545,462,881,0,0,0
5546,462,882,0,0,0
5547,462,888,0,0,0
5548,462,889,0,0,0
5549,462,890,0,0,0
5550,462,891,0,0,0
5551,462,892,0,0,0
5552,462,893,0,0,0
5553,462,894,0,0,0
5554,462,895,0,0,0
5555,462,896,0,0,0
5556,462,897,0,0,0
5557,462,900,0,0,0
5558,463,908,0,0,0
5559,463,912,0,0,0
5560,463,913,0,0,0
5561,463,914,0,0,0
5562,463,915,0,0,0
5563,463,917,0,0,0
5564,463,918,0,0,0
5565,463,919,0,0,0
5566,463,920,0,0,0
5567,463,922,0,0,0
5568,463,923,0,0,0
5569,463,924,0,0,0
5570,463,925,0,0,0
5571,463,926,0,0,0
5572,463,927,0,0,0
5573,463,928,0,0,0
5574,463,929,0,0,0
5575,463,933,0,0,0
5576,464,1563,0,0,0
5577,464,1567,0,0,0
5578,464,1568,0,0,0
5579,464,1569,0,0,0
5580,464,1570,0,0,0
5581,464,1572,0,0,0
5582,464,1573,0,0,0
5583,464,1574,0,0,0
5584,464,1575,0,0,0
5585,464,1581,0,0,0
5586,465,1583,0,0,0
5587,465,1584,0,0,0
5588,465,1585,0,0,0
5589,465,1586,0,0,0
5590,465,1587,0,0,0
5591,465,1589,0,0,0
5592,465,1590,0,0,0
5593,465,1592,0,0,0
5594,465,1593,0,0,0
5595,465,1598,0,0,0
5596,466,1600,0,0,0
5597,466,1604,0,0,0
5598,466,1605,0,0,0
5599,466,1607,0,0,0
5600,466,1608,0,0,0
5601,466,1610,0,0,0
5602,466,1611,0,0,0
5603,466,1612,0,0,0
5604,466,1616,0,0,0
5605,467,1619,0,0,0
5606,467,1621,0,0,0
5607,467,1622,0,0,0
5608,467,1623,0,0,0
5609,467,1624,0,0,0
5610,467,1626,0,0,0
5611,467,1627,0,0,0
5612,467,1628,0,0,0
5613,467,1629,0,0,0
5614,467,1634,0,0,0
5615,468,1636,0,0,0
5616,468,1638,0,0,0
5617,468,1639,0,0,0
5618,468,1640,0,0,0
5619,468,1641,0,0,0
5620,468,1643,0,0,0
5621,468,1644,0,0,0
5622,468,1645,0,0,0
5623,468,1646,0,0,0
5624,468,1649,0,0,0
5625,469,1651,0,0,0
5626,469,1652,0,0,0
5627,469,1653,0,0,0
5628,469,1654,0,0,0
5629,469,1655,0,0,0
5630,469,1657,0,0,0
5631,469,1658,0,0,0
5632,469,1659,0,0,0
5633,469,1660,0,0,0
5634,469,1663,0,0,0
5635,470,1716,0,0,0
5636,470,1717,0,0,0
5637,470,1718,0,0,0
5638,470,1719,0,0,0
5639,470,1721,0,0,0
5640,470,1722,0,0,0
5641,470,1723,0,0,0
5642,470,1724,0,0,0
5643,471,1726,0,0,0
5644,471,1727,0,0,0
5645,471,1728,0,0,0
5646,471,1729,0,0,0
5647,471,1731,0,0,0
5648,471,1732,0,0,0
5649,471,1733,0,0,0
5650,471,1735,0,0,0
5651,472,1736,0,0,0
5652,472,1737,0,0,0
5653,472,1738,0,0,0
5654,472,1740,0,0,0
5655,472,1741,0,0,0
5656,472,1742,0,0,0
5657,472,1743,0,0,0
5658,472,1748,0,0,0
5659,473,1750,0,0,0
5660,473,1751,0,0,0
5661,473,1752,0,0,0
5662,473,1753,0,0,0
5663,473,1754,0,0,0
5664,473,1755,0,0,0
5665,473,1757,0,0,0
5666,473,1758,0,0,0
5667,473,1759,0,0,0
5668,473,1762,0,0,0
5669,473,1763,0,0,0
5670,474,1766,0,0,0
5671,474,1769,0,0,0
5672,474,1770,0,0,0
5673,474,1771,0,0,0
5674,474,1772,0,0,0
5675,474,1773,0,0,0
5676,474,1775,0,0,0
5677,474,1776,0,0,0
5678,474,1777,0,0,0
5679,474,1782,0,0,0
5680,474,1783,0,0,0
5681,475,1785,0,0,0
5682,475,1786,0,0,0
5683,475,1787,0,0,0
5684,475,1788,0,0,0
5685,475,1789,0,0,0
5686,475,1791,0,0,0
5687,475,1792,0,0,0
5688,475,1793,0,0,0
5689,475,1794,0,0,0
5690,475,1798,0,0,0
5691,476,1846,0,0,0
5692,476,1847,0,0,0
5693,476,1848,0,0,0
5694,476,1849,0,0,0
5695,476,1850,0,0,0
5696,476,1852,0,0,0
5697,476,1853,0,0,0
5698,476,1854,0,0,0
5699,476,1855,0,0,0
5700,476,1859,0,0,0
5701,477,1861,0,0,0
5702,477,1862,0,0,0
5703,477,1863,0,0,0
5704,477,1864,0,0,0
5705,477,1865,0,0,0
5706,477,1867,0,0,0
5707,477,1868,0,0,0
5708,477,1869,0,0,0
5709,477,1870,0,0,0
5710,477,1874,0,0,0
5711,478,1876,0,0,0
5712,478,1877,0,0,0
5713,478,1878,0,0,0
5714,478,1879,0,0,0
5715,478,1880,0,0,0
5716,478,1882,0,0,0
5717,478,1883,0,0,0
5718,478,1884,0,0,0
5719,478,1885,0,0,0
5720,478,1890,0,0,0
5721,479,1892,0,0,0
5722,479,1893,0,0,0
5723,479,1894,0,0,0
5724,479,1895,0,0,0
5725,479,1896,0,0,0
5726,479,1898,0,0,0
5727,479,1899,0,0,0
5728,479,1900,0,0,0
5729,479,1901,0,0,0
5730,479,1905,0,0,0
5731,480,1907,0,0,0
5732,480,1908,0,0,0
5733,480,1909,0,0,0
5734,480,1910,0,0,0
5735,480,1911,0,0,0
5736,480,1913,0,0,0
5737,480,1914,0,0,0
5738,480,1916,0,0,0
5739,480,1917,0,0,0
5740,480,1922,0,0,0
5741,481,1924,0,0,0
5742,481,1927,0,0,0
5743,481,1928,0,0,0
5744,481,1929,0,0,0
5745,481,1930,0,0,0
5746,481,1932,0,0,0
5747,481,1933,0,0,0
5748,481,1934,0,0,0
5749,481,1935,0,0,0
5750,481,1936,0,0,0
5751,482,1982,0,0,0
5752,482,1984,0,0,0
5753,482,1985,0,0,0
5754,482,1986,0,0,0
5755,482,1987,0,0,0
5756,482,1989,0,0,0
5757,482,1990,0,0,0
5758,482,1991,0,0,0
5759,482,1992,0,0,0
5760,482,1993,0,0,0
5761,483,1994,0,0,0
5762,483,1997,0,0,0
5763,483,1999,0,0,0
5764,483,2000,0,0,0
5765,483,2001,0,0,0
5766,483,2003,0,0,0
5767,483,2004,0,0,0
5768,483,2005,0,0,0
5769,483,2006,0,0,0
5770,483,2007,0,0,0
5771,484,2008,0,0,0
5772,484,2010,0,0,0
5773,484,2011,0,0,0
5774,484,2012,0,0,0
5775,484,2013,0,0,0
5776,484,2015,0,0,0
5777,484,2016,0,0,0
5778,484,2017,0,0,0
5779,484,2018,0,0,0
5780,484,2019,0,0,0
