id,"create_date",analysis_id,"user"
1,"2014-01-15 11:00:03",609,NULL
2,"2014-01-15 11:00:03",614,NULL
3,"2014-01-15 11:00:03",615,NULL
4,"2014-01-15 11:00:03",616,NULL
5,"2014-01-15 11:00:03",618,NULL
6,"2014-01-15 11:00:03",619,NULL
7,"2014-01-15 11:00:03",620,NULL
8,"2014-01-15 11:00:03",621,NULL
9,"2014-01-15 11:00:03",623,NULL
10,"2014-01-15 11:00:03",624,NULL
11,"2014-01-15 11:00:03",626,NULL
12,"2014-01-15 11:00:03",628,NULL
13,"2014-01-15 11:00:03",629,NULL
14,"2014-01-15 11:00:03",630,NULL
15,"2014-01-15 11:00:03",639,NULL
16,"2014-01-15 11:00:03",640,NULL
17,"2014-01-15 11:00:03",642,NULL
18,"2014-01-15 11:00:03",643,NULL
19,"2014-01-15 11:00:03",644,NULL
20,"2014-01-15 11:00:03",645,NULL
21,"2014-01-15 11:00:03",646,NULL
22,"2014-01-15 11:00:03",647,NULL
23,"2014-01-15 11:00:03",649,NULL
24,"2014-01-15 11:00:03",650,NULL
25,"2014-01-15 11:00:03",651,NULL
26,"2014-01-15 11:00:03",652,NULL
27,"2014-01-15 11:00:03",654,NULL
28,"2014-01-15 11:00:03",656,NULL
29,"2014-01-15 11:00:03",658,NULL
30,"2014-01-15 11:00:03",674,NULL
31,"2014-01-15 11:00:04",677,NULL
32,"2014-01-15 11:00:04",678,NULL
33,"2014-01-15 11:00:04",680,NULL
34,"2014-01-15 11:00:04",681,NULL
35,"2014-01-15 11:00:04",682,NULL
36,"2014-01-15 11:00:04",684,NULL
37,"2014-01-15 11:00:04",685,NULL
38,"2014-01-15 11:00:04",687,NULL
39,"2014-01-15 11:00:04",688,NULL
40,"2014-01-15 11:00:04",689,NULL
41,"2014-01-15 11:00:04",691,NULL
42,"2014-01-15 11:00:04",692,NULL
43,"2014-01-15 11:00:04",694,NULL
44,"2014-01-15 11:00:04",707,NULL
45,"2014-01-15 11:00:04",709,NULL
46,"2014-01-15 11:00:04",710,NULL
47,"2014-01-15 11:00:04",711,NULL
48,"2014-01-15 11:00:04",713,NULL
49,"2014-01-15 11:00:04",714,NULL
50,"2014-01-15 11:00:04",716,NULL
51,"2014-01-15 11:00:04",717,NULL
52,"2014-01-15 11:00:04",718,NULL
53,"2014-01-15 11:00:04",720,NULL
54,"2014-01-15 11:00:04",721,NULL
55,"2014-01-15 11:00:04",723,NULL
56,"2014-01-15 11:00:04",724,NULL
57,"2014-01-15 11:00:04",725,NULL
58,"2014-01-15 11:00:04",727,NULL
59,"2014-01-15 11:00:04",741,NULL
60,"2014-01-15 11:00:04",743,NULL
61,"2014-01-15 11:00:04",744,NULL
62,"2014-01-15 11:00:04",745,NULL
63,"2014-01-15 11:00:04",746,NULL
64,"2014-01-15 11:00:04",747,NULL
65,"2014-01-15 11:00:04",749,NULL
66,"2014-01-15 11:00:04",750,NULL
67,"2014-01-15 11:00:04",751,NULL
68,"2014-01-15 11:00:04",752,NULL
69,"2014-01-15 11:00:04",754,NULL
70,"2014-01-15 11:00:04",755,NULL
71,"2014-01-15 11:00:04",757,NULL
72,"2014-01-15 11:00:04",759,NULL
73,"2014-01-15 11:00:04",760,NULL
74,"2014-01-15 11:00:04",1262,NULL
75,"2014-01-15 11:00:04",1263,NULL
76,"2014-01-15 11:00:04",1264,NULL
77,"2014-01-15 11:00:04",1266,NULL
78,"2014-01-15 11:00:04",1267,NULL
79,"2014-01-15 11:00:04",1268,NULL
80,"2014-01-15 11:00:04",1269,NULL
81,"2014-01-15 11:00:04",1271,NULL
82,"2014-01-15 11:00:04",1272,NULL
83,"2014-01-15 11:00:04",1273,NULL
84,"2014-01-15 11:00:04",1274,NULL
85,"2014-01-15 11:00:04",1275,NULL
86,"2014-01-15 11:00:04",1276,NULL
87,"2014-01-15 11:00:04",1277,NULL
88,"2014-01-15 11:00:04",1278,NULL
89,"2014-01-15 11:00:04",1520,NULL
90,"2014-01-15 11:00:04",1522,NULL
91,"2014-01-15 11:00:04",1523,NULL
92,"2014-01-15 11:00:04",1525,NULL
93,"2014-01-15 11:00:05",1526,NULL
94,"2014-01-15 11:00:05",1527,NULL
95,"2014-01-15 11:00:05",1528,NULL
96,"2014-01-15 11:00:05",1530,NULL
97,"2014-01-15 11:00:05",1531,NULL
98,"2014-01-15 11:00:05",1532,NULL
99,"2014-01-15 11:00:05",1533,NULL
100,"2014-01-15 11:00:05",1535,NULL
101,"2014-01-15 11:00:05",1536,NULL
102,"2014-01-15 11:00:05",1537,NULL
103,"2014-01-15 11:00:05",1538,NULL
104,"2014-01-15 11:00:05",1546,NULL
105,"2014-01-15 11:00:05",1547,NULL
106,"2014-01-15 11:00:05",1548,NULL
107,"2014-01-15 11:00:05",1549,NULL
108,"2014-01-15 11:00:05",1551,NULL
109,"2014-01-15 11:00:05",1552,NULL
110,"2014-01-15 11:00:05",1553,NULL
111,"2014-01-15 11:00:05",1554,NULL
112,"2014-01-15 11:00:05",1556,NULL
113,"2014-01-15 11:00:05",1557,NULL
114,"2014-01-15 11:00:05",1558,NULL
115,"2014-01-15 11:00:05",1559,NULL
116,"2014-01-15 11:00:05",1560,NULL
117,"2014-01-15 11:00:05",1561,NULL
118,"2014-01-15 11:00:05",1562,NULL
119,"2014-01-15 11:00:05",1563,NULL
120,"2014-01-15 11:00:05",1567,NULL
121,"2014-01-15 11:00:05",1568,NULL
122,"2014-01-15 11:00:05",1569,NULL
123,"2014-01-15 11:00:05",1570,NULL
124,"2014-01-15 11:00:05",1572,NULL
125,"2014-01-15 11:00:05",1573,NULL
126,"2014-01-15 11:00:05",1574,NULL
127,"2014-01-15 11:00:05",1575,NULL
128,"2014-01-15 11:00:05",1581,NULL
129,"2014-01-15 11:00:05",1583,NULL
130,"2014-01-15 11:00:05",1584,NULL
131,"2014-01-15 11:00:05",1585,NULL
132,"2014-01-15 11:00:05",1586,NULL
133,"2014-01-15 11:00:05",1587,NULL
134,"2014-01-15 11:00:05",1589,NULL
135,"2014-01-15 11:00:05",1590,NULL
136,"2014-01-15 11:00:05",1592,NULL
137,"2014-01-15 11:00:05",1593,NULL
138,"2014-01-15 11:00:05",1598,NULL
139,"2014-01-15 11:00:05",1600,NULL
140,"2014-01-15 11:00:05",1604,NULL
141,"2014-01-15 11:00:05",1605,NULL
142,"2014-01-15 11:00:05",1607,NULL
143,"2014-01-15 11:00:05",1608,NULL
144,"2014-01-15 11:00:05",1610,NULL
145,"2014-01-15 11:00:05",1611,NULL
146,"2014-01-15 11:00:05",1612,NULL
147,"2014-01-15 11:00:05",1616,NULL
148,"2014-01-15 11:00:05",1619,NULL
149,"2014-01-15 11:00:05",1621,NULL
150,"2014-01-15 11:00:05",1622,NULL
151,"2014-01-15 11:00:05",1623,NULL
152,"2014-01-15 11:00:05",1624,NULL
153,"2014-01-15 11:00:05",1626,NULL
154,"2014-01-15 11:00:05",1627,NULL
155,"2014-01-15 11:00:05",1628,NULL
156,"2014-01-15 11:00:05",1629,NULL
157,"2014-01-15 11:00:05",1634,NULL
158,"2014-01-15 11:00:05",1636,NULL
159,"2014-01-15 11:00:05",1638,NULL
160,"2014-01-15 11:00:05",1639,NULL
161,"2014-01-15 11:00:05",1640,NULL
162,"2014-01-15 11:00:05",1641,NULL
163,"2014-01-15 11:00:05",1643,NULL
164,"2014-01-15 11:00:05",1644,NULL
165,"2014-01-15 11:00:05",1645,NULL
166,"2014-01-15 11:00:05",1646,NULL
167,"2014-01-15 11:00:06",1649,NULL
168,"2014-01-15 11:00:06",1651,NULL
169,"2014-01-15 11:00:06",1652,NULL
170,"2014-01-15 11:00:06",1653,NULL
171,"2014-01-15 11:00:06",1654,NULL
172,"2014-01-15 11:00:06",1655,NULL
173,"2014-01-15 11:00:06",1657,NULL
174,"2014-01-15 11:00:06",1658,NULL
175,"2014-01-15 11:00:06",1659,NULL
176,"2014-01-15 11:00:06",1660,NULL
177,"2014-01-15 11:00:06",1663,NULL
178,"2014-01-15 11:00:06",1716,NULL
179,"2014-01-15 11:00:06",1717,NULL
180,"2014-01-15 11:00:06",1718,NULL
181,"2014-01-15 11:00:06",1719,NULL
182,"2014-01-15 11:00:06",1721,NULL
183,"2014-01-15 11:00:06",1722,NULL
184,"2014-01-15 11:00:06",1723,NULL
185,"2014-01-15 11:00:06",1724,NULL
186,"2014-01-15 11:00:06",1726,NULL
187,"2014-01-15 11:00:06",1727,NULL
188,"2014-01-15 11:00:06",1728,NULL
189,"2014-01-15 11:00:06",1729,NULL
190,"2014-01-15 11:00:06",1731,NULL
191,"2014-01-15 11:00:06",1732,NULL
192,"2014-01-15 11:00:06",1733,NULL
193,"2014-01-15 11:00:06",1735,NULL
194,"2014-01-15 11:00:06",1736,NULL
195,"2014-01-15 11:00:06",1737,NULL
196,"2014-01-15 11:00:06",1738,NULL
197,"2014-01-15 11:00:06",1740,NULL
198,"2014-01-15 11:00:06",1741,NULL
199,"2014-01-15 11:00:06",1742,NULL
200,"2014-01-15 11:00:06",1743,NULL
201,"2014-01-15 11:00:06",1748,NULL
202,"2014-01-15 11:00:06",1750,NULL
203,"2014-01-15 11:00:06",1751,NULL
204,"2014-01-15 11:00:06",1752,NULL
205,"2014-01-15 11:00:06",1753,NULL
206,"2014-01-15 11:00:06",1754,NULL
207,"2014-01-15 11:00:06",1755,NULL
208,"2014-01-15 11:00:06",1757,NULL
209,"2014-01-15 11:00:06",1758,NULL
210,"2014-01-15 11:00:06",1759,NULL
211,"2014-01-15 11:00:06",1762,NULL
212,"2014-01-15 11:00:06",1763,NULL
213,"2014-01-15 11:00:06",1766,NULL
214,"2014-01-15 11:00:06",1769,NULL
215,"2014-01-15 11:00:06",1770,NULL
216,"2014-01-15 11:00:06",1771,NULL
217,"2014-01-15 11:00:06",1772,NULL
218,"2014-01-15 11:00:06",1773,NULL
219,"2014-01-15 11:00:06",1775,NULL
220,"2014-01-15 11:00:06",1776,NULL
221,"2014-01-15 11:00:06",1777,NULL
222,"2014-01-15 11:00:06",1782,NULL
223,"2014-01-15 11:00:06",1783,NULL
224,"2014-01-15 11:00:06",1785,NULL
225,"2014-01-15 11:00:06",1786,NULL
226,"2014-01-15 11:00:06",1787,NULL
227,"2014-01-15 11:00:06",1788,NULL
228,"2014-01-15 11:00:06",1789,NULL
229,"2014-01-15 11:00:06",1791,NULL
230,"2014-01-15 11:00:06",1792,NULL
231,"2014-01-15 11:00:06",1793,NULL
232,"2014-01-15 11:00:06",1794,NULL
233,"2014-01-15 11:00:06",1798,NULL
234,"2014-01-15 11:00:06",1846,NULL
235,"2014-01-15 11:00:06",1847,NULL
236,"2014-01-15 11:00:06",1848,NULL
237,"2014-01-15 11:00:06",1849,NULL
238,"2014-01-15 11:00:06",1850,NULL
239,"2014-01-15 11:00:06",1852,NULL
240,"2014-01-15 11:00:06",1853,NULL
241,"2014-01-15 11:00:06",1854,NULL
242,"2014-01-15 11:00:06",1855,NULL
243,"2014-01-15 11:00:06",1859,NULL
244,"2014-01-15 11:00:06",1861,NULL
245,"2014-01-15 11:00:06",1862,NULL
246,"2014-01-15 11:00:06",1863,NULL
247,"2014-01-15 11:00:06",1864,NULL
248,"2014-01-15 11:00:06",1865,NULL
249,"2014-01-15 11:00:06",1867,NULL
250,"2014-01-15 11:00:06",1868,NULL
251,"2014-01-15 11:00:07",1869,NULL
252,"2014-01-15 11:00:07",1870,NULL
253,"2014-01-15 11:00:07",1874,NULL
254,"2014-01-15 11:00:07",1876,NULL
255,"2014-01-15 11:00:07",1877,NULL
256,"2014-01-15 11:00:07",1878,NULL
257,"2014-01-15 11:00:07",1879,NULL
258,"2014-01-15 11:00:07",1880,NULL
259,"2014-01-15 11:00:07",1882,NULL
260,"2014-01-15 11:00:07",1883,NULL
261,"2014-01-15 11:00:07",1884,NULL
262,"2014-01-15 11:00:07",1885,NULL
263,"2014-01-15 11:00:07",1890,NULL
264,"2014-01-15 11:00:07",1892,NULL
265,"2014-01-15 11:00:07",1893,NULL
266,"2014-01-15 11:00:07",1894,NULL
267,"2014-01-15 11:00:07",1895,NULL
268,"2014-01-15 11:00:07",1896,NULL
269,"2014-01-15 11:00:07",1898,NULL
270,"2014-01-15 11:00:07",1899,NULL
271,"2014-01-15 11:00:07",1900,NULL
272,"2014-01-15 11:00:07",1901,NULL
273,"2014-01-15 11:00:07",1905,NULL
274,"2014-01-15 11:00:07",1907,NULL
275,"2014-01-15 11:00:07",1908,NULL
276,"2014-01-15 11:00:07",1909,NULL
277,"2014-01-15 11:00:07",1910,NULL
278,"2014-01-15 11:00:07",1911,NULL
279,"2014-01-15 11:00:07",1913,NULL
280,"2014-01-15 11:00:07",1914,NULL
281,"2014-01-15 11:00:07",1916,NULL
282,"2014-01-15 11:00:07",1917,NULL
283,"2014-01-15 11:00:07",1922,NULL
284,"2014-01-15 11:00:07",1924,NULL
285,"2014-01-15 11:00:07",1927,NULL
286,"2014-01-15 11:00:07",1928,NULL
287,"2014-01-15 11:00:07",1929,NULL
288,"2014-01-15 11:00:07",1930,NULL
289,"2014-01-15 11:00:07",1932,NULL
290,"2014-01-15 11:00:07",1933,NULL
291,"2014-01-15 11:00:07",1934,NULL
292,"2014-01-15 11:00:07",1935,NULL
293,"2014-01-15 11:00:07",1936,NULL
294,"2014-01-15 11:00:07",1982,NULL
295,"2014-01-15 11:00:07",1984,NULL
296,"2014-01-15 11:00:07",1985,NULL
297,"2014-01-15 11:00:07",1986,NULL
298,"2014-01-15 11:00:07",1987,NULL
299,"2014-01-15 11:00:07",1989,NULL
300,"2014-01-15 11:00:07",1990,NULL
301,"2014-01-15 11:00:07",1991,NULL
302,"2014-01-15 11:00:07",1992,NULL
303,"2014-01-15 11:00:07",1993,NULL
304,"2014-01-15 11:00:07",1994,NULL
305,"2014-01-15 11:00:07",1997,NULL
306,"2014-01-15 11:00:07",1999,NULL
307,"2014-01-15 11:00:07",2000,NULL
308,"2014-01-15 11:00:07",2001,NULL
309,"2014-01-15 11:00:07",2003,NULL
310,"2014-01-15 11:00:07",2004,NULL
311,"2014-01-15 11:00:07",2005,NULL
312,"2014-01-15 11:00:07",2006,NULL
313,"2014-01-15 11:00:07",2007,NULL
314,"2014-01-15 11:00:07",2008,NULL
315,"2014-01-15 11:00:07",2010,NULL
316,"2014-01-15 11:00:07",2011,NULL
317,"2014-01-15 11:00:07",2012,NULL
318,"2014-01-15 11:00:07",2013,NULL
319,"2014-01-15 11:00:07",2015,NULL
320,"2014-01-15 11:00:07",2016,NULL
321,"2014-01-15 11:00:07",2017,NULL
322,"2014-01-15 11:00:07",2018,NULL
323,"2014-01-15 11:00:07",2019,NULL
324,"2014-01-15 11:00:07",2021,NULL
325,"2014-01-15 11:00:07",2022,NULL
326,"2014-01-15 11:00:07",2023,NULL
327,"2014-01-15 11:00:07",2024,NULL
328,"2014-01-15 11:00:07",2025,NULL
329,"2014-01-15 11:00:07",2027,NULL
330,"2014-01-15 11:00:08",2028,NULL
331,"2014-01-15 11:00:08",2029,NULL
332,"2014-01-15 11:00:08",2030,NULL
333,"2014-01-15 11:00:08",2032,NULL
334,"2014-01-15 11:00:08",2532,NULL
335,"2014-01-15 11:00:08",2535,NULL
336,"2014-01-15 11:00:08",2536,NULL
337,"2014-01-15 11:00:08",2537,NULL
338,"2014-01-15 11:00:08",2539,NULL
339,"2014-01-15 11:00:08",2540,NULL
340,"2014-01-15 11:00:08",2541,NULL
341,"2014-01-15 11:00:08",2542,NULL
342,"2014-01-15 11:00:08",2544,NULL
343,"2014-01-15 11:00:08",2545,NULL
344,"2014-01-15 11:00:08",2546,NULL
345,"2014-01-15 11:00:08",2547,NULL
346,"2014-01-15 11:00:08",2549,NULL
347,"2014-01-15 11:00:08",2557,NULL
348,"2014-01-15 11:00:08",2558,NULL
349,"2014-01-15 11:00:08",2559,NULL
350,"2014-01-15 11:00:08",2562,NULL
351,"2014-01-15 11:00:08",2563,NULL
352,"2014-01-15 11:00:08",2564,NULL
353,"2014-01-15 11:00:08",2565,NULL
354,"2014-01-15 11:00:08",2569,NULL
355,"2014-01-15 11:00:08",2570,NULL
356,"2014-01-15 11:00:08",2571,NULL
357,"2014-01-15 11:00:08",2573,NULL
358,"2014-01-15 11:00:08",2574,NULL
359,"2014-01-15 11:00:08",2575,NULL
360,"2014-01-15 11:00:08",2576,NULL
361,"2014-01-15 11:00:08",2578,NULL
362,"2014-01-15 11:00:08",2579,NULL
363,"2014-01-15 11:00:08",2581,NULL
364,"2014-01-15 11:00:08",2583,NULL
365,"2014-01-15 11:00:08",2584,NULL
366,"2014-01-15 11:00:08",2585,NULL
367,"2014-01-15 11:00:08",2586,NULL
368,"2014-01-15 11:00:08",2593,NULL
369,"2014-01-15 11:00:08",2594,NULL
370,"2014-01-15 11:00:08",2595,NULL
371,"2014-01-15 11:00:08",2596,NULL
372,"2014-01-15 11:00:08",2597,NULL
373,"2014-01-15 11:00:08",2598,NULL
374,"2014-01-15 11:00:08",2599,NULL
375,"2014-01-15 11:00:08",2600,NULL
376,"2014-01-15 11:00:08",2601,NULL
377,"2014-01-15 11:00:08",2602,NULL
378,"2014-01-15 11:00:08",2604,NULL
379,"2014-01-15 11:00:08",2605,NULL
380,"2014-01-15 11:00:08",2609,NULL
381,"2014-01-15 11:00:08",2610,NULL
382,"2014-01-15 11:00:08",2611,NULL
383,"2014-01-15 11:00:08",2615,NULL
384,"2014-01-15 11:00:08",2616,NULL
385,"2014-01-15 11:00:08",2617,NULL
386,"2014-01-15 11:00:08",2618,NULL
387,"2014-01-15 11:00:08",2620,NULL
388,"2014-01-15 11:00:08",2621,NULL
389,"2014-01-15 11:00:08",2622,NULL
390,"2014-01-15 11:00:08",2623,NULL
391,"2014-01-15 11:00:08",2625,NULL
392,"2014-01-15 11:00:08",2626,NULL
393,"2014-01-15 11:00:08",2628,NULL
394,"2014-01-15 11:00:08",2630,NULL
395,"2014-01-15 11:00:08",2631,NULL
396,"2014-01-15 11:00:08",2632,NULL
397,"2014-01-15 11:00:08",2634,NULL
398,"2014-01-15 11:00:08",2635,NULL
399,"2014-01-15 11:00:08",2730,NULL
400,"2014-01-15 11:00:08",2732,NULL
401,"2014-01-15 11:00:08",2735,NULL
402,"2014-01-15 11:00:08",2736,NULL
403,"2014-01-15 11:00:08",2738,NULL
404,"2014-01-15 11:00:08",2739,NULL
405,"2014-01-15 11:00:09",2740,NULL
406,"2014-01-15 11:00:09",2741,NULL
407,"2014-01-15 11:00:09",2742,NULL
408,"2014-01-15 11:00:09",2743,NULL
409,"2014-01-15 11:00:09",2744,NULL
410,"2014-01-15 11:00:09",2745,NULL
411,"2014-01-15 11:00:09",2746,NULL
412,"2014-01-15 11:00:09",2749,NULL
413,"2014-01-15 11:00:09",2750,NULL
414,"2014-01-15 11:00:09",2751,NULL
415,"2014-01-15 11:00:09",2752,NULL
416,"2014-01-15 11:00:09",2753,NULL
417,"2014-01-15 11:00:09",2754,NULL
418,"2014-01-15 11:00:09",2755,NULL
419,"2014-01-15 11:00:09",2756,NULL
420,"2014-01-15 11:00:09",2757,NULL
421,"2014-01-15 11:00:09",2758,NULL
422,"2014-01-15 11:00:09",2759,NULL
423,"2014-01-15 11:00:09",2760,NULL
424,"2014-01-15 11:00:09",2761,NULL
425,"2014-01-15 11:00:09",2762,NULL
426,"2014-01-15 11:00:09",2764,NULL
427,"2014-01-15 11:00:09",2765,NULL
428,"2014-01-15 11:00:09",2766,NULL
429,"2014-01-15 11:00:09",2767,NULL
430,"2014-01-15 11:00:09",2768,NULL
431,"2014-01-15 11:00:09",2769,NULL
432,"2014-01-15 11:00:09",2770,NULL
433,"2014-01-15 11:00:09",2771,NULL
434,"2014-01-15 11:00:09",2772,NULL
435,"2014-01-15 11:00:09",2773,NULL
436,"2014-01-15 11:00:09",2774,NULL
437,"2014-01-15 11:00:09",2775,NULL
438,"2014-01-15 11:00:09",2776,NULL
439,"2014-01-15 11:00:09",2777,NULL
440,"2014-01-15 11:00:09",2778,NULL
441,"2014-01-15 11:00:09",2780,NULL
442,"2014-01-15 11:00:09",2781,NULL
443,"2014-01-15 11:00:09",2782,NULL
444,"2014-01-15 11:00:09",2783,NULL
445,"2014-01-15 11:00:09",2784,NULL
446,"2014-01-15 11:00:09",2785,NULL
447,"2014-01-15 11:00:09",2786,NULL
448,"2014-01-15 11:00:09",2787,NULL
449,"2014-01-15 11:00:09",2788,NULL
450,"2014-01-15 11:00:09",2789,NULL
451,"2014-01-15 11:00:09",2790,NULL
452,"2014-01-15 11:00:09",2791,NULL
453,"2014-01-15 11:00:09",2792,NULL
454,"2014-01-15 11:00:09",2793,NULL
455,"2014-01-15 11:00:09",2794,NULL
456,"2014-01-15 11:00:09",2795,NULL
457,"2014-01-15 11:00:09",2796,NULL
458,"2014-01-15 11:00:09",2797,NULL
459,"2014-01-15 11:00:09",2798,NULL
460,"2014-01-15 11:00:09",2800,NULL
461,"2014-01-15 11:00:09",2801,NULL
462,"2014-01-15 11:00:09",2802,NULL
463,"2014-01-15 11:00:09",2803,NULL
464,"2014-01-15 11:00:09",2804,NULL
465,"2014-01-15 11:00:09",2805,NULL
466,"2014-01-15 11:00:09",2806,NULL
467,"2014-01-15 11:00:09",2807,NULL
468,"2014-01-15 11:00:09",2808,NULL
469,"2014-01-15 11:00:09",2809,NULL
470,"2014-01-15 11:00:09",2810,NULL
471,"2014-01-15 11:00:09",2811,NULL
472,"2014-01-15 11:00:09",2812,NULL
473,"2014-01-15 11:00:10",2099,NULL
474,"2014-01-15 11:00:10",2102,NULL
475,"2014-01-15 11:00:10",2103,NULL
476,"2014-01-15 11:00:10",2104,NULL
477,"2014-01-15 11:00:10",2106,NULL
478,"2014-01-15 11:00:10",2107,NULL
479,"2014-01-15 11:00:10",2108,NULL
480,"2014-01-15 11:00:10",2109,NULL
481,"2014-01-15 11:00:10",2111,NULL
482,"2014-01-15 11:00:10",2112,NULL
483,"2014-01-15 11:00:10",2113,NULL
484,"2014-01-15 11:00:10",2114,NULL
485,"2014-01-15 11:00:10",2115,NULL
486,"2014-01-15 11:00:10",2116,NULL
487,"2014-01-15 11:00:10",2118,NULL
488,"2014-01-15 11:00:10",2119,NULL
489,"2014-01-15 11:00:10",2120,NULL
490,"2014-01-15 11:00:10",2121,NULL
491,"2014-01-15 11:00:10",2123,NULL
492,"2014-01-15 11:00:10",2124,NULL
493,"2014-01-15 11:00:10",2125,NULL
494,"2014-01-15 11:00:10",2126,NULL
495,"2014-01-15 11:00:10",2127,NULL
496,"2014-01-15 11:00:10",2128,NULL
497,"2014-01-15 11:00:10",2130,NULL
498,"2014-01-15 11:00:10",2131,NULL
499,"2014-01-15 11:00:10",2132,NULL
500,"2014-01-15 11:00:10",2133,NULL
501,"2014-01-15 11:00:10",2135,NULL
502,"2014-01-15 11:00:10",2136,NULL
503,"2014-01-15 11:00:10",2137,NULL
504,"2014-01-15 11:00:10",2138,NULL
505,"2014-01-15 11:00:10",2139,NULL
506,"2014-01-15 11:00:10",2140,NULL
507,"2014-01-15 11:00:10",2142,NULL
508,"2014-01-15 11:00:10",2143,NULL
509,"2014-01-15 11:00:10",2144,NULL
510,"2014-01-15 11:00:10",2145,NULL
511,"2014-01-15 11:00:10",2147,NULL
512,"2014-01-15 11:00:10",2148,NULL
513,"2014-01-15 11:00:10",2149,NULL
514,"2014-01-15 11:00:10",2150,NULL
515,"2014-01-15 11:00:10",2151,NULL
516,"2014-01-15 11:00:10",2152,NULL
517,"2014-01-15 11:00:10",2154,NULL
518,"2014-01-15 11:00:10",2155,NULL
519,"2014-01-15 11:00:11",2156,NULL
520,"2014-01-15 11:00:11",2157,NULL
521,"2014-01-15 11:00:11",2159,NULL
522,"2014-01-15 11:00:11",2160,NULL
523,"2014-01-15 11:00:11",2161,NULL
524,"2014-01-15 11:00:11",2162,NULL
525,"2014-01-15 11:00:11",2163,NULL
526,"2014-01-15 11:00:11",2164,NULL
527,"2014-01-15 11:00:11",2166,NULL
528,"2014-01-15 11:00:11",2167,NULL
529,"2014-01-15 11:00:11",2168,NULL
530,"2014-01-15 11:00:11",2169,NULL
531,"2014-01-15 11:00:11",2171,NULL
532,"2014-01-15 11:00:11",2172,NULL
533,"2014-01-15 11:00:11",2222,NULL
534,"2014-01-15 11:00:11",2223,NULL
535,"2014-01-15 11:00:11",2224,NULL
536,"2014-01-15 11:00:11",2225,NULL
537,"2014-01-15 11:00:11",2227,NULL
538,"2014-01-15 11:00:11",2228,NULL
539,"2014-01-15 11:00:11",2229,NULL
540,"2014-01-15 11:00:11",2230,NULL
541,"2014-01-15 11:00:11",2232,NULL
542,"2014-01-15 11:00:11",2233,NULL
543,"2014-01-15 11:00:11",2234,NULL
544,"2014-01-15 11:00:11",2235,NULL
545,"2014-01-15 11:00:11",2236,NULL
546,"2014-01-15 11:00:11",2237,NULL
547,"2014-01-15 11:00:11",2239,NULL
548,"2014-01-15 11:00:11",2240,NULL
549,"2014-01-15 11:00:11",2241,NULL
550,"2014-01-15 11:00:11",2242,NULL
551,"2014-01-15 11:00:11",2244,NULL
552,"2014-01-15 11:00:11",2245,NULL
553,"2014-01-15 11:00:11",2246,NULL
554,"2014-01-15 11:00:11",2247,NULL
555,"2014-01-15 11:00:11",2248,NULL
556,"2014-01-15 11:00:11",2249,NULL
557,"2014-01-15 11:00:11",2251,NULL
558,"2014-01-15 11:00:11",2252,NULL
559,"2014-01-15 11:00:11",2253,NULL
560,"2014-01-15 11:00:11",2254,NULL
561,"2014-01-15 11:00:11",2255,NULL
562,"2014-01-15 11:00:11",2257,NULL
563,"2014-01-15 11:00:11",2258,NULL
564,"2014-01-15 11:00:11",2259,NULL
565,"2014-01-15 11:00:11",2260,NULL
566,"2014-01-15 11:00:11",2261,NULL
567,"2014-01-15 11:00:11",2263,NULL
568,"2014-01-15 11:00:11",2264,NULL
569,"2014-01-15 11:00:11",2265,NULL
570,"2014-01-15 11:00:11",2266,NULL
571,"2014-01-15 11:00:11",2267,NULL
572,"2014-01-15 11:00:11",2269,NULL
573,"2014-01-15 11:00:11",2270,NULL
574,"2014-01-15 11:00:11",2271,NULL
575,"2014-01-15 11:00:11",2272,NULL
576,"2014-01-15 11:00:11",2273,NULL
577,"2014-01-15 11:00:11",2275,NULL
578,"2014-01-15 11:00:11",2276,NULL
579,"2014-01-15 11:00:11",2277,NULL
580,"2014-01-15 11:00:11",2278,NULL
581,"2014-01-15 11:00:11",2279,NULL
582,"2014-01-15 11:00:11",2280,NULL
583,"2014-01-15 11:00:11",2339,NULL
584,"2014-01-15 11:00:11",2344,NULL
585,"2014-01-15 11:00:11",2345,NULL
586,"2014-01-15 11:00:11",2346,NULL
587,"2014-01-15 11:00:11",2348,NULL
588,"2014-01-15 11:00:12",2349,NULL
589,"2014-01-15 11:00:12",2350,NULL
590,"2014-01-15 11:00:12",2351,NULL
591,"2014-01-15 11:00:12",2353,NULL
592,"2014-01-15 11:00:12",2361,NULL
593,"2014-01-15 11:00:12",2362,NULL
594,"2014-01-15 11:00:12",2363,NULL
595,"2014-01-15 11:00:12",2364,NULL
596,"2014-01-15 11:00:12",2366,NULL
597,"2014-01-15 11:00:12",2367,NULL
598,"2014-01-15 11:00:12",2368,NULL
599,"2014-01-15 11:00:12",2370,NULL
600,"2014-01-15 11:00:12",2371,NULL
601,"2014-01-15 11:00:12",2380,NULL
602,"2014-01-15 11:00:12",2381,NULL
603,"2014-01-15 11:00:12",2382,NULL
604,"2014-01-15 11:00:12",2383,NULL
605,"2014-01-15 11:00:12",2385,NULL
606,"2014-01-15 11:00:12",2386,NULL
607,"2014-01-15 11:00:12",2387,NULL
608,"2014-01-15 11:00:12",2388,NULL
609,"2014-01-15 11:00:12",2390,NULL
610,"2014-01-15 11:00:12",2398,NULL
611,"2014-01-15 11:00:12",2399,NULL
612,"2014-01-15 11:00:12",2400,NULL
613,"2014-01-15 11:00:12",2401,NULL
614,"2014-01-15 11:00:12",2403,NULL
615,"2014-01-15 11:00:12",2404,NULL
616,"2014-01-15 11:00:12",2405,NULL
617,"2014-01-15 11:00:12",2407,NULL
618,"2014-01-15 11:00:12",2408,NULL
619,"2014-01-15 11:00:12",2417,NULL
620,"2014-01-15 11:00:12",2418,NULL
621,"2014-01-15 11:00:12",2419,NULL
622,"2014-01-15 11:00:12",2420,NULL
623,"2014-01-15 11:00:12",2422,NULL
624,"2014-01-15 11:00:12",2423,NULL
625,"2014-01-15 11:00:12",2424,NULL
626,"2014-01-15 11:00:12",2426,NULL
627,"2014-01-15 11:00:12",2427,NULL
628,"2014-01-15 11:00:12",2443,NULL
629,"2014-01-15 11:00:12",2445,NULL
630,"2014-01-15 11:00:12",2446,NULL
631,"2014-01-15 11:00:12",2447,NULL
632,"2014-01-15 11:00:12",2449,NULL
633,"2014-01-15 11:00:12",2450,NULL
634,"2014-01-15 11:00:12",2451,NULL
635,"2014-01-15 11:00:12",2452,NULL
636,"2014-01-15 11:00:12",2454,NULL
637,"2014-01-15 11:00:12",2463,NULL
638,"2014-01-15 11:00:12",2464,NULL
639,"2014-01-15 11:00:12",2465,NULL
640,"2014-01-15 11:00:12",2466,NULL
641,"2014-01-15 11:00:12",2468,NULL
642,"2014-01-15 11:00:12",2469,NULL
643,"2014-01-15 11:00:12",2470,NULL
644,"2014-01-15 11:00:12",2471,NULL
645,"2014-01-15 11:00:12",2473,NULL
646,"2014-01-15 11:00:12",2481,NULL
647,"2014-01-15 11:00:12",2482,NULL
648,"2014-01-15 11:00:12",2483,NULL
649,"2014-01-15 11:00:12",2484,NULL
650,"2014-01-15 11:00:12",2486,NULL
651,"2014-01-15 11:00:12",2487,NULL
652,"2014-01-15 11:00:12",2488,NULL
653,"2014-01-15 11:00:12",2490,NULL
654,"2014-01-15 11:00:12",2491,NULL
655,"2014-01-15 11:00:12",2500,NULL
656,"2014-01-15 11:00:12",2501,NULL
657,"2014-01-15 11:00:12",2502,NULL
658,"2014-01-15 11:00:12",2503,NULL
659,"2014-01-15 11:00:12",2505,NULL
660,"2014-01-15 11:00:12",2506,NULL
661,"2014-01-15 11:00:12",2507,NULL
662,"2014-01-15 11:00:12",2508,NULL
663,"2014-01-15 11:00:12",2510,NULL
664,"2014-01-15 11:00:12",2518,NULL
665,"2014-01-15 11:00:12",2519,NULL
666,"2014-01-15 11:00:12",2520,NULL
667,"2014-01-15 11:00:12",2521,NULL
668,"2014-01-15 11:00:12",2523,NULL
669,"2014-01-15 11:00:12",2524,NULL
670,"2014-01-15 11:00:13",2525,NULL
671,"2014-01-15 11:00:13",2526,NULL
672,"2014-01-15 11:00:13",2527,NULL
673,"2014-01-15 11:00:13",3378,NULL
674,"2014-01-15 11:00:13",3382,NULL
675,"2014-01-15 11:00:13",3383,NULL
676,"2014-01-15 11:00:13",3384,NULL
677,"2014-01-15 11:00:13",3386,NULL
678,"2014-01-15 11:00:13",3388,NULL
679,"2014-01-15 11:00:13",3389,NULL
680,"2014-01-15 11:00:13",3395,NULL
681,"2014-01-15 11:00:13",3396,NULL
682,"2014-01-15 11:00:13",3397,NULL
683,"2014-01-15 11:00:13",3417,NULL
684,"2014-01-15 11:00:13",3418,NULL
685,"2014-01-15 11:00:13",3419,NULL
686,"2014-01-15 11:00:13",3420,NULL
687,"2014-01-15 11:00:13",3422,NULL
688,"2014-01-15 11:00:13",3424,NULL
689,"2014-01-15 11:00:13",3425,NULL
690,"2014-01-15 11:00:13",3427,NULL
691,"2014-01-15 11:00:13",3428,NULL
692,"2014-01-15 11:00:13",3429,NULL
693,"2014-01-15 11:00:13",3446,NULL
694,"2014-01-15 11:00:13",3447,NULL
695,"2014-01-15 11:00:13",3448,NULL
696,"2014-01-15 11:00:13",3449,NULL
697,"2014-01-15 11:00:13",3451,NULL
698,"2014-01-15 11:00:13",3452,NULL
699,"2014-01-15 11:00:13",3454,NULL
700,"2014-01-15 11:00:13",3456,NULL
701,"2014-01-15 11:00:13",3457,NULL
702,"2014-01-15 11:00:13",3458,NULL
703,"2014-01-15 11:00:13",3475,NULL
704,"2014-01-15 11:00:13",3476,NULL
705,"2014-01-15 11:00:13",3477,NULL
706,"2014-01-15 11:00:13",3478,NULL
707,"2014-01-15 11:00:13",3480,NULL
708,"2014-01-15 11:00:13",3482,NULL
709,"2014-01-15 11:00:13",3483,NULL
710,"2014-01-15 11:00:13",3485,NULL
711,"2014-01-15 11:00:13",3487,NULL
712,"2014-01-15 11:00:13",3488,NULL
713,"2014-01-15 11:00:13",3503,NULL
714,"2014-01-15 11:00:13",3504,NULL
715,"2014-01-15 11:00:13",3505,NULL
716,"2014-01-15 11:00:13",3506,NULL
717,"2014-01-15 11:00:13",3508,NULL
718,"2014-01-15 11:00:13",3510,NULL
719,"2014-01-15 11:00:13",3511,NULL
720,"2014-01-15 11:00:13",3514,NULL
721,"2014-01-15 11:00:13",3515,NULL
722,"2014-01-15 11:00:13",3516,NULL
723,"2014-01-15 11:00:13",3530,NULL
724,"2014-01-15 11:00:13",3531,NULL
725,"2014-01-15 11:00:13",3532,NULL
726,"2014-01-15 11:00:13",3533,NULL
727,"2014-01-15 11:00:13",3535,NULL
728,"2014-01-15 11:00:13",3536,NULL
729,"2014-01-15 11:00:13",3538,NULL
730,"2014-01-15 11:00:13",3540,NULL
731,"2014-01-15 11:00:13",3541,NULL
732,"2014-01-15 11:00:13",3542,NULL
733,"2014-01-15 11:00:13",3606,NULL
734,"2014-01-15 11:00:13",3607,NULL
735,"2014-01-15 11:00:13",3608,NULL
736,"2014-01-15 11:00:13",3609,NULL
737,"2014-01-15 11:00:13",3611,NULL
738,"2014-01-15 11:00:13",3613,NULL
739,"2014-01-15 11:00:13",3614,NULL
740,"2014-01-15 11:00:13",3616,NULL
741,"2014-01-15 11:00:13",3617,NULL
742,"2014-01-15 11:00:14",3618,NULL
743,"2014-01-15 11:00:14",3644,NULL
744,"2014-01-15 11:00:14",3645,NULL
745,"2014-01-15 11:00:14",3646,NULL
746,"2014-01-15 11:00:14",3647,NULL
747,"2014-01-15 11:00:14",3649,NULL
748,"2014-01-15 11:00:14",3650,NULL
749,"2014-01-15 11:00:14",3656,NULL
750,"2014-01-15 11:00:14",3657,NULL
751,"2014-01-15 11:00:14",3658,NULL
752,"2014-01-15 11:00:14",3659,NULL
753,"2014-01-15 11:00:14",3660,NULL
754,"2014-01-15 11:00:14",3661,NULL
755,"2014-01-15 11:00:14",3662,NULL
756,"2014-01-15 11:00:14",3663,NULL
757,"2014-01-15 11:00:14",3664,NULL
758,"2014-01-15 11:00:14",3665,NULL
759,"2014-01-15 11:00:14",3666,NULL
760,"2014-01-15 11:00:14",3667,NULL
761,"2014-01-15 11:00:14",3668,NULL
762,"2014-01-15 11:00:14",3669,NULL
763,"2014-01-15 11:00:14",3670,NULL
764,"2014-01-15 11:00:14",3671,NULL
765,"2014-01-15 11:00:14",3672,NULL
766,"2014-01-15 11:00:14",3674,NULL
767,"2014-01-15 11:00:14",3676,NULL
768,"2014-01-15 11:00:14",3677,NULL
769,"2014-01-15 11:00:14",3679,NULL
770,"2014-01-15 11:00:14",3680,NULL
771,"2014-01-15 11:00:14",3681,NULL
772,"2014-01-15 11:00:14",3682,NULL
773,"2014-01-15 11:00:14",3683,NULL
774,"2014-01-15 11:00:14",3684,NULL
775,"2014-01-15 11:00:14",3685,NULL
776,"2014-01-15 11:00:14",3686,NULL
777,"2014-01-15 11:00:14",3687,NULL
778,"2014-01-15 11:00:14",3688,NULL
779,"2014-01-15 11:00:14",3689,NULL
780,"2014-01-15 11:00:14",3690,NULL
781,"2014-01-15 11:00:14",3691,NULL
782,"2014-01-15 11:00:14",3692,NULL
783,"2014-01-15 11:00:14",3693,NULL
784,"2014-01-15 11:00:14",3694,NULL
785,"2014-01-15 11:00:14",3695,NULL
786,"2014-01-15 11:00:14",3698,NULL
787,"2014-01-15 11:00:14",3699,NULL
788,"2014-01-15 11:00:14",3700,NULL
789,"2014-01-15 11:00:14",3746,NULL
790,"2014-01-15 11:00:14",3747,NULL
791,"2014-01-15 11:00:14",3749,NULL
792,"2014-01-15 11:00:14",3750,NULL
793,"2014-01-15 11:00:14",3751,NULL
794,"2014-01-15 11:00:14",3752,NULL
795,"2014-01-15 11:00:14",3753,NULL
796,"2014-01-15 11:00:14",3754,NULL
797,"2014-01-15 11:00:14",3755,NULL
798,"2014-01-15 11:00:14",3756,NULL
799,"2014-01-15 11:00:14",3348,NULL
800,"2014-01-15 11:00:14",3349,NULL
801,"2014-01-15 11:00:14",3350,NULL
802,"2014-01-15 11:00:14",3352,NULL
803,"2014-01-15 11:00:14",3354,NULL
804,"2014-01-15 11:00:14",3355,NULL
805,"2014-01-15 11:00:14",3357,NULL
806,"2014-01-15 11:00:14",3361,NULL
807,"2014-01-15 11:00:14",3362,NULL
808,"2014-01-15 11:00:14",3302,NULL
809,"2014-01-15 11:00:14",3305,NULL
810,"2014-01-15 11:00:14",3306,NULL
811,"2014-01-15 11:00:14",3307,NULL
812,"2014-01-15 11:00:14",3308,NULL
813,"2014-01-15 11:00:14",3310,NULL
814,"2014-01-15 11:00:14",3317,NULL
815,"2014-01-15 11:00:14",3318,NULL
816,"2014-01-15 11:00:14",3320,NULL
817,"2014-01-15 11:00:14",3335,NULL
818,"2014-01-15 11:00:14",3336,NULL
819,"2014-01-15 11:00:14",3337,NULL
820,"2014-01-15 11:00:15",3339,NULL
821,"2014-01-15 11:00:15",3341,NULL
822,"2014-01-15 11:00:15",3342,NULL
823,"2014-01-15 11:00:15",3344,NULL
824,"2014-01-15 11:00:15",3346,NULL
825,"2014-01-15 11:00:15",3347,NULL
826,"2014-01-15 11:00:15",3363,NULL
827,"2014-01-15 11:00:15",3364,NULL
828,"2014-01-15 11:00:15",3365,NULL
829,"2014-01-15 11:00:15",3367,NULL
830,"2014-01-15 11:00:15",3369,NULL
831,"2014-01-15 11:00:15",3370,NULL
832,"2014-01-15 11:00:15",3372,NULL
833,"2014-01-15 11:00:15",3376,NULL
834,"2014-01-15 11:00:15",3377,NULL
835,"2014-01-15 11:00:15",3757,NULL
836,"2014-01-15 11:00:15",3759,NULL
837,"2014-01-15 11:00:15",3760,NULL
838,"2014-01-15 11:00:15",3761,NULL
839,"2014-01-15 11:00:15",3763,NULL
840,"2014-01-15 11:00:15",3765,NULL
841,"2014-01-15 11:00:15",3766,NULL
842,"2014-01-15 11:00:15",3767,NULL
843,"2014-01-15 11:00:15",3768,NULL
844,"2014-01-15 11:00:15",3769,NULL
845,"2014-01-15 11:00:15",3770,NULL
846,"2014-01-15 11:00:15",3771,NULL
847,"2014-01-15 11:00:15",3772,NULL
848,"2014-01-15 11:00:15",3773,NULL
849,"2014-01-15 11:00:15",3775,NULL
850,"2014-01-15 11:00:15",3777,NULL
851,"2014-01-15 11:00:15",3778,NULL
852,"2014-01-15 11:00:15",3779,NULL
853,"2014-01-15 11:00:15",3780,NULL
854,"2014-01-15 11:00:15",3781,NULL
855,"2014-01-15 11:00:15",3792,NULL
856,"2014-01-15 11:00:15",3794,NULL
857,"2014-01-15 11:00:15",3795,NULL
858,"2014-01-15 11:00:15",3796,NULL
859,"2014-01-15 11:00:15",3797,NULL
860,"2014-01-15 11:00:15",3798,NULL
861,"2014-01-15 11:00:15",3799,NULL
862,"2014-01-15 11:00:15",3800,NULL
863,"2014-01-15 11:00:15",3801,NULL
864,"2014-01-15 11:00:15",3802,NULL
865,"2014-01-15 11:00:15",3849,NULL
866,"2014-01-15 11:00:15",3853,NULL
867,"2014-01-15 11:00:15",3854,NULL
868,"2014-01-15 11:00:15",3855,NULL
869,"2014-01-15 11:00:15",3856,NULL
870,"2014-01-15 11:00:15",3858,NULL
871,"2014-01-15 11:00:15",3859,NULL
872,"2014-01-15 11:00:15",3865,NULL
873,"2014-01-15 11:00:15",3867,NULL
874,"2014-01-15 11:00:15",3868,NULL
875,"2014-01-15 11:00:15",3869,NULL
876,"2014-01-15 11:00:15",3870,NULL
877,"2014-01-15 11:00:16",3871,NULL
878,"2014-01-15 11:00:16",3872,NULL
879,"2014-01-15 11:00:16",3873,NULL
880,"2014-01-15 11:00:16",3875,NULL
881,"2014-01-15 11:00:16",3878,NULL
882,"2014-01-15 11:00:16",3880,NULL
883,"2014-01-15 11:00:16",3882,NULL
884,"2014-01-15 11:00:16",3884,NULL
885,"2014-01-15 11:00:16",3887,NULL
886,"2014-01-15 11:00:16",3888,NULL
887,"2014-01-15 11:00:16",3889,NULL
888,"2014-01-15 11:00:16",3890,NULL
889,"2014-01-15 11:00:16",3891,NULL
890,"2014-01-15 11:00:16",3892,NULL
891,"2014-01-15 11:00:16",3893,NULL
892,"2014-01-15 11:00:16",3895,NULL
893,"2014-01-15 11:00:16",3898,NULL
894,"2014-01-15 11:00:16",3899,NULL
895,"2014-01-15 11:00:16",3900,NULL
896,"2014-01-15 11:00:16",3902,NULL
897,"2014-01-15 11:00:16",3903,NULL
898,"2014-01-15 11:00:16",3904,NULL
899,"2014-01-15 11:00:16",3905,NULL
900,"2014-01-15 11:00:16",3906,NULL
901,"2014-01-15 11:00:16",3907,NULL
902,"2014-01-15 11:00:16",3908,NULL
903,"2014-01-15 11:00:16",3909,NULL
904,"2014-01-15 11:00:16",3911,NULL
905,"2014-01-15 11:00:16",3913,NULL
906,"2014-01-15 11:00:16",3914,NULL
907,"2014-01-15 11:00:16",3915,NULL
908,"2014-01-15 11:00:16",3916,NULL
909,"2014-01-15 11:00:16",3917,NULL
910,"2014-01-15 11:00:16",3918,NULL
911,"2014-01-15 11:00:16",3919,NULL
912,"2014-01-15 11:00:16",3920,NULL
913,"2014-01-15 11:00:16",3921,NULL
914,"2014-01-15 11:00:16",3922,NULL
915,"2014-01-15 11:00:16",3923,NULL
916,"2014-01-15 11:00:16",3926,NULL
917,"2014-01-15 11:00:16",3927,NULL
918,"2014-01-15 11:00:16",3928,NULL
919,"2014-01-15 11:00:16",3929,NULL
920,"2014-01-15 11:00:16",3930,NULL
921,"2014-01-15 11:00:16",3931,NULL
922,"2014-01-15 11:00:16",3932,NULL
923,"2014-01-15 11:00:16",3933,NULL
924,"2014-01-15 11:00:16",3934,NULL
925,"2014-01-15 11:00:16",3935,NULL
926,"2014-01-15 11:00:16",3936,NULL
927,"2014-01-15 11:00:16",3937,NULL
928,"2014-01-15 11:00:16",3939,NULL
929,"2014-01-15 11:00:16",3940,NULL
930,"2014-01-15 11:00:16",3941,NULL
931,"2014-01-15 11:00:16",3942,NULL
932,"2014-01-15 11:00:16",3943,NULL
933,"2014-01-15 11:00:16",3992,NULL
934,"2014-01-15 11:00:16",3993,NULL
935,"2014-01-15 11:00:16",3994,NULL
936,"2014-01-15 11:00:16",3995,NULL
937,"2014-01-15 11:00:16",3996,NULL
938,"2014-01-15 11:00:16",3997,NULL
939,"2014-01-15 11:00:16",3999,NULL
940,"2014-01-15 11:00:16",4001,NULL
941,"2014-01-15 11:00:16",4002,NULL
942,"2014-01-15 11:00:16",4004,NULL
943,"2014-01-15 11:00:16",4005,NULL
944,"2014-01-15 11:00:16",4022,NULL
945,"2014-01-15 11:00:16",4024,NULL
946,"2014-01-15 11:00:16",4025,NULL
947,"2014-01-15 11:00:16",4026,NULL
948,"2014-01-15 11:00:16",4027,NULL
949,"2014-01-15 11:00:16",4028,NULL
950,"2014-01-15 11:00:16",4029,NULL
951,"2014-01-15 11:00:16",4036,NULL
952,"2014-01-15 11:00:16",4037,NULL
953,"2014-01-15 11:00:16",4038,NULL
954,"2014-01-15 11:00:16",4039,NULL
955,"2014-01-15 11:00:17",4040,NULL
956,"2014-01-15 11:00:17",4041,NULL
957,"2014-01-15 11:00:17",4042,NULL
958,"2014-01-15 11:00:17",4043,NULL
959,"2014-01-15 11:00:17",4044,NULL
960,"2014-01-15 11:00:17",4045,NULL
961,"2014-01-15 11:00:17",4047,NULL
962,"2014-01-15 11:00:17",4048,NULL
963,"2014-01-15 11:00:17",4053,NULL
964,"2014-01-15 11:00:17",4055,NULL
965,"2014-01-15 11:00:17",4056,NULL
966,"2014-01-15 11:00:17",4057,NULL
967,"2014-01-15 11:00:17",4058,NULL
968,"2014-01-15 11:00:17",4059,NULL
969,"2014-01-15 11:00:17",4060,NULL
970,"2014-01-15 11:00:17",4061,NULL
971,"2014-01-15 11:00:17",4063,NULL
972,"2014-01-15 11:00:17",4064,NULL
973,"2014-01-15 11:00:17",4070,NULL
974,"2014-01-15 11:00:17",4072,NULL
975,"2014-01-15 11:00:17",4074,NULL
976,"2014-01-15 11:00:17",4076,NULL
977,"2014-01-15 11:00:17",4077,NULL
978,"2014-01-15 11:00:17",4078,NULL
979,"2014-01-15 11:00:17",4079,NULL
980,"2014-01-15 11:00:17",4080,NULL
981,"2014-01-15 11:00:17",4082,NULL
982,"2014-01-15 11:00:17",4083,NULL
983,"2014-01-15 11:00:17",4086,NULL
984,"2014-01-15 11:00:17",4087,NULL
985,"2014-01-15 11:00:17",4088,NULL
986,"2014-01-15 11:00:17",4089,NULL
987,"2014-01-15 11:00:17",4090,NULL
988,"2014-01-15 11:00:17",4091,NULL
989,"2014-01-15 11:00:17",4092,NULL
990,"2014-01-15 11:00:17",4093,NULL
991,"2014-01-15 11:00:17",4095,NULL
992,"2014-01-15 11:00:17",4096,NULL
993,"2014-01-15 11:00:17",4097,NULL
994,"2014-01-15 11:00:17",4098,NULL
995,"2014-01-15 11:00:17",4099,NULL
996,"2014-01-15 11:00:17",4145,NULL
997,"2014-01-15 11:00:17",4148,NULL
998,"2014-01-15 11:00:17",4149,NULL
999,"2014-01-15 11:00:17",4150,NULL
1000,"2014-01-15 11:00:17",4151,NULL
1001,"2014-01-15 11:00:17",4152,NULL
1002,"2014-01-15 11:00:17",4153,NULL
1003,"2014-01-15 11:00:17",4159,NULL
1004,"2014-01-15 11:00:17",4160,NULL
1005,"2014-01-15 11:00:17",4161,NULL
1006,"2014-01-15 11:00:17",4162,NULL
1007,"2014-01-15 11:00:17",4163,NULL
1008,"2014-01-15 11:00:17",4164,NULL
1009,"2014-01-15 11:00:17",4165,NULL
1010,"2014-01-15 11:00:17",4166,NULL
1011,"2014-01-15 11:00:17",4167,NULL
1012,"2014-01-15 11:00:17",4168,NULL
1013,"2014-01-15 11:00:17",4169,NULL
1014,"2014-01-15 11:00:17",4170,NULL
1015,"2014-01-15 11:00:17",4172,NULL
1016,"2014-01-15 11:00:17",4173,NULL
1017,"2014-01-15 11:00:17",4174,NULL
1018,"2014-01-15 11:00:17",4175,NULL
1019,"2014-01-15 11:00:17",4176,NULL
1020,"2014-01-15 11:00:17",4177,NULL
1021,"2014-01-15 11:00:17",4178,NULL
1022,"2014-01-15 11:00:17",4179,NULL
1023,"2014-01-15 11:00:17",4180,NULL
1024,"2014-01-15 11:00:17",4181,NULL
1025,"2014-01-15 11:00:17",4182,NULL
1026,"2014-01-15 11:00:17",4183,NULL
1027,"2014-01-15 11:00:17",4185,NULL
1028,"2014-01-15 11:00:17",4186,NULL
1029,"2014-01-15 11:00:17",4187,NULL
1030,"2014-01-15 11:00:17",4188,NULL
1031,"2014-01-15 11:00:17",4189,NULL
1032,"2014-01-15 11:00:17",4190,NULL
1033,"2014-01-15 11:00:17",4191,NULL
1034,"2014-01-15 11:00:17",4192,NULL
1035,"2014-01-15 11:00:17",4193,NULL
1036,"2014-01-15 11:00:17",4194,NULL
1037,"2014-01-15 11:00:17",4270,NULL
1038,"2014-01-15 11:00:17",4271,NULL
1039,"2014-01-15 11:00:17",4272,NULL
1040,"2014-01-15 11:00:17",4273,NULL
1041,"2014-01-15 11:00:18",4274,NULL
1042,"2014-01-15 11:00:18",4276,NULL
1043,"2014-01-15 11:00:18",4277,NULL
1044,"2014-01-15 11:00:18",4280,NULL
1045,"2014-01-15 11:00:18",4281,NULL
1046,"2014-01-15 11:00:18",4282,NULL
1047,"2014-01-15 11:00:18",4283,NULL
1048,"2014-01-15 11:00:18",4284,NULL
1049,"2014-01-15 11:00:18",4285,NULL
1050,"2014-01-15 11:00:18",4286,NULL
1051,"2014-01-15 11:00:18",4287,NULL
1052,"2014-01-15 11:00:18",4289,NULL
1053,"2014-01-15 11:00:18",4290,NULL
1054,"2014-01-15 11:00:18",4292,NULL
1055,"2014-01-15 11:00:18",4293,NULL
1056,"2014-01-15 11:00:18",4294,NULL
1057,"2014-01-15 11:00:18",4295,NULL
1058,"2014-01-15 11:00:18",4296,NULL
1059,"2014-01-15 11:00:18",4297,NULL
1060,"2014-01-15 11:00:18",4298,NULL
1061,"2014-01-15 11:00:18",4299,NULL
1062,"2014-01-15 11:00:18",4301,NULL
1063,"2014-01-15 11:00:18",4302,NULL
1064,"2014-01-15 11:00:18",4304,NULL
1065,"2014-01-15 11:00:18",4305,NULL
1066,"2014-01-15 11:00:18",4306,NULL
1067,"2014-01-15 11:00:18",4307,NULL
1068,"2014-01-15 11:00:18",4308,NULL
1069,"2014-01-15 11:00:18",4309,NULL
1070,"2014-01-15 11:00:18",4310,NULL
1071,"2014-01-15 11:00:18",4311,NULL
1072,"2014-01-15 11:00:18",4313,NULL
1073,"2014-01-15 11:00:18",4314,NULL
1074,"2014-01-15 11:00:18",4315,NULL
1075,"2014-01-15 11:00:18",4316,NULL
1076,"2014-01-15 11:00:18",4317,NULL
1077,"2014-01-15 11:00:18",4195,NULL
1078,"2014-01-15 11:00:18",4196,NULL
1079,"2014-01-15 11:00:18",4198,NULL
1080,"2014-01-15 11:00:18",4199,NULL
1081,"2014-01-15 11:00:18",4200,NULL
1082,"2014-01-15 11:00:18",4201,NULL
1083,"2014-01-15 11:00:18",4202,NULL
1084,"2014-01-15 11:00:18",4203,NULL
1085,"2014-01-15 11:00:18",4204,NULL
1086,"2014-01-15 11:00:18",4205,NULL
1087,"2014-01-15 11:00:18",4206,NULL
1088,"2014-01-15 11:00:18",4207,NULL
1089,"2014-01-15 11:00:18",4208,NULL
1090,"2014-01-15 11:00:18",4209,NULL
1091,"2014-01-15 11:00:18",4211,NULL
1092,"2014-01-15 11:00:18",4212,NULL
1093,"2014-01-15 11:00:18",4213,NULL
1094,"2014-01-15 11:00:18",4214,NULL
1095,"2014-01-15 11:00:18",4215,NULL
1096,"2014-01-15 11:00:18",4216,NULL
1097,"2014-01-15 11:00:18",4217,NULL
1098,"2014-01-15 11:00:18",4218,NULL
1099,"2014-01-15 11:00:18",4219,NULL
1100,"2014-01-15 11:00:18",4220,NULL
1101,"2014-01-15 11:00:18",4221,NULL
1102,"2014-01-15 11:00:18",4222,NULL
1103,"2014-01-15 11:00:18",4224,NULL
1104,"2014-01-15 11:00:18",4225,NULL
1105,"2014-01-15 11:00:18",4226,NULL
1106,"2014-01-15 11:00:18",4227,NULL
1107,"2014-01-15 11:00:18",4228,NULL
