id,value,error,history_id
1,3.84e-17,0,1
2,3.84e-17,0,2
3,3.84e-17,0,3
4,3.84e-17,0,4
5,3.84e-17,0,5
6,3.84e-17,0,6
7,3.84e-17,0,7
8,3.84e-17,0,8
9,3.84e-17,0,9
10,3.84e-17,0,10
11,3.84e-17,0,11
12,3.84e-17,0,12
13,3.84e-17,0,13
14,3.84e-17,0,14
15,3.84e-17,0,15
16,3.84e-17,0,16
17,3.84e-17,0,17
18,3.84e-17,0,18
19,3.84e-17,0,19
20,3.84e-17,0,20
21,3.84e-17,0,21
22,3.84e-17,0,22
23,3.84e-17,0,23
24,3.84e-17,0,24
25,3.84e-17,0,25
26,3.84e-17,0,26
27,3.84e-17,0,27
28,3.84e-17,0,28
29,3.84e-17,0,29
30,3.84e-17,0,30
31,3.84e-17,0,31
32,3.84e-17,0,32
33,3.84e-17,0,33
34,3.84e-17,0,34
35,3.84e-17,0,35
36,3.84e-17,0,36
37,3.84e-17,0,37
38,3.84e-17,0,38
39,3.84e-17,0,39
40,3.84e-17,0,40
41,3.84e-17,0,41
42,3.84e-17,0,42
43,3.84e-17,0,43
44,3.84e-17,0,44
45,3.84e-17,0,45
46,3.84e-17,0,46
47,3.84e-17,0,47
48,3.84e-17,0,48
49,3.84e-17,0,49
50,3.84e-17,0,50
51,3.84e-17,0,51
52,3.84e-17,0,52
53,3.84e-17,0,53
54,3.84e-17,0,54
55,3.84e-17,0,55
56,3.84e-17,0,56
57,3.84e-17,0,57
58,3.84e-17,0,58
59,3.84e-17,0,59
60,3.84e-17,0,60
61,3.84e-17,0,61
62,3.84e-17,0,62
63,3.84e-17,0,63
64,3.84e-17,0,64
65,3.84e-17,0,65
66,3.84e-17,0,66
67,3.84e-17,0,67
68,3.84e-17,0,68
69,3.84e-17,0,69
70,3.84e-17,0,70
71,3.84e-17,0,71
72,3.84e-17,0,72
73,3.84e-17,0,73
74,5.37e-17,0,74
75,5.37e-17,0,75
76,5.37e-17,0,76
77,5.37e-17,0,77
78,5.37e-17,0,78
79,5.37e-17,0,79
80,5.37e-17,0,80
81,5.37e-17,0,81
82,5.37e-17,0,82
83,5.37e-17,0,83
84,5.37e-17,0,84
85,5.37e-17,0,85
86,5.37e-17,0,86
87,5.37e-17,0,87
88,5.37e-17,0,88
89,5.37e-17,0,89
90,5.37e-17,0,90
91,5.37e-17,0,91
92,5.37e-17,0,92
93,5.37e-17,0,93
94,5.37e-17,0,94
95,5.37e-17,0,95
96,5.37e-17,0,96
97,5.37e-17,0,97
98,5.37e-17,0,98
99,5.37e-17,0,99
100,5.37e-17,0,100
101,5.37e-17,0,101
102,5.37e-17,0,102
103,5.37e-17,0,103
104,5.37e-17,0,104
105,5.37e-17,0,105
106,5.37e-17,0,106
107,5.37e-17,0,107
108,5.37e-17,0,108
109,5.37e-17,0,109
110,5.37e-17,0,110
111,5.37e-17,0,111
112,5.37e-17,0,112
113,5.37e-17,0,113
114,5.37e-17,0,114
115,5.37e-17,0,115
116,5.37e-17,0,116
117,5.37e-17,0,117
118,5.37e-17,0,118
119,9.84e-16,0,119
120,9.84e-16,0,120
121,9.84e-16,0,121
122,9.84e-16,0,122
123,9.84e-16,0,123
124,9.84e-16,0,124
125,9.84e-16,0,125
126,9.84e-16,0,126
127,9.84e-16,0,127
128,9.84e-16,0,128
129,9.84e-16,0,129
130,9.84e-16,0,130
131,9.84e-16,0,131
132,9.84e-16,0,132
133,9.84e-16,0,133
134,9.84e-16,0,134
135,9.84e-16,0,135
136,9.84e-16,0,136
137,9.84e-16,0,137
138,9.84e-16,0,138
139,9.84e-16,0,139
140,9.84e-16,0,140
141,9.84e-16,0,141
142,9.84e-16,0,142
143,9.84e-16,0,143
144,9.84e-16,0,144
145,9.84e-16,0,145
146,9.84e-16,0,146
147,9.84e-16,0,147
148,9.84e-16,0,148
149,9.84e-16,0,149
150,9.84e-16,0,150
151,9.84e-16,0,151
152,9.84e-16,0,152
153,9.84e-16,0,153
154,9.84e-16,0,154
155,9.84e-16,0,155
156,9.84e-16,0,156
157,9.84e-16,0,157
158,9.84e-16,0,158
159,9.84e-16,0,159
160,9.84e-16,0,160
161,9.84e-16,0,161
162,9.84e-16,0,162
163,9.84e-16,0,163
164,9.84e-16,0,164
165,9.84e-16,0,165
166,9.84e-16,0,166
167,9.84e-16,0,167
168,9.84e-16,0,168
169,9.84e-16,0,169
170,9.84e-16,0,170
171,9.84e-16,0,171
172,9.84e-16,0,172
173,9.84e-16,0,173
174,9.84e-16,0,174
175,9.84e-16,0,175
176,9.84e-16,0,176
177,9.84e-16,0,177
178,9.84e-16,0,178
179,9.84e-16,0,179
180,9.84e-16,0,180
181,9.84e-16,0,181
182,9.84e-16,0,182
183,9.84e-16,0,183
184,9.84e-16,0,184
185,9.84e-16,0,185
186,9.84e-16,0,186
187,9.84e-16,0,187
188,9.84e-16,0,188
189,9.84e-16,0,189
190,9.84e-16,0,190
191,9.84e-16,0,191
192,9.84e-16,0,192
193,9.84e-16,0,193
194,9.84e-16,0,194
195,9.84e-16,0,195
196,9.84e-16,0,196
197,9.84e-16,0,197
198,9.84e-16,0,198
199,9.84e-16,0,199
200,9.84e-16,0,200
201,9.84e-16,0,201
202,9.84e-16,0,202
203,9.84e-16,0,203
204,9.84e-16,0,204
205,9.84e-16,0,205
206,9.84e-16,0,206
207,9.84e-16,0,207
208,9.84e-16,0,208
209,9.84e-16,0,209
210,9.84e-16,0,210
211,9.84e-16,0,211
212,9.84e-16,0,212
213,9.84e-16,0,213
214,9.84e-16,0,214
215,9.84e-16,0,215
216,9.84e-16,0,216
217,9.84e-16,0,217
218,9.84e-16,0,218
219,9.84e-16,0,219
220,9.84e-16,0,220
221,9.84e-16,0,221
222,9.84e-16,0,222
223,9.84e-16,0,223
224,9.84e-16,0,224
225,9.84e-16,0,225
226,9.84e-16,0,226
227,9.84e-16,0,227
228,9.84e-16,0,228
229,9.84e-16,0,229
230,9.84e-16,0,230
231,9.84e-16,0,231
232,9.84e-16,0,232
233,9.84e-16,0,233
234,9.84e-16,0,234
235,9.84e-16,0,235
236,9.84e-16,0,236
237,9.84e-16,0,237
238,9.84e-16,0,238
239,9.84e-16,0,239
240,9.84e-16,0,240
241,9.84e-16,0,241
242,9.84e-16,0,242
243,9.84e-16,0,243
244,9.84e-16,0,244
245,9.84e-16,0,245
246,9.84e-16,0,246
247,9.84e-16,0,247
248,9.84e-16,0,248
249,9.84e-16,0,249
250,9.84e-16,0,250
251,9.84e-16,0,251
252,9.84e-16,0,252
253,9.84e-16,0,253
254,9.84e-16,0,254
255,9.84e-16,0,255
256,9.84e-16,0,256
257,9.84e-16,0,257
258,9.84e-16,0,258
259,9.84e-16,0,259
260,9.84e-16,0,260
261,9.84e-16,0,261
262,9.84e-16,0,262
263,9.84e-16,0,263
264,9.84e-16,0,264
265,9.84e-16,0,265
266,9.84e-16,0,266
267,9.84e-16,0,267
268,9.84e-16,0,268
269,9.84e-16,0,269
270,9.83e-16,0,270
271,9.83e-16,0,271
272,9.83e-16,0,272
273,9.83e-16,0,273
274,9.83e-16,0,274
275,9.83e-16,0,275
276,9.83e-16,0,276
277,9.83e-16,0,277
278,9.83e-16,0,278
279,9.83e-16,0,279
280,9.83e-16,0,280
281,9.83e-16,0,281
282,9.83e-16,0,282
283,9.83e-16,0,283
284,9.83e-16,0,284
285,9.83e-16,0,285
286,9.83e-16,0,286
287,9.83e-16,0,287
288,9.83e-16,0,288
289,9.83e-16,0,289
290,9.83e-16,0,290
291,9.83e-16,0,291
292,9.83e-16,0,292
293,9.83e-16,0,293
294,9.83e-16,0,294
295,9.83e-16,0,295
296,9.83e-16,0,296
297,9.83e-16,0,297
298,9.83e-16,0,298
299,9.83e-16,0,299
300,9.83e-16,0,300
301,9.83e-16,0,301
302,9.83e-16,0,302
303,9.83e-16,0,303
304,9.83e-16,0,304
305,9.83e-16,0,305
306,9.83e-16,0,306
307,9.83e-16,0,307
308,9.83e-16,0,308
309,9.83e-16,0,309
310,9.83e-16,0,310
311,9.83e-16,0,311
312,9.83e-16,0,312
313,9.83e-16,0,313
314,9.83e-16,0,314
315,9.83e-16,0,315
316,9.83e-16,0,316
317,9.83e-16,0,317
318,9.83e-16,0,318
319,9.83e-16,0,319
320,9.83e-16,0,320
321,9.83e-16,0,321
322,9.83e-16,0,322
323,9.83e-16,0,323
324,9.83e-16,0,324
325,9.83e-16,0,325
326,9.83e-16,0,326
327,9.83e-16,0,327
328,9.83e-16,0,328
329,9.83e-16,0,329
330,9.83e-16,0,330
331,9.83e-16,0,331
332,9.83e-16,0,332
333,9.83e-16,0,333
334,5.48e-17,0,334
335,5.48e-17,0,335
336,5.48e-17,0,336
337,5.48e-17,0,337
338,5.48e-17,0,338
339,5.48e-17,0,339
340,5.48e-17,0,340
341,5.48e-17,0,341
342,5.48e-17,0,342
343,5.48e-17,0,343
344,5.48e-17,0,344
345,5.48e-17,0,345
346,5.48e-17,0,346
347,5.48e-17,0,347
348,5.48e-17,0,348
349,5.48e-17,0,349
350,5.48e-17,0,350
351,5.48e-17,0,351
352,5.48e-17,0,352
353,5.48e-17,0,353
354,5.48e-17,0,354
355,5.48e-17,0,355
356,5.48e-17,0,356
357,5.48e-17,0,357
358,5.48e-17,0,358
359,5.48e-17,0,359
360,5.48e-17,0,360
361,5.48e-17,0,361
362,5.48e-17,0,362
363,5.48e-17,0,363
364,5.48e-17,0,364
365,5.48e-17,0,365
366,5.48e-17,0,366
367,5.48e-17,0,367
368,5.48e-17,0,368
369,5.48e-17,0,369
370,5.48e-17,0,370
371,5.48e-17,0,371
372,5.48e-17,0,372
373,5.48e-17,0,373
374,5.48e-17,0,374
375,5.48e-17,0,375
376,5.48e-17,0,376
377,5.48e-17,0,377
378,5.48e-17,0,378
379,5.48e-17,0,379
380,5.48e-17,0,380
381,5.48e-17,0,381
382,5.48e-17,0,382
383,5.48e-17,0,383
384,5.48e-17,0,384
385,5.48e-17,0,385
386,5.48e-17,0,386
387,5.48e-17,0,387
388,5.48e-17,0,388
389,5.48e-17,0,389
390,5.48e-17,0,390
391,5.48e-17,0,391
392,5.48e-17,0,392
393,5.48e-17,0,393
394,5.48e-17,0,394
395,5.48e-17,0,395
396,5.48e-17,0,396
397,5.48e-17,0,397
398,5.48e-17,0,398
399,5.48e-17,0,399
400,5.48e-17,0,400
401,5.48e-17,0,401
402,5.48e-17,0,402
403,5.48e-17,0,403
404,5.48e-17,0,404
405,5.48e-17,0,405
406,5.48e-17,0,406
407,5.48e-17,0,407
408,5.48e-17,0,408
409,5.48e-17,0,409
410,5.48e-17,0,410
411,5.48e-17,0,411
412,5.48e-17,0,412
413,5.48e-17,0,413
414,5.48e-17,0,414
415,5.48e-17,0,415
416,5.48e-17,0,416
417,5.48e-17,0,417
418,5.48e-17,0,418
419,5.48e-17,0,419
420,5.48e-17,0,420
421,5.48e-17,0,421
422,5.48e-17,0,422
423,5.48e-17,0,423
424,5.48e-17,0,424
425,5.48e-17,0,425
426,5.48e-17,0,426
427,5.48e-17,0,427
428,5.48e-17,0,428
429,5.48e-17,0,429
430,5.48e-17,0,430
431,5.48e-17,0,431
432,5.48e-17,0,432
433,5.48e-17,0,433
434,5.48e-17,0,434
435,5.48e-17,0,435
436,5.48e-17,0,436
437,5.48e-17,0,437
438,5.48e-17,0,438
439,5.48e-17,0,439
440,5.48e-17,0,440
441,5.48e-17,0,441
442,5.48e-17,0,442
443,5.48e-17,0,443
444,5.48e-17,0,444
445,5.48e-17,0,445
446,5.48e-17,0,446
447,5.48e-17,0,447
448,5.48e-17,0,448
449,5.48e-17,0,449
450,5.48e-17,0,450
451,5.48e-17,0,451
452,5.48e-17,0,452
453,5.48e-17,0,453
454,5.48e-17,0,454
455,5.48e-17,0,455
456,5.48e-17,0,456
457,5.48e-17,0,457
458,5.48e-17,0,458
459,5.48e-17,0,459
460,5.48e-17,0,460
461,5.48e-17,0,461
462,5.48e-17,0,462
463,5.48e-17,0,463
464,5.48e-17,0,464
465,5.48e-17,0,465
466,5.48e-17,0,466
467,5.48e-17,0,467
468,5.48e-17,0,468
469,5.48e-17,0,469
470,5.48e-17,0,470
471,5.48e-17,0,471
472,5.48e-17,0,472
473,1.11e-16,0,473
474,1.11e-16,0,474
475,1.11e-16,0,475
476,1.11e-16,0,476
477,1.11e-16,0,477
478,1.11e-16,0,478
479,1.11e-16,0,479
480,1.11e-16,0,480
481,1.11e-16,0,481
482,1.11e-16,0,482
483,1.11e-16,0,483
484,1.11e-16,0,484
485,1.11e-16,0,485
486,1.11e-16,0,486
487,1.11e-16,0,487
488,1.11e-16,0,488
489,1.11e-16,0,489
490,1.11e-16,0,490
491,1.11e-16,0,491
492,1.11e-16,0,492
493,1.11e-16,0,493
494,1.11e-16,0,494
495,1.11e-16,0,495
496,1.11e-16,0,496
497,1.11e-16,0,497
498,1.11e-16,0,498
499,1.11e-16,0,499
500,1.11e-16,0,500
501,1.11e-16,0,501
502,1.11e-16,0,502
503,1.11e-16,0,503
504,1.11e-16,0,504
505,1.11e-16,0,505
506,1.11e-16,0,506
507,1.11e-16,0,507
508,1.11e-16,0,508
509,1.11e-16,0,509
510,1.11e-16,0,510
511,1.11e-16,0,511
512,1.11e-16,0,512
513,1.11e-16,0,513
514,1.11e-16,0,514
515,1.11e-16,0,515
516,1.11e-16,0,516
517,1.11e-16,0,517
518,1.11e-16,0,518
519,1.11e-16,0,519
520,1.11e-16,0,520
521,1.11e-16,0,521
522,1.11e-16,0,522
523,1.11e-16,0,523
524,1.11e-16,0,524
525,1.11e-16,0,525
526,1.11e-16,0,526
527,1.11e-16,0,527
528,1.11e-16,0,528
529,1.11e-16,0,529
530,1.11e-16,0,530
531,1.11e-16,0,531
532,1.11e-16,0,532
533,1.11e-16,0,533
534,1.11e-16,0,534
535,1.11e-16,0,535
536,1.11e-16,0,536
537,1.11e-16,0,537
538,1.11e-16,0,538
539,1.11e-16,0,539
540,1.11e-16,0,540
541,1.11e-16,0,541
542,1.11e-16,0,542
543,1.11e-16,0,543
544,1.11e-16,0,544
545,1.11e-16,0,545
546,1.11e-16,0,546
547,1.11e-16,0,547
548,1.11e-16,0,548
549,1.11e-16,0,549
550,1.11e-16,0,550
551,1.11e-16,0,551
552,1.11e-16,0,552
553,1.11e-16,0,553
554,1.11e-16,0,554
555,1.11e-16,0,555
556,1.11e-16,0,556
557,1.11e-16,0,557
558,1.11e-16,0,558
559,1.11e-16,0,559
560,1.11e-16,0,560
561,1.11e-16,0,561
562,1.11e-16,0,562
563,1.11e-16,0,563
564,1.11e-16,0,564
565,1.11e-16,0,565
566,1.11e-16,0,566
567,1.11e-16,0,567
568,1.11e-16,0,568
569,1.11e-16,0,569
570,1.11e-16,0,570
571,1.11e-16,0,571
572,1.11e-16,0,572
573,1.11e-16,0,573
574,1.11e-16,0,574
575,1.11e-16,0,575
576,1.11e-16,0,576
577,1.11e-16,0,577
578,1.11e-16,0,578
579,1.11e-16,0,579
580,1.11e-16,0,580
581,1.11e-16,0,581
582,1.11e-16,0,582
583,1.11e-16,0,583
584,1.11e-16,0,584
585,1.11e-16,0,585
586,1.11e-16,0,586
587,1.11e-16,0,587
588,1.11e-16,0,588
589,1.11e-16,0,589
590,1.11e-16,0,590
591,1.11e-16,0,591
592,1.11e-16,0,592
593,1.11e-16,0,593
594,1.11e-16,0,594
595,1.11e-16,0,595
596,1.11e-16,0,596
597,1.11e-16,0,597
598,1.11e-16,0,598
599,1.11e-16,0,599
600,1.11e-16,0,600
601,1.11e-16,0,601
602,1.11e-16,0,602
603,1.11e-16,0,603
604,1.11e-16,0,604
605,1.11e-16,0,605
606,1.11e-16,0,606
607,1.11e-16,0,607
608,1.11e-16,0,608
609,1.11e-16,0,609
610,1.11e-16,0,610
611,1.11e-16,0,611
612,1.11e-16,0,612
613,1.11e-16,0,613
614,1.11e-16,0,614
615,1.11e-16,0,615
616,1.11e-16,0,616
617,1.11e-16,0,617
618,1.11e-16,0,618
619,1.11e-16,0,619
620,1.11e-16,0,620
621,1.11e-16,0,621
622,1.11e-16,0,622
623,1.11e-16,0,623
624,1.11e-16,0,624
625,1.11e-16,0,625
626,1.11e-16,0,626
627,1.11e-16,0,627
628,1.11e-16,0,628
629,1.11e-16,0,629
630,1.11e-16,0,630
631,1.11e-16,0,631
632,1.11e-16,0,632
633,1.11e-16,0,633
634,1.11e-16,0,634
635,1.11e-16,0,635
636,1.11e-16,0,636
637,1.11e-16,0,637
638,1.11e-16,0,638
639,1.11e-16,0,639
640,1.11e-16,0,640
641,1.11e-16,0,641
642,1.11e-16,0,642
643,1.11e-16,0,643
644,1.11e-16,0,644
645,1.11e-16,0,645
646,1.11e-16,0,646
647,1.11e-16,0,647
648,1.11e-16,0,648
649,1.11e-16,0,649
650,1.11e-16,0,650
651,1.11e-16,0,651
652,1.11e-16,0,652
653,1.11e-16,0,653
654,1.11e-16,0,654
655,1.11e-16,0,655
656,1.11e-16,0,656
657,1.11e-16,0,657
658,1.11e-16,0,658
659,1.11e-16,0,659
660,1.11e-16,0,660
661,1.11e-16,0,661
662,1.11e-16,0,662
663,1.11e-16,0,663
664,1.11e-16,0,664
665,1.11e-16,0,665
666,1.11e-16,0,666
667,1.11e-16,0,667
668,1.11e-16,0,668
669,1.11e-16,0,669
670,1.11e-16,0,670
671,1.11e-16,0,671
672,1.11e-16,0,672
673,6.48e-17,0,673
674,6.48e-17,0,674
675,6.48e-17,0,675
676,6.48e-17,0,676
677,6.48e-17,0,677
678,6.48e-17,0,678
679,6.48e-17,0,679
680,6.48e-17,0,680
681,6.48e-17,0,681
682,6.48e-17,0,682
683,6.48e-17,0,683
684,6.48e-17,0,684
685,6.48e-17,0,685
686,6.48e-17,0,686
687,6.48e-17,0,687
688,6.48e-17,0,688
689,6.48e-17,0,689
690,6.48e-17,0,690
691,6.48e-17,0,691
692,6.48e-17,0,692
693,6.48e-17,0,693
694,6.48e-17,0,694
695,6.48e-17,0,695
696,6.48e-17,0,696
697,6.48e-17,0,697
698,6.48e-17,0,698
699,6.48e-17,0,699
700,6.48e-17,0,700
701,6.48e-17,0,701
702,6.48e-17,0,702
703,6.48e-17,0,703
704,6.48e-17,0,704
705,6.48e-17,0,705
706,6.48e-17,0,706
707,6.48e-17,0,707
708,6.48e-17,0,708
709,6.48e-17,0,709
710,6.48e-17,0,710
711,6.48e-17,0,711
712,6.48e-17,0,712
713,6.48e-17,0,713
714,6.48e-17,0,714
715,6.48e-17,0,715
716,6.48e-17,0,716
717,6.48e-17,0,717
718,6.48e-17,0,718
719,6.48e-17,0,719
720,6.48e-17,0,720
721,6.48e-17,0,721
722,6.48e-17,0,722
723,6.48e-17,0,723
724,6.48e-17,0,724
725,6.48e-17,0,725
726,6.48e-17,0,726
727,6.48e-17,0,727
728,6.48e-17,0,728
729,6.48e-17,0,729
730,6.48e-17,0,730
731,6.48e-17,0,731
732,6.48e-17,0,732
733,6.48e-17,0,733
734,6.48e-17,0,734
735,6.48e-17,0,735
736,6.48e-17,0,736
737,6.48e-17,0,737
738,6.48e-17,0,738
739,6.48e-17,0,739
740,6.48e-17,0,740
741,6.48e-17,0,741
742,6.48e-17,0,742
743,6.48e-17,0,743
744,6.48e-17,0,744
745,6.48e-17,0,745
746,6.48e-17,0,746
747,6.48e-17,0,747
748,6.48e-17,0,748
749,6.48e-17,0,749
750,6.48e-17,0,750
751,6.48e-17,0,751
752,6.48e-17,0,752
753,6.48e-17,0,753
754,6.48e-17,0,754
755,6.48e-17,0,755
756,6.48e-17,0,756
757,6.48e-17,0,757
758,6.48e-17,0,758
759,6.48e-17,0,759
760,6.48e-17,0,760
761,6.48e-17,0,761
762,6.48e-17,0,762
763,6.48e-17,0,763
764,6.48e-17,0,764
765,6.48e-17,0,765
766,6.48e-17,0,766
767,6.48e-17,0,767
768,6.48e-17,0,768
769,6.48e-17,0,769
770,6.48e-17,0,770
771,6.48e-17,0,771
772,6.48e-17,0,772
773,6.48e-17,0,773
774,6.48e-17,0,774
775,6.48e-17,0,775
776,6.48e-17,0,776
777,6.48e-17,0,777
778,6.48e-17,0,778
779,6.48e-17,0,779
780,6.48e-17,0,780
781,6.48e-17,0,781
782,6.48e-17,0,782
783,6.48e-17,0,783
784,6.48e-17,0,784
785,6.48e-17,0,785
786,6.48e-17,0,786
787,6.48e-17,0,787
788,6.48e-17,0,788
789,6.48e-17,0,789
790,6.48e-17,0,790
791,6.48e-17,0,791
792,6.48e-17,0,792
793,6.48e-17,0,793
794,6.48e-17,0,794
795,6.48e-17,0,795
796,6.48e-17,0,796
797,6.48e-17,0,797
798,6.48e-17,0,798
799,6.52e-17,0,799
800,6.52e-17,0,800
801,6.52e-17,0,801
802,6.52e-17,0,802
803,6.52e-17,0,803
804,6.52e-17,0,804
805,6.52e-17,0,805
806,6.52e-17,0,806
807,6.52e-17,0,807
808,6.52e-17,0,808
809,6.52e-17,0,809
810,6.52e-17,0,810
811,6.52e-17,0,811
812,6.52e-17,0,812
813,6.52e-17,0,813
814,6.52e-17,0,814
815,6.52e-17,0,815
816,6.52e-17,0,816
817,6.52e-17,0,817
818,6.52e-17,0,818
819,6.52e-17,0,819
820,6.52e-17,0,820
821,6.52e-17,0,821
822,6.52e-17,0,822
823,6.52e-17,0,823
824,6.52e-17,0,824
825,6.52e-17,0,825
826,6.52e-17,0,826
827,6.52e-17,0,827
828,6.52e-17,0,828
829,6.52e-17,0,829
830,6.52e-17,0,830
831,6.52e-17,0,831
832,6.52e-17,0,832
833,6.52e-17,0,833
834,6.52e-17,0,834
835,6.52e-17,0,835
836,6.52e-17,0,836
837,6.52e-17,0,837
838,6.52e-17,0,838
839,6.52e-17,0,839
840,6.52e-17,0,840
841,6.52e-17,0,841
842,6.52e-17,0,842
843,6.52e-17,0,843
844,6.52e-17,0,844
845,6.52e-17,0,845
846,6.52e-17,0,846
847,6.52e-17,0,847
848,6.52e-17,0,848
849,6.52e-17,0,849
850,6.52e-17,0,850
851,6.52e-17,0,851
852,6.52e-17,0,852
853,6.52e-17,0,853
854,6.52e-17,0,854
855,6.52e-17,0,855
856,6.52e-17,0,856
857,6.52e-17,0,857
858,6.52e-17,0,858
859,6.52e-17,0,859
860,6.52e-17,0,860
861,6.52e-17,0,861
862,6.52e-17,0,862
863,6.52e-17,0,863
864,6.52e-17,0,864
865,9.46e-17,0,865
866,9.46e-17,0,866
867,9.46e-17,0,867
868,9.46e-17,0,868
869,9.46e-17,0,869
870,9.46e-17,0,870
871,9.46e-17,0,871
872,9.46e-17,0,872
873,9.46e-17,0,873
874,9.46e-17,0,874
875,9.46e-17,0,875
876,9.46e-17,0,876
877,9.46e-17,0,877
878,9.46e-17,0,878
879,9.46e-17,0,879
880,9.46e-17,0,880
881,9.46e-17,0,881
882,9.46e-17,0,882
883,9.46e-17,0,883
884,9.46e-17,0,884
885,9.46e-17,0,885
886,9.46e-17,0,886
887,9.46e-17,0,887
888,9.46e-17,0,888
889,9.46e-17,0,889
890,9.46e-17,0,890
891,9.46e-17,0,891
892,9.46e-17,0,892
893,9.46e-17,0,893
894,9.46e-17,0,894
895,9.46e-17,0,895
896,9.46e-17,0,896
897,9.46e-17,0,897
898,9.46e-17,0,898
899,9.46e-17,0,899
900,9.46e-17,0,900
901,9.46e-17,0,901
902,9.46e-17,0,902
903,9.46e-17,0,903
904,9.46e-17,0,904
905,9.46e-17,0,905
906,9.46e-17,0,906
907,9.46e-17,0,907
908,9.46e-17,0,908
909,9.46e-17,0,909
910,9.46e-17,0,910
911,9.46e-17,0,911
912,9.46e-17,0,912
913,9.46e-17,0,913
914,9.46e-17,0,914
915,9.46e-17,0,915
916,9.46e-17,0,916
917,9.46e-17,0,917
918,9.46e-17,0,918
919,9.46e-17,0,919
920,9.46e-17,0,920
921,9.46e-17,0,921
922,9.46e-17,0,922
923,9.46e-17,0,923
924,9.46e-17,0,924
925,9.46e-17,0,925
926,9.46e-17,0,926
927,9.46e-17,0,927
928,9.46e-17,0,928
929,9.46e-17,0,929
930,9.46e-17,0,930
931,9.46e-17,0,931
932,9.46e-17,0,932
933,9.46e-17,0,933
934,9.46e-17,0,934
935,9.46e-17,0,935
936,9.46e-17,0,936
937,9.46e-17,0,937
938,9.46e-17,0,938
939,9.46e-17,0,939
940,9.46e-17,0,940
941,9.46e-17,0,941
942,9.46e-17,0,942
943,9.46e-17,0,943
944,9.46e-17,0,944
945,9.46e-17,0,945
946,9.46e-17,0,946
947,9.46e-17,0,947
948,9.46e-17,0,948
949,9.46e-17,0,949
950,9.46e-17,0,950
951,9.46e-17,0,951
952,9.46e-17,0,952
953,9.46e-17,0,953
954,9.46e-17,0,954
955,9.46e-17,0,955
956,9.46e-17,0,956
957,9.46e-17,0,957
958,9.46e-17,0,958
959,9.46e-17,0,959
960,9.46e-17,0,960
961,9.46e-17,0,961
962,9.46e-17,0,962
963,9.46e-17,0,963
964,9.46e-17,0,964
965,9.46e-17,0,965
966,9.46e-17,0,966
967,9.46e-17,0,967
968,9.46e-17,0,968
969,9.46e-17,0,969
970,9.46e-17,0,970
971,9.46e-17,0,971
972,9.46e-17,0,972
973,9.46e-17,0,973
974,9.46e-17,0,974
975,9.46e-17,0,975
976,9.46e-17,0,976
977,9.46e-17,0,977
978,9.46e-17,0,978
979,9.46e-17,0,979
980,9.46e-17,0,980
981,9.46e-17,0,981
982,9.46e-17,0,982
983,9.46e-17,0,983
984,9.46e-17,0,984
985,9.46e-17,0,985
986,9.46e-17,0,986
987,9.46e-17,0,987
988,9.46e-17,0,988
989,9.46e-17,0,989
990,9.46e-17,0,990
991,9.46e-17,0,991
992,9.46e-17,0,992
993,9.46e-17,0,993
994,9.46e-17,0,994
995,9.46e-17,0,995
996,9.46e-17,0,996
997,9.46e-17,0,997
998,9.46e-17,0,998
999,9.46e-17,0,999
1000,9.46e-17,0,1000
1001,9.46e-17,0,1001
1002,9.46e-17,0,1002
1003,9.46e-17,0,1003
1004,9.46e-17,0,1004
1005,9.46e-17,0,1005
1006,9.46e-17,0,1006
1007,9.46e-17,0,1007
1008,9.46e-17,0,1008
1009,9.46e-17,0,1009
1010,9.46e-17,0,1010
1011,9.46e-17,0,1011
1012,9.46e-17,0,1012
1013,9.46e-17,0,1013
1014,9.46e-17,0,1014
1015,9.46e-17,0,1015
1016,9.46e-17,0,1016
1017,9.46e-17,0,1017
1018,9.46e-17,0,1018
1019,9.46e-17,0,1019
1020,9.46e-17,0,1020
1021,9.46e-17,0,1021
1022,9.46e-17,0,1022
1023,9.46e-17,0,1023
1024,9.46e-17,0,1024
1025,9.46e-17,0,1025
1026,9.46e-17,0,1026
1027,9.46e-17,0,1027
1028,9.46e-17,0,1028
1029,9.46e-17,0,1029
1030,9.46e-17,0,1030
1031,9.46e-17,0,1031
1032,9.46e-17,0,1032
1033,9.46e-17,0,1033
1034,9.46e-17,0,1034
1035,9.46e-17,0,1035
1036,9.46e-17,0,1036
1037,9.46e-17,0,1037
1038,9.46e-17,0,1038
1039,9.46e-17,0,1039
1040,9.46e-17,0,1040
1041,9.46e-17,0,1041
1042,9.46e-17,0,1042
1043,9.46e-17,0,1043
1044,9.46e-17,0,1044
1045,9.46e-17,0,1045
1046,9.46e-17,0,1046
1047,9.46e-17,0,1047
1048,9.46e-17,0,1048
1049,9.46e-17,0,1049
1050,9.46e-17,0,1050
1051,9.46e-17,0,1051
1052,9.46e-17,0,1052
1053,9.46e-17,0,1053
1054,9.46e-17,0,1054
1055,9.46e-17,0,1055
1056,9.46e-17,0,1056
1057,9.46e-17,0,1057
1058,9.46e-17,0,1058
1059,9.46e-17,0,1059
1060,9.46e-17,0,1060
1061,9.46e-17,0,1061
1062,9.46e-17,0,1062
1063,9.46e-17,0,1063
1064,9.46e-17,0,1064
1065,9.46e-17,0,1065
1066,9.46e-17,0,1066
1067,9.46e-17,0,1067
1068,9.46e-17,0,1068
1069,9.46e-17,0,1069
1070,9.46e-17,0,1070
1071,9.46e-17,0,1071
1072,9.46e-17,0,1072
1073,9.46e-17,0,1073
1074,9.46e-17,0,1074
1075,9.46e-17,0,1075
1076,9.46e-17,0,1076
1077,9.53e-17,0,1077
1078,9.53e-17,0,1078
1079,9.53e-17,0,1079
1080,9.53e-17,0,1080
1081,9.53e-17,0,1081
1082,9.53e-17,0,1082
1083,9.53e-17,0,1083
1084,9.53e-17,0,1084
1085,9.53e-17,0,1085
1086,9.53e-17,0,1086
1087,9.53e-17,0,1087
1088,9.53e-17,0,1088
1089,9.53e-17,0,1089
1090,9.53e-17,0,1090
1091,9.53e-17,0,1091
1092,9.53e-17,0,1092
1093,9.53e-17,0,1093
1094,9.53e-17,0,1094
1095,9.53e-17,0,1095
1096,9.53e-17,0,1096
1097,9.53e-17,0,1097
1098,9.53e-17,0,1098
1099,9.53e-17,0,1099
1100,9.53e-17,0,1100
1101,9.53e-17,0,1101
1102,9.53e-17,0,1102
1103,9.53e-17,0,1103
1104,9.53e-17,0,1104
1105,9.53e-17,0,1105
1106,9.53e-17,0,1106
1107,9.53e-17,0,1107
