id,intercalibration_id,ic_analysis_id
1,26948,4578
2,26948,4582
3,26948,4583
4,26948,4584
5,26948,4585
6,26948,4610
7,26948,4626
8,26948,4640
9,26948,4656
10,26948,4660
11,26948,4662
12,26948,5186
13,26948,5203
14,26948,5213
15,26948,5231
16,26948,5247
17,26948,5263
18,26948,5282
19,26949,4578
20,26949,4582
21,26949,4583
22,26949,4584
23,26949,4585
24,26949,4610
25,26949,4626
26,26949,4640
27,26949,4656
28,26949,4660
29,26949,4662
30,26949,5186
31,26949,5203
32,26949,5213
33,26949,5231
34,26949,5247
35,26949,5263
36,26949,5282
37,26950,4578
38,26950,4582
39,26950,4583
40,26950,4584
41,26950,4585
42,26950,4610
43,26950,4626
44,26950,4640
45,26950,4656
46,26950,4660
47,26950,4662
48,26950,5186
49,26950,5203
50,26950,5213
51,26950,5231
52,26950,5247
53,26950,5263
54,26950,5282
55,26951,4578
56,26951,4582
57,26951,4583
58,26951,4584
59,26951,4585
60,26951,4610
61,26951,4626
62,26951,4640
63,26951,4656
64,26951,4660
65,26951,4662
66,26951,5186
67,26951,5203
68,26951,5213
69,26951,5231
70,26951,5247
71,26951,5263
72,26951,5282
73,26952,4578
74,26952,4582
75,26952,4583
76,26952,4584
77,26952,4585
78,26952,4610
79,26952,4626
80,26952,4640
81,26952,4656
82,26952,4660
83,26952,4662
84,26952,5186
85,26952,5203
86,26952,5213
87,26952,5231
88,26952,5247
89,26952,5263
90,26952,5282
91,26953,4578
92,26953,4582
93,26953,4583
94,26953,4584
95,26953,4585
96,26953,4610
97,26953,4626
98,26953,4640
99,26953,4656
100,26953,4660
101,26953,4662
102,26953,5186
103,26953,5203
104,26953,5213
105,26953,5231
106,26953,5247
107,26953,5263
108,26953,5282
109,26954,4578
110,26954,4582
111,26954,4583
112,26954,4584
113,26954,4585
114,26954,4610
115,26954,4626
116,26954,4640
117,26954,4656
118,26954,4660
119,26954,4662
120,26954,5186
121,26954,5203
122,26954,5213
123,26954,5231
124,26954,5247
125,26954,5263
126,26954,5282
127,26955,4578
128,26955,4582
129,26955,4583
130,26955,4584
131,26955,4585
132,26955,4610
133,26955,4626
134,26955,4640
135,26955,4656
136,26955,4660
137,26955,4662
138,26955,5186
139,26955,5203
140,26955,5213
141,26955,5231
142,26955,5247
143,26955,5263
144,26955,5282
145,26956,4578
146,26956,4582
147,26956,4583
148,26956,4584
149,26956,4585
150,26956,4610
151,26956,4626
152,26956,4640
153,26956,4656
154,26956,4660
155,26956,4662
156,26956,5186
157,26956,5203
158,26956,5213
159,26956,5231
160,26956,5247
161,26956,5263
162,26956,5282
163,26957,4578
164,26957,4582
165,26957,4583
166,26957,4584
167,26957,4585
168,26957,4610
169,26957,4626
170,26957,4640
171,26957,4656
172,26957,4660
173,26957,4662
174,26957,5186
175,26957,5203
176,26957,5213
177,26957,5231
178,26957,5247
179,26957,5263
180,26957,5282
181,26958,4578
182,26958,4582
183,26958,4583
184,26958,4584
185,26958,4585
186,26958,4610
187,26958,4626
188,26958,4640
189,26958,4656
190,26958,4660
191,26958,4662
192,26958,5186
193,26958,5203
194,26958,5213
195,26958,5231
196,26958,5247
197,26958,5263
198,26958,5282
199,26959,4578
200,26959,4582
201,26959,4583
202,26959,4584
203,26959,4585
204,26959,4610
205,26959,4626
206,26959,4640
207,26959,4656
208,26959,4660
209,26959,4662
210,26959,5186
211,26959,5203
212,26959,5213
213,26959,5231
214,26959,5247
215,26959,5263
216,26959,5282
217,26960,4578
218,26960,4582
219,26960,4583
220,26960,4584
221,26960,4585
222,26960,4610
223,26960,4626
224,26960,4640
225,26960,4656
226,26960,4660
227,26960,4662
228,26960,5186
229,26960,5203
230,26960,5213
231,26960,5231
232,26960,5247
233,26960,5263
234,26960,5282
235,26961,4578
236,26961,4582
237,26961,4583
238,26961,4584
239,26961,4585
240,26961,4610
241,26961,4626
242,26961,4640
243,26961,4656
244,26961,4660
245,26961,4662
246,26961,5186
247,26961,5203
248,26961,5213
249,26961,5231
250,26961,5247
251,26961,5263
252,26961,5282
253,26962,4578
254,26962,4582
255,26962,4583
256,26962,4584
257,26962,4585
258,26962,4610
259,26962,4626
260,26962,4640
261,26962,4656
262,26962,4660
263,26962,4662
264,26962,5186
265,26962,5203
266,26962,5213
267,26962,5231
268,26962,5247
269,26962,5263
270,26962,5282
271,26963,4578
272,26963,4582
273,26963,4583
274,26963,4584
275,26963,4585
276,26963,4610
277,26963,4626
278,26963,4640
279,26963,4656
280,26963,4660
281,26963,4662
282,26963,5186
283,26963,5203
284,26963,5213
285,26963,5231
286,26963,5247
287,26963,5263
288,26963,5282
289,26964,4578
290,26964,4582
291,26964,4583
292,26964,4584
293,26964,4585
294,26964,4610
295,26964,4626
296,26964,4640
297,26964,4656
298,26964,4660
299,26964,4662
300,26964,5186
301,26964,5203
302,26964,5213
303,26964,5231
304,26964,5247
305,26964,5263
306,26964,5282
307,26965,4578
308,26965,4582
309,26965,4583
310,26965,4584
311,26965,4585
312,26965,4610
313,26965,4626
314,26965,4640
315,26965,4656
316,26965,4660
317,26965,4662
318,26965,5186
319,26965,5203
320,26965,5213
321,26965,5231
322,26965,5247
323,26965,5263
324,26965,5282
325,26966,4578
326,26966,4582
327,26966,4583
328,26966,4584
329,26966,4585
330,26966,4610
331,26966,4626
332,26966,4640
333,26966,4656
334,26966,4660
335,26966,4662
336,26966,5186
337,26966,5203
338,26966,5213
339,26966,5231
340,26966,5247
341,26966,5263
342,26966,5282
343,26967,4578
344,26967,4582
345,26967,4583
346,26967,4584
347,26967,4585
348,26967,4610
349,26967,4626
350,26967,4640
351,26967,4656
352,26967,4660
353,26967,4662
354,26967,5186
355,26967,5203
356,26967,5213
357,26967,5231
358,26967,5247
359,26967,5263
360,26967,5282
361,26968,4578
362,26968,4582
363,26968,4583
364,26968,4584
365,26968,4585
366,26968,4610
367,26968,4626
368,26968,4640
369,26968,4656
370,26968,4660
371,26968,4662
372,26968,5186
373,26968,5203
374,26968,5213
375,26968,5231
376,26968,5247
377,26968,5263
378,26968,5282
379,26969,4578
380,26969,4582
381,26969,4583
382,26969,4584
383,26969,4585
384,26969,4610
385,26969,4626
386,26969,4640
387,26969,4656
388,26969,4660
389,26969,4662
390,26969,5186
391,26969,5203
392,26969,5213
393,26969,5231
394,26969,5247
395,26969,5263
396,26969,5282
397,26970,4578
398,26970,4582
399,26970,4583
400,26970,4584
401,26970,4585
402,26970,4610
403,26970,4626
404,26970,4640
405,26970,4656
406,26970,4660
407,26970,4662
408,26970,5186
409,26970,5203
410,26970,5213
411,26970,5231
412,26970,5247
413,26970,5263
414,26970,5282
415,26971,4578
416,26971,4582
417,26971,4583
418,26971,4584
419,26971,4585
420,26971,4610
421,26971,4626
422,26971,4640
423,26971,4656
424,26971,4660
425,26971,4662
426,26971,5186
427,26971,5203
428,26971,5213
429,26971,5231
430,26971,5247
431,26971,5263
432,26971,5282
433,26972,4578
434,26972,4582
435,26972,4583
436,26972,4584
437,26972,4585
438,26972,4610
439,26972,4626
440,26972,4640
441,26972,4656
442,26972,4660
443,26972,4662
444,26972,5186
445,26972,5203
446,26972,5213
447,26972,5231
448,26972,5247
449,26972,5263
450,26972,5282
451,26973,4578
452,26973,4582
453,26973,4583
454,26973,4584
455,26973,4585
456,26973,4610
457,26973,4626
458,26973,4640
459,26973,4656
460,26973,4660
461,26973,4662
462,26973,5186
463,26973,5203
464,26973,5213
465,26973,5231
466,26973,5247
467,26973,5263
468,26973,5282
469,26974,4578
470,26974,4582
471,26974,4583
472,26974,4584
473,26974,4585
474,26974,4610
475,26974,4626
476,26974,4640
477,26974,4656
478,26974,4660
479,26974,4662
480,26974,5186
481,26974,5203
482,26974,5213
483,26974,5231
484,26974,5247
485,26974,5263
486,26974,5282
487,26975,4578
488,26975,4582
489,26975,4583
490,26975,4584
491,26975,4585
492,26975,4610
493,26975,4626
494,26975,4640
495,26975,4656
496,26975,4660
497,26975,4662
498,26975,5186
499,26975,5203
500,26975,5213
501,26975,5231
502,26975,5247
503,26975,5263
504,26975,5282
505,26976,4578
506,26976,4582
507,26976,4583
508,26976,4584
509,26976,4585
510,26976,4610
511,26976,4626
512,26976,4640
513,26976,4656
514,26976,4660
515,26976,4662
516,26976,5186
517,26976,5203
518,26976,5213
519,26976,5231
520,26976,5247
521,26976,5263
522,26976,5282
523,26977,4578
524,26977,4582
525,26977,4583
526,26977,4584
527,26977,4585
528,26977,4610
529,26977,4626
530,26977,4640
531,26977,4656
532,26977,4660
533,26977,4662
534,26977,5186
535,26977,5203
536,26977,5213
537,26977,5231
538,26977,5247
539,26977,5263
540,26977,5282
541,26978,4578
542,26978,4582
543,26978,4583
544,26978,4584
545,26978,4585
546,26978,4610
547,26978,4626
548,26978,4640
549,26978,4656
550,26978,4660
551,26978,4662
552,26978,5186
553,26978,5203
554,26978,5213
555,26978,5231
556,26978,5247
557,26978,5263
558,26978,5282
559,26979,4578
560,26979,4582
561,26979,4583
562,26979,4584
563,26979,4585
564,26979,4610
565,26979,4626
566,26979,4640
567,26979,4656
568,26979,4660
569,26979,4662
570,26979,5186
571,26979,5203
572,26979,5213
573,26979,5231
574,26979,5247
575,26979,5263
576,26979,5282
577,26980,4578
578,26980,4582
579,26980,4583
580,26980,4584
581,26980,4585
582,26980,4610
583,26980,4626
584,26980,4640
585,26980,4656
586,26980,4660
587,26980,4662
588,26980,5186
589,26980,5203
590,26980,5213
591,26980,5231
592,26980,5247
593,26980,5263
594,26980,5282
595,26981,4578
596,26981,4582
597,26981,4583
598,26981,4584
599,26981,4585
600,26981,4610
601,26981,4626
602,26981,4640
603,26981,4656
604,26981,4660
605,26981,4662
606,26981,5186
607,26981,5203
608,26981,5213
609,26981,5231
610,26981,5247
611,26981,5263
612,26981,5282
613,26982,4578
614,26982,4582
615,26982,4583
616,26982,4584
617,26982,4585
618,26982,4610
619,26982,4626
620,26982,4640
621,26982,4656
622,26982,4660
623,26982,4662
624,26982,5186
625,26982,5203
626,26982,5213
627,26982,5231
628,26982,5247
629,26982,5263
630,26982,5282
631,26983,4578
632,26983,4582
633,26983,4583
634,26983,4584
635,26983,4585
636,26983,4610
637,26983,4626
638,26983,4640
639,26983,4656
640,26983,4660
641,26983,4662
642,26983,5186
643,26983,5203
644,26983,5213
645,26983,5231
646,26983,5247
647,26983,5263
648,26983,5282
649,26984,4578
650,26984,4582
651,26984,4583
652,26984,4584
653,26984,4585
654,26984,4610
655,26984,4626
656,26984,4640
657,26984,4656
658,26984,4660
659,26984,4662
660,26984,5186
661,26984,5203
662,26984,5213
663,26984,5231
664,26984,5247
665,26984,5263
666,26984,5282
667,26985,4578
668,26985,4582
669,26985,4583
670,26985,4584
671,26985,4585
672,26985,4610
673,26985,4626
674,26985,4640
675,26985,4656
676,26985,4660
677,26985,4662
678,26985,5186
679,26985,5203
680,26985,5213
681,26985,5231
682,26985,5247
683,26985,5263
684,26985,5282
685,26986,4578
686,26986,4582
687,26986,4583
688,26986,4584
689,26986,4585
690,26986,4610
691,26986,4626
692,26986,4640
693,26986,4656
694,26986,4660
695,26986,4662
696,26986,5186
697,26986,5203
698,26986,5213
699,26986,5231
700,26986,5247
701,26986,5263
702,26986,5282
703,26987,4578
704,26987,4582
705,26987,4583
706,26987,4584
707,26987,4585
708,26987,4610
709,26987,4626
710,26987,4640
711,26987,4656
712,26987,4660
713,26987,4662
714,26987,5186
715,26987,5203
716,26987,5213
717,26987,5231
718,26987,5247
719,26987,5263
720,26987,5282
721,26988,4578
722,26988,4582
723,26988,4583
724,26988,4584
725,26988,4585
726,26988,4610
727,26988,4626
728,26988,4640
729,26988,4656
730,26988,4660
731,26988,4662
732,26988,5186
733,26988,5203
734,26988,5213
735,26988,5231
736,26988,5247
737,26988,5263
738,26988,5282
739,26989,4578
740,26989,4582
741,26989,4583
742,26989,4584
743,26989,4585
744,26989,4610
745,26989,4626
746,26989,4640
747,26989,4656
748,26989,4660
749,26989,4662
750,26989,5186
751,26989,5203
752,26989,5213
753,26989,5231
754,26989,5247
755,26989,5263
756,26989,5282
757,26990,4578
758,26990,4582
759,26990,4583
760,26990,4584
761,26990,4585
762,26990,4610
763,26990,4626
764,26990,4640
765,26990,4656
766,26990,4660
767,26990,4662
768,26990,5186
769,26990,5203
770,26990,5213
771,26990,5231
772,26990,5247
773,26990,5263
774,26990,5282
775,26991,4578
776,26991,4582
777,26991,4583
778,26991,4584
779,26991,4585
780,26991,4610
781,26991,4626
782,26991,4640
783,26991,4656
784,26991,4660
785,26991,4662
786,26991,5186
787,26991,5203
788,26991,5213
789,26991,5231
790,26991,5247
791,26991,5263
792,26991,5282
793,26992,4578
794,26992,4582
795,26992,4583
796,26992,4584
797,26992,4585
798,26992,4610
799,26992,4626
800,26992,4640
801,26992,4656
802,26992,4660
803,26992,4662
804,26992,5186
805,26992,5203
806,26992,5213
807,26992,5231
808,26992,5247
809,26992,5263
810,26992,5282
811,26993,4578
812,26993,4582
813,26993,4583
814,26993,4584
815,26993,4585
816,26993,4610
817,26993,4626
818,26993,4640
819,26993,4656
820,26993,4660
821,26993,4662
822,26993,5186
823,26993,5203
824,26993,5213
825,26993,5231
826,26993,5247
827,26993,5263
828,26993,5282
829,26994,4578
830,26994,4582
831,26994,4583
832,26994,4584
833,26994,4585
834,26994,4610
835,26994,4626
836,26994,4640
837,26994,4656
838,26994,4660
839,26994,4662
840,26994,5186
841,26994,5203
842,26994,5213
843,26994,5231
844,26994,5247
845,26994,5263
846,26994,5282
847,26995,4578
848,26995,4582
849,26995,4583
850,26995,4584
851,26995,4585
852,26995,4610
853,26995,4626
854,26995,4640
855,26995,4656
856,26995,4660
857,26995,4662
858,26995,5186
859,26995,5203
860,26995,5213
861,26995,5231
862,26995,5247
863,26995,5263
864,26995,5282
865,26996,4578
866,26996,4582
867,26996,4583
868,26996,4584
869,26996,4585
870,26996,4610
871,26996,4626
872,26996,4640
873,26996,4656
874,26996,4660
875,26996,4662
876,26996,5186
877,26996,5203
878,26996,5213
879,26996,5231
880,26996,5247
881,26996,5263
882,26996,5282
883,26997,4578
884,26997,4582
885,26997,4583
886,26997,4584
887,26997,4585
888,26997,4610
889,26997,4626
890,26997,4640
891,26997,4656
892,26997,4660
893,26997,4662
894,26997,5186
895,26997,5203
896,26997,5213
897,26997,5231
898,26997,5247
899,26997,5263
900,26997,5282
901,26998,4578
902,26998,4582
903,26998,4583
904,26998,4584
905,26998,4585
906,26998,4610
907,26998,4626
908,26998,4640
909,26998,4656
910,26998,4660
911,26998,4662
912,26998,5186
913,26998,5203
914,26998,5213
915,26998,5231
916,26998,5247
917,26998,5263
918,26998,5282
919,26999,4578
920,26999,4582
921,26999,4583
922,26999,4584
923,26999,4585
924,26999,4610
925,26999,4626
926,26999,4640
927,26999,4656
928,26999,4660
929,26999,4662
930,26999,5186
931,26999,5203
932,26999,5213
933,26999,5231
934,26999,5247
935,26999,5263
936,26999,5282
937,27000,4578
938,27000,4582
939,27000,4583
940,27000,4584
941,27000,4585
942,27000,4610
943,27000,4626
944,27000,4640
945,27000,4656
946,27000,4660
947,27000,4662
948,27000,5186
949,27000,5203
950,27000,5213
951,27000,5231
952,27000,5247
953,27000,5263
954,27000,5282
955,27001,4578
956,27001,4582
957,27001,4583
958,27001,4584
959,27001,4585
960,27001,4610
961,27001,4626
962,27001,4640
963,27001,4656
964,27001,4660
965,27001,4662
966,27001,5186
967,27001,5203
968,27001,5213
969,27001,5231
970,27001,5247
971,27001,5263
972,27001,5282
973,27002,4578
974,27002,4582
975,27002,4583
976,27002,4584
977,27002,4585
978,27002,4610
979,27002,4626
980,27002,4640
981,27002,4656
982,27002,4660
983,27002,4662
984,27002,5186
985,27002,5203
986,27002,5213
987,27002,5231
988,27002,5247
989,27002,5263
990,27002,5282
991,27003,4578
992,27003,4582
993,27003,4583
994,27003,4584
995,27003,4585
996,27003,4610
997,27003,4626
998,27003,4640
999,27003,4656
1000,27003,4660
1001,27003,4662
1002,27003,5186
1003,27003,5203
1004,27003,5213
1005,27003,5231
1006,27003,5247
1007,27003,5263
1008,27003,5282
1009,27004,4578
1010,27004,4582
1011,27004,4583
1012,27004,4584
1013,27004,4585
1014,27004,4610
1015,27004,4626
1016,27004,4640
1017,27004,4656
1018,27004,4660
1019,27004,4662
1020,27004,5186
1021,27004,5203
1022,27004,5213
1023,27004,5231
1024,27004,5247
1025,27004,5263
1026,27004,5282
1027,27005,4578
1028,27005,4582
1029,27005,4583
1030,27005,4584
1031,27005,4585
1032,27005,4610
1033,27005,4626
1034,27005,4640
1035,27005,4656
1036,27005,4660
1037,27005,4662
1038,27005,5186
1039,27005,5203
1040,27005,5213
1041,27005,5231
1042,27005,5247
1043,27005,5263
1044,27005,5282
1045,27006,4578
1046,27006,4582
1047,27006,4583
1048,27006,4584
1049,27006,4585
1050,27006,4610
1051,27006,4626
1052,27006,4640
1053,27006,4656
1054,27006,4660
1055,27006,4662
1056,27006,5186
1057,27006,5203
1058,27006,5213
1059,27006,5231
1060,27006,5247
1061,27006,5263
1062,27006,5282
1063,27007,4578
1064,27007,4582
1065,27007,4583
1066,27007,4584
1067,27007,4585
1068,27007,4610
1069,27007,4626
1070,27007,4640
1071,27007,4656
1072,27007,4660
1073,27007,4662
1074,27007,5186
1075,27007,5203
1076,27007,5213
1077,27007,5231
1078,27007,5247
1079,27007,5263
1080,27007,5282
1081,27008,4578
1082,27008,4582
1083,27008,4583
1084,27008,4584
1085,27008,4585
1086,27008,4610
1087,27008,4626
1088,27008,4640
1089,27008,4656
1090,27008,4660
1091,27008,4662
1092,27008,5186
1093,27008,5203
1094,27008,5213
1095,27008,5231
1096,27008,5247
1097,27008,5263
1098,27008,5282
1099,27009,4578
1100,27009,4582
1101,27009,4583
1102,27009,4584
1103,27009,4585
1104,27009,4610
1105,27009,4626
1106,27009,4640
1107,27009,4656
1108,27009,4660
1109,27009,4662
1110,27009,5186
1111,27009,5203
1112,27009,5213
1113,27009,5231
1114,27009,5247
1115,27009,5263
1116,27009,5282
1117,27010,4578
1118,27010,4582
1119,27010,4583
1120,27010,4584
1121,27010,4585
1122,27010,4610
1123,27010,4626
1124,27010,4640
1125,27010,4656
1126,27010,4660
1127,27010,4662
1128,27010,5186
1129,27010,5203
1130,27010,5213
1131,27010,5231
1132,27010,5247
1133,27010,5263
1134,27010,5282
1135,27011,4578
1136,27011,4582
1137,27011,4583
1138,27011,4584
1139,27011,4585
1140,27011,4610
1141,27011,4626
1142,27011,4640
1143,27011,4656
1144,27011,4660
1145,27011,4662
1146,27011,5186
1147,27011,5203
1148,27011,5213
1149,27011,5231
1150,27011,5247
1151,27011,5263
1152,27011,5282
1153,27012,4578
1154,27012,4582
1155,27012,4583
1156,27012,4584
1157,27012,4585
1158,27012,4610
1159,27012,4626
1160,27012,4640
1161,27012,4656
1162,27012,4660
1163,27012,4662
1164,27012,5186
1165,27012,5203
1166,27012,5213
1167,27012,5231
1168,27012,5247
1169,27012,5263
1170,27012,5282
1171,27013,4578
1172,27013,4582
1173,27013,4583
1174,27013,4584
1175,27013,4585
1176,27013,4610
1177,27013,4626
1178,27013,4640
1179,27013,4656
1180,27013,4660
1181,27013,4662
1182,27013,5186
1183,27013,5203
1184,27013,5213
1185,27013,5231
1186,27013,5247
1187,27013,5263
1188,27013,5282
1189,27014,4578
1190,27014,4582
1191,27014,4583
1192,27014,4584
1193,27014,4585
1194,27014,4610
1195,27014,4626
1196,27014,4640
1197,27014,4656
1198,27014,4660
1199,27014,4662
1200,27014,5186
1201,27014,5203
1202,27014,5213
1203,27014,5231
1204,27014,5247
1205,27014,5263
1206,27014,5282
1207,27015,4578
1208,27015,4582
1209,27015,4583
1210,27015,4584
1211,27015,4585
1212,27015,4610
1213,27015,4626
1214,27015,4640
1215,27015,4656
1216,27015,4660
1217,27015,4662
1218,27015,5186
1219,27015,5203
1220,27015,5213
1221,27015,5231
1222,27015,5247
1223,27015,5263
1224,27015,5282
1225,27016,4578
1226,27016,4582
1227,27016,4583
1228,27016,4584
1229,27016,4585
1230,27016,4610
1231,27016,4626
1232,27016,4640
1233,27016,4656
1234,27016,4660
1235,27016,4662
1236,27016,5186
1237,27016,5203
1238,27016,5213
1239,27016,5231
1240,27016,5247
1241,27016,5263
1242,27016,5282
1243,27017,4578
1244,27017,4582
1245,27017,4583
1246,27017,4584
1247,27017,4585
1248,27017,4610
1249,27017,4626
1250,27017,4640
1251,27017,4656
1252,27017,4660
1253,27017,4662
1254,27017,5186
1255,27017,5203
1256,27017,5213
1257,27017,5231
1258,27017,5247
1259,27017,5263
1260,27017,5282
1261,27018,4578
1262,27018,4582
1263,27018,4583
1264,27018,4584
1265,27018,4585
1266,27018,4610
1267,27018,4626
1268,27018,4640
1269,27018,4656
1270,27018,4660
1271,27018,4662
1272,27018,5186
1273,27018,5203
1274,27018,5213
1275,27018,5231
1276,27018,5247
1277,27018,5263
1278,27018,5282
1279,27019,4578
1280,27019,4582
1281,27019,4583
1282,27019,4584
1283,27019,4585
1284,27019,4610
1285,27019,4626
1286,27019,4640
1287,27019,4656
1288,27019,4660
1289,27019,4662
1290,27019,5186
1291,27019,5203
1292,27019,5213
1293,27019,5231
1294,27019,5247
1295,27019,5263
1296,27019,5282
1297,27020,4578
1298,27020,4582
1299,27020,4583
1300,27020,4584
1301,27020,4585
1302,27020,4610
1303,27020,4626
1304,27020,4640
1305,27020,4656
1306,27020,4660
1307,27020,4662
1308,27020,5186
1309,27020,5203
1310,27020,5213
1311,27020,5231
1312,27020,5247
1313,27020,5263
1314,27020,5282
1315,27021,4578
1316,27021,4582
1317,27021,4583
1318,27021,4584
1319,27021,4585
1320,27021,4610
1321,27021,4626
1322,27021,4640
1323,27021,4656
1324,27021,4660
1325,27021,4662
1326,27021,5186
1327,27021,5203
1328,27021,5213
1329,27021,5231
1330,27021,5247
1331,27021,5263
1332,27021,5282
1333,27022,4578
1334,27022,4582
1335,27022,4583
1336,27022,4584
1337,27022,4585
1338,27022,4610
1339,27022,4626
1340,27022,4640
1341,27022,4656
1342,27022,4660
1343,27022,4662
1344,27022,5186
1345,27022,5203
1346,27022,5213
1347,27022,5231
1348,27022,5247
1349,27022,5263
1350,27022,5282
1351,27023,4578
1352,27023,4582
1353,27023,4583
1354,27023,4584
1355,27023,4585
1356,27023,4610
1357,27023,4626
1358,27023,4640
1359,27023,4656
1360,27023,4660
1361,27023,4662
1362,27023,5186
1363,27023,5203
1364,27023,5213
1365,27023,5231
1366,27023,5247
1367,27023,5263
1368,27023,5282
1369,27024,4578
1370,27024,4582
1371,27024,4583
1372,27024,4584
1373,27024,4585
1374,27024,4610
1375,27024,4626
1376,27024,4640
1377,27024,4656
1378,27024,4660
1379,27024,4662
1380,27024,5186
1381,27024,5203
1382,27024,5213
1383,27024,5231
1384,27024,5247
1385,27024,5263
1386,27024,5282
1387,27025,4578
1388,27025,4582
1389,27025,4583
1390,27025,4584
1391,27025,4585
1392,27025,4610
1393,27025,4626
1394,27025,4640
1395,27025,4656
1396,27025,4660
1397,27025,4662
1398,27025,5186
1399,27025,5203
1400,27025,5213
1401,27025,5231
1402,27025,5247
1403,27025,5263
1404,27025,5282
1405,27026,4578
1406,27026,4582
1407,27026,4583
1408,27026,4584
1409,27026,4585
1410,27026,4610
1411,27026,4626
1412,27026,4640
1413,27026,4656
1414,27026,4660
1415,27026,4662
1416,27026,5186
1417,27026,5203
1418,27026,5213
1419,27026,5231
1420,27026,5247
1421,27026,5263
1422,27026,5282
1423,27027,4578
1424,27027,4582
1425,27027,4583
1426,27027,4584
1427,27027,4585
1428,27027,4610
1429,27027,4626
1430,27027,4640
1431,27027,4656
1432,27027,4660
1433,27027,4662
1434,27027,5186
1435,27027,5203
1436,27027,5213
1437,27027,5231
1438,27027,5247
1439,27027,5263
1440,27027,5282
1441,27028,4578
1442,27028,4582
1443,27028,4583
1444,27028,4584
1445,27028,4585
1446,27028,4610
1447,27028,4626
1448,27028,4640
1449,27028,4656
1450,27028,4660
1451,27028,4662
1452,27028,5186
1453,27028,5203
1454,27028,5213
1455,27028,5231
1456,27028,5247
1457,27028,5263
1458,27028,5282
1459,27029,4578
1460,27029,4582
1461,27029,4583
1462,27029,4584
1463,27029,4585
1464,27029,4610
1465,27029,4626
1466,27029,4640
1467,27029,4656
1468,27029,4660
1469,27029,4662
1470,27029,5186
1471,27029,5203
1472,27029,5213
1473,27029,5231
1474,27029,5247
1475,27029,5263
1476,27029,5282
1477,27030,4578
1478,27030,4582
1479,27030,4583
1480,27030,4584
1481,27030,4585
1482,27030,4610
1483,27030,4626
1484,27030,4640
1485,27030,4656
1486,27030,4660
1487,27030,4662
1488,27030,5186
1489,27030,5203
1490,27030,5213
1491,27030,5231
1492,27030,5247
1493,27030,5263
1494,27030,5282
1495,27031,4578
1496,27031,4582
1497,27031,4583
1498,27031,4584
1499,27031,4585
1500,27031,4610
1501,27031,4626
1502,27031,4640
1503,27031,4656
1504,27031,4660
1505,27031,4662
1506,27031,5186
1507,27031,5203
1508,27031,5213
1509,27031,5231
1510,27031,5247
1511,27031,5263
1512,27031,5282
1513,27032,4578
1514,27032,4582
1515,27032,4583
1516,27032,4584
1517,27032,4585
1518,27032,4610
1519,27032,4626
1520,27032,4640
1521,27032,4656
1522,27032,4660
1523,27032,4662
1524,27032,5186
1525,27032,5203
1526,27032,5213
1527,27032,5231
1528,27032,5247
1529,27032,5263
1530,27032,5282
1531,27033,4578
1532,27033,4582
1533,27033,4583
1534,27033,4584
1535,27033,4585
1536,27033,4610
1537,27033,4626
1538,27033,4640
1539,27033,4656
1540,27033,4660
1541,27033,4662
1542,27033,5186
1543,27033,5203
1544,27033,5213
1545,27033,5231
1546,27033,5247
1547,27033,5263
1548,27033,5282
1549,27034,4578
1550,27034,4582
1551,27034,4583
1552,27034,4584
1553,27034,4585
1554,27034,4610
1555,27034,4626
1556,27034,4640
1557,27034,4656
1558,27034,4660
1559,27034,4662
1560,27034,5186
1561,27034,5203
1562,27034,5213
1563,27034,5231
1564,27034,5247
1565,27034,5263
1566,27034,5282
1567,27035,4578
1568,27035,4582
1569,27035,4583
1570,27035,4584
1571,27035,4585
1572,27035,4610
1573,27035,4626
1574,27035,4640
1575,27035,4656
1576,27035,4660
1577,27035,4662
1578,27035,5186
1579,27035,5203
1580,27035,5213
1581,27035,5231
1582,27035,5247
1583,27035,5263
1584,27035,5282
1585,27036,4578
1586,27036,4582
1587,27036,4583
1588,27036,4584
1589,27036,4585
1590,27036,4610
1591,27036,4626
1592,27036,4640
1593,27036,4656
1594,27036,4660
1595,27036,4662
1596,27036,5186
1597,27036,5203
1598,27036,5213
1599,27036,5231
1600,27036,5247
1601,27036,5263
1602,27036,5282
1603,27037,4578
1604,27037,4582
1605,27037,4583
1606,27037,4584
1607,27037,4585
1608,27037,4610
1609,27037,4626
1610,27037,4640
1611,27037,4656
1612,27037,4660
1613,27037,4662
1614,27037,5186
1615,27037,5203
1616,27037,5213
1617,27037,5231
1618,27037,5247
1619,27037,5263
1620,27037,5282
1621,27038,4578
1622,27038,4582
1623,27038,4583
1624,27038,4584
1625,27038,4585
1626,27038,4610
1627,27038,4626
1628,27038,4640
1629,27038,4656
1630,27038,4660
1631,27038,4662
1632,27038,5186
1633,27038,5203
1634,27038,5213
1635,27038,5231
1636,27038,5247
1637,27038,5263
1638,27038,5282
1639,27039,4578
1640,27039,4582
1641,27039,4583
1642,27039,4584
1643,27039,4585
1644,27039,4610
1645,27039,4626
1646,27039,4640
1647,27039,4656
1648,27039,4660
1649,27039,4662
1650,27039,5186
1651,27039,5203
1652,27039,5213
1653,27039,5231
1654,27039,5247
1655,27039,5263
1656,27039,5282
1657,27040,4578
1658,27040,4582
1659,27040,4583
1660,27040,4584
1661,27040,4585
1662,27040,4610
1663,27040,4626
1664,27040,4640
1665,27040,4656
1666,27040,4660
1667,27040,4662
1668,27040,5186
1669,27040,5203
1670,27040,5213
1671,27040,5231
1672,27040,5247
1673,27040,5263
1674,27040,5282
1675,27041,4578
1676,27041,4582
1677,27041,4583
1678,27041,4584
1679,27041,4585
1680,27041,4610
1681,27041,4626
1682,27041,4640
1683,27041,4656
1684,27041,4660
1685,27041,4662
1686,27041,5186
1687,27041,5203
1688,27041,5213
1689,27041,5231
1690,27041,5247
1691,27041,5263
1692,27041,5282
1693,27042,4578
1694,27042,4582
1695,27042,4583
1696,27042,4584
1697,27042,4585
1698,27042,4610
1699,27042,4626
1700,27042,4640
1701,27042,4656
1702,27042,4660
1703,27042,4662
1704,27042,5186
1705,27042,5203
1706,27042,5213
1707,27042,5231
1708,27042,5247
1709,27042,5263
1710,27042,5282
1711,27043,4418
1712,27043,4470
1713,27043,4487
1714,27043,4492
1715,27043,4493
1716,27043,4519
1717,27044,4418
1718,27044,4470
1719,27044,4487
1720,27044,4492
1721,27044,4493
1722,27044,4519
1723,27045,4418
1724,27045,4470
1725,27045,4487
1726,27045,4492
1727,27045,4493
1728,27045,4519
1729,27046,4418
1730,27046,4470
1731,27046,4487
1732,27046,4492
1733,27046,4493
1734,27046,4519
1735,27047,4418
1736,27047,4470
1737,27047,4487
1738,27047,4492
1739,27047,4493
1740,27047,4519
1741,27048,4418
1742,27048,4470
1743,27048,4487
1744,27048,4492
1745,27048,4493
1746,27048,4519
1747,27049,4418
1748,27049,4470
1749,27049,4487
1750,27049,4492
1751,27049,4493
1752,27049,4519
1753,27050,4418
1754,27050,4470
1755,27050,4487
1756,27050,4492
1757,27050,4493
1758,27050,4519
1759,27051,4418
1760,27051,4470
1761,27051,4487
1762,27051,4492
1763,27051,4493
1764,27051,4519
1765,27052,4418
1766,27052,4470
1767,27052,4487
1768,27052,4492
1769,27052,4493
1770,27052,4519
1771,27053,4418
1772,27053,4470
1773,27053,4487
1774,27053,4492
1775,27053,4493
1776,27053,4519
1777,27054,4418
1778,27054,4470
1779,27054,4487
1780,27054,4492
1781,27054,4493
1782,27054,4519
1783,27055,4418
1784,27055,4470
1785,27055,4487
1786,27055,4492
1787,27055,4493
1788,27055,4519
1789,27056,4418
1790,27056,4470
1791,27056,4487
1792,27056,4492
1793,27056,4493
1794,27056,4519
1795,27057,4418
1796,27057,4470
1797,27057,4487
1798,27057,4492
1799,27057,4493
1800,27057,4519
1801,27058,4418
1802,27058,4470
1803,27058,4487
1804,27058,4492
1805,27058,4493
1806,27058,4519
1807,27059,4418
1808,27059,4470
1809,27059,4487
1810,27059,4492
1811,27059,4493
1812,27059,4519
1813,27060,4418
1814,27060,4470
1815,27060,4487
1816,27060,4492
1817,27060,4493
1818,27060,4519
1819,27061,4418
1820,27061,4470
1821,27061,4487
1822,27061,4492
1823,27061,4493
1824,27061,4519
1825,27062,4418
1826,27062,4470
1827,27062,4487
1828,27062,4492
1829,27062,4493
1830,27062,4519
1831,27063,4418
1832,27063,4470
1833,27063,4487
1834,27063,4492
1835,27063,4493
1836,27063,4519
1837,27064,4418
1838,27064,4470
1839,27064,4487
1840,27064,4492
1841,27064,4493
1842,27064,4519
1843,27065,4418
1844,27065,4470
1845,27065,4487
1846,27065,4492
1847,27065,4493
1848,27065,4519
1849,27066,4418
1850,27066,4470
1851,27066,4487
1852,27066,4492
1853,27066,4493
1854,27066,4519
1855,27067,4418
1856,27067,4470
1857,27067,4487
1858,27067,4492
1859,27067,4493
1860,27067,4519
1861,27068,4418
1862,27068,4470
1863,27068,4487
1864,27068,4492
1865,27068,4493
1866,27068,4519
1867,27069,4418
1868,27069,4470
1869,27069,4487
1870,27069,4492
1871,27069,4493
1872,27069,4519
1873,27070,4418
1874,27070,4470
1875,27070,4487
1876,27070,4492
1877,27070,4493
1878,27070,4519
1879,27071,4418
1880,27071,4470
1881,27071,4487
1882,27071,4492
1883,27071,4493
1884,27071,4519
1885,27072,4418
1886,27072,4470
1887,27072,4487
1888,27072,4492
1889,27072,4493
1890,27072,4519
1891,27073,4418
1892,27073,4470
1893,27073,4487
1894,27073,4492
1895,27073,4493
1896,27073,4519
1897,27074,4418
1898,27074,4470
1899,27074,4487
1900,27074,4492
1901,27074,4493
1902,27074,4519
1903,27075,4418
1904,27075,4470
1905,27075,4487
1906,27075,4492
1907,27075,4493
1908,27075,4519
1909,27076,4418
1910,27076,4470
1911,27076,4487
1912,27076,4492
1913,27076,4493
1914,27076,4519
2003,27088,4519
2004,27088,4553
2005,27088,4559
2006,27088,4561
2007,27088,4562
2008,27088,5090
2009,27088,5100
2010,27088,5133
2011,27089,4519
2012,27089,4553
2013,27089,4559
2014,27089,4561
2015,27089,4562
2016,27089,5090
2017,27089,5100
2018,27089,5133
2019,27090,4519
2020,27090,4553
2021,27090,4559
2022,27090,4561
2023,27090,4562
2024,27090,5090
2025,27090,5100
2026,27090,5133
2027,27091,4519
2028,27091,4553
2029,27091,4559
2030,27091,4561
2031,27091,4562
2032,27091,5090
2033,27091,5100
2034,27091,5133
2035,27092,4519
2036,27092,4553
2037,27092,4559
2038,27092,4561
2039,27092,4562
2040,27092,5090
2041,27092,5100
2042,27092,5133
2043,27093,4519
2044,27093,4553
2045,27093,4559
2046,27093,4561
2047,27093,4562
2048,27093,5090
2049,27093,5100
2050,27093,5133
2051,27094,4519
2052,27094,4553
2053,27094,4559
2054,27094,4561
2055,27094,4562
2056,27094,5090
2057,27094,5100
2058,27094,5133
2059,27095,4519
2060,27095,4553
2061,27095,4559
2062,27095,4561
2063,27095,4562
2064,27095,5090
2065,27095,5100
2066,27095,5133
2067,27096,4519
2068,27096,4553
2069,27096,4559
2070,27096,4561
2071,27096,4562
2072,27096,5090
2073,27096,5100
2074,27096,5133
2075,27097,4519
2076,27097,4553
2077,27097,4559
2078,27097,4561
2079,27097,4562
2080,27097,5090
2081,27097,5100
2082,27097,5133
2083,27098,4519
2084,27098,4553
2085,27098,4559
2086,27098,4561
2087,27098,4562
2088,27098,5090
2089,27098,5100
2090,27098,5133
2091,27099,4682
2092,27099,4697
2093,27099,4711
2094,27099,4719
2095,27099,4735
2096,27099,4749
2097,27099,4760
2098,27099,4791
2099,27099,4816
2100,27099,4825
2101,27100,4682
2102,27100,4697
2103,27100,4711
2104,27100,4719
2105,27100,4735
2106,27100,4749
2107,27100,4760
2108,27100,4791
2109,27100,4816
2110,27100,4825
2111,27101,4682
2112,27101,4697
2113,27101,4711
2114,27101,4719
2115,27101,4735
2116,27101,4749
2117,27101,4760
2118,27101,4791
2119,27101,4816
2120,27101,4825
2121,27102,4682
2122,27102,4697
2123,27102,4711
2124,27102,4719
2125,27102,4735
2126,27102,4749
2127,27102,4760
2128,27102,4791
2129,27102,4816
2130,27102,4825
2131,27103,4682
2132,27103,4697
2133,27103,4711
2134,27103,4719
2135,27103,4735
2136,27103,4749
2137,27103,4760
2138,27103,4791
2139,27103,4816
2140,27103,4825
2141,27104,4682
2142,27104,4697
2143,27104,4711
2144,27104,4719
2145,27104,4735
2146,27104,4749
2147,27104,4760
2148,27104,4791
2149,27104,4816
2150,27104,4825
2151,27105,4682
2152,27105,4697
2153,27105,4711
2154,27105,4719
2155,27105,4735
2156,27105,4749
2157,27105,4760
2158,27105,4791
2159,27105,4816
2160,27105,4825
2161,27106,4682
2162,27106,4697
2163,27106,4711
2164,27106,4719
2165,27106,4735
2166,27106,4749
2167,27106,4760
2168,27106,4791
2169,27106,4816
2170,27106,4825
2171,27107,4682
2172,27107,4697
2173,27107,4711
2174,27107,4719
2175,27107,4735
2176,27107,4749
2177,27107,4760
2178,27107,4791
2179,27107,4816
2180,27107,4825
2181,27108,4682
2182,27108,4697
2183,27108,4711
2184,27108,4719
2185,27108,4735
2186,27108,4749
2187,27108,4760
2188,27108,4791
2189,27108,4816
2190,27108,4825
2191,27108,4832
2192,27108,4850
2193,27108,4859
2194,27108,4868
2195,27108,4877
2196,27108,4886
2197,27109,4682
2198,27109,4697
2199,27109,4711
2200,27109,4719
2201,27109,4735
2202,27109,4749
2203,27109,4760
2204,27109,4791
2205,27109,4816
2206,27109,4825
2207,27109,4832
2208,27109,4850
2209,27109,4859
2210,27109,4868
2211,27109,4877
2212,27109,4886
2213,27110,4682
2214,27110,4697
2215,27110,4711
2216,27110,4719
2217,27110,4735
2218,27110,4749
2219,27110,4760
2220,27110,4791
2221,27110,4816
2222,27110,4825
2223,27110,4832
2224,27110,4850
2225,27110,4859
2226,27110,4868
2227,27110,4877
2228,27110,4886
2229,27111,4682
2230,27111,4697
2231,27111,4711
2232,27111,4719
2233,27111,4735
2234,27111,4749
2235,27111,4760
2236,27111,4791
2237,27111,4816
2238,27111,4825
2239,27111,4832
2240,27111,4850
2241,27111,4859
2242,27111,4868
2243,27111,4877
2244,27111,4886
2245,27112,4682
2246,27112,4697
2247,27112,4711
2248,27112,4719
2249,27112,4735
2250,27112,4749
2251,27112,4760
2252,27112,4791
2253,27112,4816
2254,27112,4825
2255,27112,4832
2256,27112,4850
2257,27112,4859
2258,27112,4868
2259,27112,4877
2260,27112,4886
2261,27113,4682
2262,27113,4697
2263,27113,4711
2264,27113,4719
2265,27113,4735
2266,27113,4749
2267,27113,4760
2268,27113,4791
2269,27113,4816
2270,27113,4825
2271,27113,4832
2272,27113,4850
2273,27113,4859
2274,27113,4868
2275,27113,4877
2276,27113,4886
2277,27114,4682
2278,27114,4697
2279,27114,4711
2280,27114,4719
2281,27114,4735
2282,27114,4749
2283,27114,4760
2284,27114,4791
2285,27114,4816
2286,27114,4825
2287,27114,4832
2288,27114,4850
2289,27114,4859
2290,27114,4868
2291,27114,4877
2292,27114,4886
2293,27115,4682
2294,27115,4697
2295,27115,4711
2296,27115,4719
2297,27115,4735
2298,27115,4749
2299,27115,4760
2300,27115,4791
2301,27115,4816
2302,27115,4825
2303,27115,4832
2304,27115,4850
2305,27115,4859
2306,27115,4868
2307,27115,4877
2308,27115,4886
2309,27116,4682
2310,27116,4697
2311,27116,4711
2312,27116,4719
2313,27116,4735
2314,27116,4749
2315,27116,4760
2316,27116,4791
2317,27116,4816
2318,27116,4825
2319,27116,4832
2320,27116,4850
2321,27116,4859
2322,27116,4868
2323,27116,4877
2324,27116,4886
2325,27117,4682
2326,27117,4697
2327,27117,4711
2328,27117,4719
2329,27117,4735
2330,27117,4749
2331,27117,4760
2332,27117,4791
2333,27117,4816
2334,27117,4825
2335,27117,4832
2336,27117,4850
2337,27117,4859
2338,27117,4868
2339,27117,4877
2340,27117,4886
2341,27118,4682
2342,27118,4697
2343,27118,4711
2344,27118,4719
2345,27118,4735
2346,27118,4749
2347,27118,4760
2348,27118,4791
2349,27118,4816
2350,27118,4825
2351,27118,4832
2352,27118,4850
2353,27118,4859
2354,27118,4868
2355,27118,4877
2356,27118,4886
2357,27119,4682
2358,27119,4697
2359,27119,4711
2360,27119,4719
2361,27119,4735
2362,27119,4749
2363,27119,4760
2364,27119,4791
2365,27119,4816
2366,27119,4825
2367,27119,4832
2368,27119,4850
2369,27119,4859
2370,27119,4868
2371,27119,4877
2372,27119,4886
2373,27120,4682
2374,27120,4697
2375,27120,4711
2376,27120,4719
2377,27120,4735
2378,27120,4749
2379,27120,4760
2380,27120,4791
2381,27120,4816
2382,27120,4825
2383,27120,4832
2384,27120,4850
2385,27120,4859
2386,27120,4868
2387,27120,4877
2388,27120,4886
2389,27121,4682
2390,27121,4697
2391,27121,4711
2392,27121,4719
2393,27121,4735
2394,27121,4749
2395,27121,4760
2396,27121,4791
2397,27121,4816
2398,27121,4825
2399,27121,4832
2400,27121,4850
2401,27121,4859
2402,27121,4868
2403,27121,4877
2404,27121,4886
2405,27122,4682
2406,27122,4697
2407,27122,4711
2408,27122,4719
2409,27122,4735
2410,27122,4749
2411,27122,4760
2412,27122,4791
2413,27122,4816
2414,27122,4825
2415,27122,4832
2416,27122,4850
2417,27122,4859
2418,27122,4868
2419,27122,4877
2420,27122,4886
2421,27123,4682
2422,27123,4697
2423,27123,4711
2424,27123,4719
2425,27123,4735
2426,27123,4749
2427,27123,4760
2428,27123,4791
2429,27123,4816
2430,27123,4825
2431,27123,4832
2432,27123,4850
2433,27123,4859
2434,27123,4868
2435,27123,4877
2436,27123,4886
2437,27124,4682
2438,27124,4697
2439,27124,4711
2440,27124,4719
2441,27124,4735
2442,27124,4749
2443,27124,4760
2444,27124,4791
2445,27124,4816
2446,27124,4825
2447,27124,4832
2448,27124,4850
2449,27124,4859
2450,27124,4868
2451,27124,4877
2452,27124,4886
2453,27125,4682
2454,27125,4697
2455,27125,4711
2456,27125,4719
2457,27125,4735
2458,27125,4749
2459,27125,4760
2460,27125,4791
2461,27125,4816
2462,27125,4825
2463,27125,4832
2464,27125,4850
2465,27125,4859
2466,27125,4868
2467,27125,4877
2468,27125,4886
2469,27126,4682
2470,27126,4697
2471,27126,4711
2472,27126,4719
2473,27126,4735
2474,27126,4749
2475,27126,4760
2476,27126,4791
2477,27126,4816
2478,27126,4825
2479,27126,4832
2480,27126,4850
2481,27126,4859
2482,27126,4868
2483,27126,4877
2484,27126,4886
2485,27127,4682
2486,27127,4697
2487,27127,4711
2488,27127,4719
2489,27127,4735
2490,27127,4749
2491,27127,4760
2492,27127,4791
2493,27127,4816
2494,27127,4825
2495,27127,4832
2496,27127,4850
2497,27127,4859
2498,27127,4868
2499,27127,4877
2500,27127,4886
2501,27128,4682
2502,27128,4697
2503,27128,4711
2504,27128,4719
2505,27128,4735
2506,27128,4749
2507,27128,4760
2508,27128,4791
2509,27128,4816
2510,27128,4825
2511,27128,4832
2512,27128,4850
2513,27128,4859
2514,27128,4868
2515,27128,4877
2516,27128,4886
2517,27129,4682
2518,27129,4697
2519,27129,4711
2520,27129,4719
2521,27129,4735
2522,27129,4749
2523,27129,4760
2524,27129,4791
2525,27129,4816
2526,27129,4825
2527,27129,4832
2528,27129,4850
2529,27129,4859
2530,27129,4868
2531,27129,4877
2532,27129,4886
2533,27130,4682
2534,27130,4697
2535,27130,4711
2536,27130,4719
2537,27130,4735
2538,27130,4749
2539,27130,4760
2540,27130,4791
2541,27130,4816
2542,27130,4825
2543,27130,4832
2544,27130,4850
2545,27130,4859
2546,27130,4868
2547,27130,4877
2548,27130,4886
2549,27131,4682
2550,27131,4697
2551,27131,4711
2552,27131,4719
2553,27131,4735
2554,27131,4749
2555,27131,4760
2556,27131,4791
2557,27131,4816
2558,27131,4825
2559,27131,4832
2560,27131,4850
2561,27131,4859
2562,27131,4868
2563,27131,4877
2564,27131,4886
2565,27132,4682
2566,27132,4697
2567,27132,4711
2568,27132,4719
2569,27132,4735
2570,27132,4749
2571,27132,4760
2572,27132,4791
2573,27132,4816
2574,27132,4825
2575,27132,4832
2576,27132,4850
2577,27132,4859
2578,27132,4868
2579,27132,4877
2580,27132,4886
2581,27133,4682
2582,27133,4697
2583,27133,4711
2584,27133,4719
2585,27133,4735
2586,27133,4749
2587,27133,4760
2588,27133,4791
2589,27133,4816
2590,27133,4825
2591,27133,4832
2592,27133,4850
2593,27133,4859
2594,27133,4868
2595,27133,4877
2596,27133,4886
2597,27134,4682
2598,27134,4697
2599,27134,4711
2600,27134,4719
2601,27134,4735
2602,27134,4749
2603,27134,4760
2604,27134,4791
2605,27134,4816
2606,27134,4825
2607,27134,4832
2608,27134,4850
2609,27134,4859
2610,27134,4868
2611,27134,4877
2612,27134,4886
2613,27135,4682
2614,27135,4697
2615,27135,4711
2616,27135,4719
2617,27135,4735
2618,27135,4749
2619,27135,4760
2620,27135,4791
2621,27135,4816
2622,27135,4825
2623,27135,4832
2624,27135,4850
2625,27135,4859
2626,27135,4868
2627,27135,4877
2628,27135,4886
2629,27136,4682
2630,27136,4697
2631,27136,4711
2632,27136,4719
2633,27136,4735
2634,27136,4749
2635,27136,4760
2636,27136,4791
2637,27136,4816
2638,27136,4825
2639,27136,4832
2640,27136,4850
2641,27136,4859
2642,27136,4868
2643,27136,4877
2644,27136,4886
2645,27136,4895
2646,27136,4904
2647,27136,4913
2648,27136,4922
2649,27136,4931
2650,27136,4936
2651,27136,4937
2652,27136,4939
2653,27136,4941
2654,27137,4682
2655,27137,4697
2656,27137,4711
2657,27137,4719
2658,27137,4735
2659,27137,4749
2660,27137,4760
2661,27137,4791
2662,27137,4816
2663,27137,4825
2664,27137,4832
2665,27137,4850
2666,27137,4859
2667,27137,4868
2668,27137,4877
2669,27137,4886
2670,27137,4895
2671,27137,4904
2672,27137,4913
2673,27137,4922
2674,27137,4931
2675,27137,4936
2676,27137,4937
2677,27137,4939
2678,27137,4941
2679,27138,4682
2680,27138,4697
2681,27138,4711
2682,27138,4719
2683,27138,4735
2684,27138,4749
2685,27138,4760
2686,27138,4791
2687,27138,4816
2688,27138,4825
2689,27138,4832
2690,27138,4850
2691,27138,4859
2692,27138,4868
2693,27138,4877
2694,27138,4886
2695,27138,4895
2696,27138,4904
2697,27138,4913
2698,27138,4922
2699,27138,4931
2700,27138,4936
2701,27138,4937
2702,27138,4939
2703,27138,4941
2704,27139,4682
2705,27139,4697
2706,27139,4711
2707,27139,4719
2708,27139,4735
2709,27139,4749
2710,27139,4760
2711,27139,4791
2712,27139,4816
2713,27139,4825
2714,27139,4832
2715,27139,4850
2716,27139,4859
2717,27139,4868
2718,27139,4877
2719,27139,4886
2720,27139,4895
2721,27139,4904
2722,27139,4913
2723,27139,4922
2724,27139,4931
2725,27139,4936
2726,27139,4937
2727,27139,4939
2728,27139,4941
2729,27140,4682
2730,27140,4697
2731,27140,4711
2732,27140,4719
2733,27140,4735
2734,27140,4749
2735,27140,4760
2736,27140,4791
2737,27140,4816
2738,27140,4825
2739,27140,4832
2740,27140,4850
2741,27140,4859
2742,27140,4868
2743,27140,4877
2744,27140,4886
2745,27140,4895
2746,27140,4904
2747,27140,4913
2748,27140,4922
2749,27140,4931
2750,27140,4936
2751,27140,4937
2752,27140,4939
2753,27140,4941
2754,27141,4682
2755,27141,4697
2756,27141,4711
2757,27141,4719
2758,27141,4735
2759,27141,4749
2760,27141,4760
2761,27141,4791
2762,27141,4816
2763,27141,4825
2764,27141,4832
2765,27141,4850
2766,27141,4859
2767,27141,4868
2768,27141,4877
2769,27141,4886
2770,27141,4895
2771,27141,4904
2772,27141,4913
2773,27141,4922
2774,27141,4931
2775,27141,4936
2776,27141,4937
2777,27141,4939
2778,27141,4941
2779,27142,4682
2780,27142,4697
2781,27142,4711
2782,27142,4719
2783,27142,4735
2784,27142,4749
2785,27142,4760
2786,27142,4791
2787,27142,4816
2788,27142,4825
2789,27142,4832
2790,27142,4850
2791,27142,4859
2792,27142,4868
2793,27142,4877
2794,27142,4886
2795,27142,4895
2796,27142,4904
2797,27142,4913
2798,27142,4922
2799,27142,4931
2800,27142,4936
2801,27142,4937
2802,27142,4939
2803,27142,4941
2804,27143,4682
2805,27143,4697
2806,27143,4711
2807,27143,4719
2808,27143,4735
2809,27143,4749
2810,27143,4760
2811,27143,4791
2812,27143,4816
2813,27143,4825
2814,27143,4832
2815,27143,4850
2816,27143,4859
2817,27143,4868
2818,27143,4877
2819,27143,4886
2820,27143,4895
2821,27143,4904
2822,27143,4913
2823,27143,4922
2824,27143,4931
2825,27143,4936
2826,27143,4937
2827,27143,4939
2828,27143,4941
2829,27144,4682
2830,27144,4697
2831,27144,4711
2832,27144,4719
2833,27144,4735
2834,27144,4749
2835,27144,4760
2836,27144,4791
2837,27144,4816
2838,27144,4825
2839,27144,4832
2840,27144,4850
2841,27144,4859
2842,27144,4868
2843,27144,4877
2844,27144,4886
2845,27144,4895
2846,27144,4904
2847,27144,4913
2848,27144,4922
2849,27144,4931
2850,27144,4936
2851,27144,4937
2852,27144,4939
2853,27144,4941
2854,27145,4682
2855,27145,4697
2856,27145,4711
2857,27145,4719
2858,27145,4735
2859,27145,4749
2860,27145,4760
2861,27145,4791
2862,27145,4816
2863,27145,4825
2864,27145,4832
2865,27145,4850
2866,27145,4859
2867,27145,4868
2868,27145,4877
2869,27145,4886
2870,27145,4895
2871,27145,4904
2872,27145,4913
2873,27145,4922
2874,27145,4931
2875,27145,4936
2876,27145,4937
2877,27145,4939
2878,27145,4941
2879,27146,4682
2880,27146,4697
2881,27146,4711
2882,27146,4719
2883,27146,4735
2884,27146,4749
2885,27146,4760
2886,27146,4791
2887,27146,4816
2888,27146,4825
2889,27146,4832
2890,27146,4850
2891,27146,4859
2892,27146,4868
2893,27146,4877
2894,27146,4886
2895,27146,4895
2896,27146,4904
2897,27146,4913
2898,27146,4922
2899,27146,4931
2900,27146,4936
2901,27146,4937
2902,27146,4939
2903,27146,4941
2904,27147,4682
2905,27147,4697
2906,27147,4711
2907,27147,4719
2908,27147,4735
2909,27147,4749
2910,27147,4760
2911,27147,4791
2912,27147,4816
2913,27147,4825
2914,27147,4832
2915,27147,4850
2916,27147,4859
2917,27147,4868
2918,27147,4877
2919,27147,4886
2920,27147,4895
2921,27147,4904
2922,27147,4913
2923,27147,4922
2924,27147,4931
2925,27147,4936
2926,27147,4937
2927,27147,4939
2928,27147,4941
2929,27148,4682
2930,27148,4697
2931,27148,4711
2932,27148,4719
2933,27148,4735
2934,27148,4749
2935,27148,4760
2936,27148,4791
2937,27148,4816
2938,27148,4825
2939,27148,4832
2940,27148,4850
2941,27148,4859
2942,27148,4868
2943,27148,4877
2944,27148,4886
2945,27148,4895
2946,27148,4904
2947,27148,4913
2948,27148,4922
2949,27148,4931
2950,27148,4936
2951,27148,4937
2952,27148,4939
2953,27148,4941
2954,27149,4682
2955,27149,4697
2956,27149,4711
2957,27149,4719
2958,27149,4735
2959,27149,4749
2960,27149,4760
2961,27149,4791
2962,27149,4816
2963,27149,4825
2964,27149,4832
2965,27149,4850
2966,27149,4859
2967,27149,4868
2968,27149,4877
2969,27149,4886
2970,27149,4895
2971,27149,4904
2972,27149,4913
2973,27149,4922
2974,27149,4931
2975,27149,4936
2976,27149,4937
2977,27149,4939
2978,27149,4941
2979,27150,4682
2980,27150,4697
2981,27150,4711
2982,27150,4719
2983,27150,4735
2984,27150,4749
2985,27150,4760
2986,27150,4791
2987,27150,4816
2988,27150,4825
2989,27150,4832
2990,27150,4850
2991,27150,4859
2992,27150,4868
2993,27150,4877
2994,27150,4886
2995,27150,4895
2996,27150,4904
2997,27150,4913
2998,27150,4922
2999,27150,4931
3000,27150,4936
3001,27150,4937
3002,27150,4939
3003,27150,4941
3004,27151,4682
3005,27151,4697
3006,27151,4711
3007,27151,4719
3008,27151,4735
3009,27151,4749
3010,27151,4760
3011,27151,4791
3012,27151,4816
3013,27151,4825
3014,27151,4832
3015,27151,4850
3016,27151,4859
3017,27151,4868
3018,27151,4877
3019,27151,4886
3020,27151,4895
3021,27151,4904
3022,27151,4913
3023,27151,4922
3024,27151,4931
3025,27151,4936
3026,27151,4937
3027,27151,4939
3028,27151,4941
3029,27152,4682
3030,27152,4697
3031,27152,4711
3032,27152,4719
3033,27152,4735
3034,27152,4749
3035,27152,4760
3036,27152,4791
3037,27152,4816
3038,27152,4825
3039,27152,4832
3040,27152,4850
3041,27152,4859
3042,27152,4868
3043,27152,4877
3044,27152,4886
3045,27152,4895
3046,27152,4904
3047,27152,4913
3048,27152,4922
3049,27152,4931
3050,27152,4936
3051,27152,4937
3052,27152,4939
3053,27152,4941
3054,27153,4682
3055,27153,4697
3056,27153,4711
3057,27153,4719
3058,27153,4735
3059,27153,4749
3060,27153,4760
3061,27153,4791
3062,27153,4816
3063,27153,4825
3064,27153,4832
3065,27153,4850
3066,27153,4859
3067,27153,4868
3068,27153,4877
3069,27153,4886
3070,27153,4895
3071,27153,4904
3072,27153,4913
3073,27153,4922
3074,27153,4931
3075,27153,4936
3076,27153,4937
3077,27153,4939
3078,27153,4941
3079,27154,4682
3080,27154,4697
3081,27154,4711
3082,27154,4719
3083,27154,4735
3084,27154,4749
3085,27154,4760
3086,27154,4791
3087,27154,4816
3088,27154,4825
3089,27154,4832
3090,27154,4850
3091,27154,4859
3092,27154,4868
3093,27154,4877
3094,27154,4886
3095,27154,4895
3096,27154,4904
3097,27154,4913
3098,27154,4922
3099,27154,4931
3100,27154,4936
3101,27154,4937
3102,27154,4939
3103,27154,4941
3104,27155,4682
3105,27155,4697
3106,27155,4711
3107,27155,4719
3108,27155,4735
3109,27155,4749
3110,27155,4760
3111,27155,4791
3112,27155,4816
3113,27155,4825
3114,27155,4832
3115,27155,4850
3116,27155,4859
3117,27155,4868
3118,27155,4877
3119,27155,4886
3120,27155,4895
3121,27155,4904
3122,27155,4913
3123,27155,4922
3124,27155,4931
3125,27155,4936
3126,27155,4937
3127,27155,4939
3128,27155,4941
3129,27156,4682
3130,27156,4697
3131,27156,4711
3132,27156,4719
3133,27156,4735
3134,27156,4749
3135,27156,4760
3136,27156,4791
3137,27156,4816
3138,27156,4825
3139,27156,4832
3140,27156,4850
3141,27156,4859
3142,27156,4868
3143,27156,4877
3144,27156,4886
3145,27156,4895
3146,27156,4904
3147,27156,4913
3148,27156,4922
3149,27156,4931
3150,27156,4936
3151,27156,4937
3152,27156,4939
3153,27156,4941
3154,27157,4682
3155,27157,4697
3156,27157,4711
3157,27157,4719
3158,27157,4735
3159,27157,4749
3160,27157,4760
3161,27157,4791
3162,27157,4816
3163,27157,4825
3164,27157,4832
3165,27157,4850
3166,27157,4859
3167,27157,4868
3168,27157,4877
3169,27157,4886
3170,27157,4895
3171,27157,4904
3172,27157,4913
3173,27157,4922
3174,27157,4931
3175,27157,4936
3176,27157,4937
3177,27157,4939
3178,27157,4941
3179,27158,4682
3180,27158,4697
3181,27158,4711
3182,27158,4719
3183,27158,4735
3184,27158,4749
3185,27158,4760
3186,27158,4791
3187,27158,4816
3188,27158,4825
3189,27158,4832
3190,27158,4850
3191,27158,4859
3192,27158,4868
3193,27158,4877
3194,27158,4886
3195,27158,4895
3196,27158,4904
3197,27158,4913
3198,27158,4922
3199,27158,4931
3200,27158,4936
3201,27158,4937
3202,27158,4939
3203,27158,4941
3204,27159,4682
3205,27159,4697
3206,27159,4711
3207,27159,4719
3208,27159,4735
3209,27159,4749
3210,27159,4760
3211,27159,4791
3212,27159,4816
3213,27159,4825
3214,27159,4832
3215,27159,4850
3216,27159,4859
3217,27159,4868
3218,27159,4877
3219,27159,4886
3220,27159,4895
3221,27159,4904
3222,27159,4913
3223,27159,4922
3224,27159,4931
3225,27159,4936
3226,27159,4937
3227,27159,4939
3228,27159,4941
3229,27160,4682
3230,27160,4697
3231,27160,4711
3232,27160,4719
3233,27160,4735
3234,27160,4749
3235,27160,4760
3236,27160,4791
3237,27160,4816
3238,27160,4825
3239,27160,4832
3240,27160,4850
3241,27160,4859
3242,27160,4868
3243,27160,4877
3244,27160,4886
3245,27160,4895
3246,27160,4904
3247,27160,4913
3248,27160,4922
3249,27160,4931
3250,27160,4936
3251,27160,4937
3252,27160,4939
3253,27160,4941
3254,27161,4682
3255,27161,4697
3256,27161,4711
3257,27161,4719
3258,27161,4735
3259,27161,4749
3260,27161,4760
3261,27161,4791
3262,27161,4816
3263,27161,4825
3264,27161,4832
3265,27161,4850
3266,27161,4859
3267,27161,4868
3268,27161,4877
3269,27161,4886
3270,27161,4895
3271,27161,4904
3272,27161,4913
3273,27161,4922
3274,27161,4931
3275,27161,4936
3276,27161,4937
3277,27161,4939
3278,27161,4941
3279,27162,4682
3280,27162,4697
3281,27162,4711
3282,27162,4719
3283,27162,4735
3284,27162,4749
3285,27162,4760
3286,27162,4791
3287,27162,4816
3288,27162,4825
3289,27162,4832
3290,27162,4850
3291,27162,4859
3292,27162,4868
3293,27162,4877
3294,27162,4886
3295,27162,4895
3296,27162,4904
3297,27162,4913
3298,27162,4922
3299,27162,4931
3300,27162,4936
3301,27162,4937
3302,27162,4939
3303,27162,4941
3304,27163,4682
3305,27163,4697
3306,27163,4711
3307,27163,4719
3308,27163,4735
3309,27163,4749
3310,27163,4760
3311,27163,4791
3312,27163,4816
3313,27163,4825
3314,27163,4832
3315,27163,4850
3316,27163,4859
3317,27163,4868
3318,27163,4877
3319,27163,4886
3320,27163,4895
3321,27163,4904
3322,27163,4913
3323,27163,4922
3324,27163,4931
3325,27163,4936
3326,27163,4937
3327,27163,4939
3328,27163,4941
3329,27164,4682
3330,27164,4697
3331,27164,4711
3332,27164,4719
3333,27164,4735
3334,27164,4749
3335,27164,4760
3336,27164,4791
3337,27164,4816
3338,27164,4825
3339,27164,4832
3340,27164,4850
3341,27164,4859
3342,27164,4868
3343,27164,4877
3344,27164,4886
3345,27164,4895
3346,27164,4904
3347,27164,4913
3348,27164,4922
3349,27164,4931
3350,27164,4936
3351,27164,4937
3352,27164,4939
3353,27164,4941
3354,27165,4682
3355,27165,4697
3356,27165,4711
3357,27165,4719
3358,27165,4735
3359,27165,4749
3360,27165,4760
3361,27165,4791
3362,27165,4816
3363,27165,4825
3364,27165,4832
3365,27165,4850
3366,27165,4859
3367,27165,4868
3368,27165,4877
3369,27165,4886
3370,27165,4895
3371,27165,4904
3372,27165,4913
3373,27165,4922
3374,27165,4931
3375,27165,4936
3376,27165,4937
3377,27165,4939
3378,27165,4941
3379,27166,4682
3380,27166,4697
3381,27166,4711
3382,27166,4719
3383,27166,4735
3384,27166,4749
3385,27166,4760
3386,27166,4791
3387,27166,4816
3388,27166,4825
3389,27166,4832
3390,27166,4850
3391,27166,4859
3392,27166,4868
3393,27166,4877
3394,27166,4886
3395,27166,4895
3396,27166,4904
3397,27166,4913
3398,27166,4922
3399,27166,4931
3400,27166,4936
3401,27166,4937
3402,27166,4939
3403,27166,4941
3404,27167,4682
3405,27167,4697
3406,27167,4711
3407,27167,4719
3408,27167,4735
3409,27167,4749
3410,27167,4760
3411,27167,4791
3412,27167,4816
3413,27167,4825
3414,27167,4832
3415,27167,4850
3416,27167,4859
3417,27167,4868
3418,27167,4877
3419,27167,4886
3420,27167,4895
3421,27167,4904
3422,27167,4913
3423,27167,4922
3424,27167,4931
3425,27167,4936
3426,27167,4937
3427,27167,4939
3428,27167,4941
3429,27168,4682
3430,27168,4697
3431,27168,4711
3432,27168,4719
3433,27168,4735
3434,27168,4749
3435,27168,4760
3436,27168,4791
3437,27168,4816
3438,27168,4825
3439,27168,4832
3440,27168,4850
3441,27168,4859
3442,27168,4868
3443,27168,4877
3444,27168,4886
3445,27168,4895
3446,27168,4904
3447,27168,4913
3448,27168,4922
3449,27168,4931
3450,27168,4936
3451,27168,4937
3452,27168,4939
3453,27168,4941
3454,27169,4682
3455,27169,4697
3456,27169,4711
3457,27169,4719
3458,27169,4735
3459,27169,4749
3460,27169,4760
3461,27169,4791
3462,27169,4816
3463,27169,4825
3464,27169,4832
3465,27169,4850
3466,27169,4859
3467,27169,4868
3468,27169,4877
3469,27169,4886
3470,27169,4895
3471,27169,4904
3472,27169,4913
3473,27169,4922
3474,27169,4931
3475,27169,4936
3476,27169,4937
3477,27169,4939
3478,27169,4941
3479,27170,4682
3480,27170,4697
3481,27170,4711
3482,27170,4719
3483,27170,4735
3484,27170,4749
3485,27170,4760
3486,27170,4791
3487,27170,4816
3488,27170,4825
3489,27170,4832
3490,27170,4850
3491,27170,4859
3492,27170,4868
3493,27170,4877
3494,27170,4886
3495,27170,4895
3496,27170,4904
3497,27170,4913
3498,27170,4922
3499,27170,4931
3500,27170,4936
3501,27170,4937
3502,27170,4939
3503,27170,4941
3504,27171,4682
3505,27171,4697
3506,27171,4711
3507,27171,4719
3508,27171,4735
3509,27171,4749
3510,27171,4760
3511,27171,4791
3512,27171,4816
3513,27171,4825
3514,27171,4832
3515,27171,4850
3516,27171,4859
3517,27171,4868
3518,27171,4877
3519,27171,4886
3520,27171,4895
3521,27171,4904
3522,27171,4913
3523,27171,4922
3524,27171,4931
3525,27171,4936
3526,27171,4937
3527,27171,4939
3528,27171,4941
3529,27172,4682
3530,27172,4697
3531,27172,4711
3532,27172,4719
3533,27172,4735
3534,27172,4749
3535,27172,4760
3536,27172,4791
3537,27172,4816
3538,27172,4825
3539,27172,4832
3540,27172,4850
3541,27172,4859
3542,27172,4868
3543,27172,4877
3544,27172,4886
3545,27172,4895
3546,27172,4904
3547,27172,4913
3548,27172,4922
3549,27172,4931
3550,27172,4936
3551,27172,4937
3552,27172,4939
3553,27172,4941
3554,27173,4682
3555,27173,4697
3556,27173,4711
3557,27173,4719
3558,27173,4735
3559,27173,4749
3560,27173,4760
3561,27173,4791
3562,27173,4816
3563,27173,4825
3564,27173,4832
3565,27173,4850
3566,27173,4859
3567,27173,4868
3568,27173,4877
3569,27173,4886
3570,27173,4895
3571,27173,4904
3572,27173,4913
3573,27173,4922
3574,27173,4931
3575,27173,4936
3576,27173,4937
3577,27173,4939
3578,27173,4941
3579,27174,4682
3580,27174,4697
3581,27174,4711
3582,27174,4719
3583,27174,4735
3584,27174,4749
3585,27174,4760
3586,27174,4791
3587,27174,4816
3588,27174,4825
3589,27174,4832
3590,27174,4850
3591,27174,4859
3592,27174,4868
3593,27174,4877
3594,27174,4886
3595,27174,4895
3596,27174,4904
3597,27174,4913
3598,27174,4922
3599,27174,4931
3600,27174,4936
3601,27174,4937
3602,27174,4939
3603,27174,4941
3604,27175,4682
3605,27175,4697
3606,27175,4711
3607,27175,4719
3608,27175,4735
3609,27175,4749
3610,27175,4760
3611,27175,4791
3612,27175,4816
3613,27175,4825
3614,27175,4832
3615,27175,4850
3616,27175,4859
3617,27175,4868
3618,27175,4877
3619,27175,4886
3620,27175,4895
3621,27175,4904
3622,27175,4913
3623,27175,4922
3624,27175,4931
3625,27175,4936
3626,27175,4937
3627,27175,4939
3628,27175,4941
3629,27176,4682
3630,27176,4697
3631,27176,4711
3632,27176,4719
3633,27176,4735
3634,27176,4749
3635,27176,4760
3636,27176,4791
3637,27176,4816
3638,27176,4825
3639,27176,4832
3640,27176,4850
3641,27176,4859
3642,27176,4868
3643,27176,4877
3644,27176,4886
3645,27176,4895
3646,27176,4904
3647,27176,4913
3648,27176,4922
3649,27176,4931
3650,27176,4936
3651,27176,4937
3652,27176,4939
3653,27176,4941
3654,27177,4682
3655,27177,4697
3656,27177,4711
3657,27177,4719
3658,27177,4735
3659,27177,4749
3660,27177,4760
3661,27177,4791
3662,27177,4816
3663,27177,4825
3664,27177,4832
3665,27177,4850
3666,27177,4859
3667,27177,4868
3668,27177,4877
3669,27177,4886
3670,27177,4895
3671,27177,4904
3672,27177,4913
3673,27177,4922
3674,27177,4931
3675,27177,4936
3676,27177,4937
3677,27177,4939
3678,27177,4941
3679,27178,4682
3680,27178,4697
3681,27178,4711
3682,27178,4719
3683,27178,4735
3684,27178,4749
3685,27178,4760
3686,27178,4791
3687,27178,4816
3688,27178,4825
3689,27178,4832
3690,27178,4850
3691,27178,4859
3692,27178,4868
3693,27178,4877
3694,27178,4886
3695,27178,4895
3696,27178,4904
3697,27178,4913
3698,27178,4922
3699,27178,4931
3700,27178,4936
3701,27178,4937
3702,27178,4939
3703,27178,4941
3704,27179,4682
3705,27179,4697
3706,27179,4711
3707,27179,4719
3708,27179,4735
3709,27179,4749
3710,27179,4760
3711,27179,4791
3712,27179,4816
3713,27179,4825
3714,27179,4832
3715,27179,4850
3716,27179,4859
3717,27179,4868
3718,27179,4877
3719,27179,4886
3720,27179,4895
3721,27179,4904
3722,27179,4913
3723,27179,4922
3724,27179,4931
3725,27179,4936
3726,27179,4937
3727,27179,4939
3728,27179,4941
3729,27180,4682
3730,27180,4697
3731,27180,4711
3732,27180,4719
3733,27180,4735
3734,27180,4749
3735,27180,4760
3736,27180,4791
3737,27180,4816
3738,27180,4825
3739,27180,4832
3740,27180,4850
3741,27180,4859
3742,27180,4868
3743,27180,4877
3744,27180,4886
3745,27180,4895
3746,27180,4904
3747,27180,4913
3748,27180,4922
3749,27180,4931
3750,27180,4936
3751,27180,4937
3752,27180,4939
3753,27180,4941
3754,27181,4682
3755,27181,4697
3756,27181,4711
3757,27181,4719
3758,27181,4735
3759,27181,4749
3760,27181,4760
3761,27181,4791
3762,27181,4816
3763,27181,4825
3764,27181,4832
3765,27181,4850
3766,27181,4859
3767,27181,4868
3768,27181,4877
3769,27181,4886
3770,27181,4895
3771,27181,4904
3772,27181,4913
3773,27181,4922
3774,27181,4931
3775,27181,4936
3776,27181,4937
3777,27181,4939
3778,27181,4941
3779,27182,4682
3780,27182,4697
3781,27182,4711
3782,27182,4719
3783,27182,4735
3784,27182,4749
3785,27182,4760
3786,27182,4791
3787,27182,4816
3788,27182,4825
3789,27182,4832
3790,27182,4850
3791,27182,4859
3792,27182,4868
3793,27182,4877
3794,27182,4886
3795,27182,4895
3796,27182,4904
3797,27182,4913
3798,27182,4922
3799,27182,4931
3800,27182,4936
3801,27182,4937
3802,27182,4939
3803,27182,4941
3804,27183,4682
3805,27183,4697
3806,27183,4711
3807,27183,4719
3808,27183,4735
3809,27183,4749
3810,27183,4760
3811,27183,4791
3812,27183,4816
3813,27183,4825
3814,27183,4832
3815,27183,4850
3816,27183,4859
3817,27183,4868
3818,27183,4877
3819,27183,4886
3820,27183,4895
3821,27183,4904
3822,27183,4913
3823,27183,4922
3824,27183,4931
3825,27183,4936
3826,27183,4937
3827,27183,4939
3828,27183,4941
3829,27184,4682
3830,27184,4697
3831,27184,4711
3832,27184,4719
3833,27184,4735
3834,27184,4749
3835,27184,4760
3836,27184,4791
3837,27184,4816
3838,27184,4825
3839,27184,4832
3840,27184,4850
3841,27184,4859
3842,27184,4868
3843,27184,4877
3844,27184,4886
3845,27184,4895
3846,27184,4904
3847,27184,4913
3848,27184,4922
3849,27184,4931
3850,27184,4936
3851,27184,4937
3852,27184,4939
3853,27184,4941
3854,27185,4682
3855,27185,4697
3856,27185,4711
3857,27185,4719
3858,27185,4735
3859,27185,4749
3860,27185,4760
3861,27185,4791
3862,27185,4816
3863,27185,4825
3864,27185,4832
3865,27185,4850
3866,27185,4859
3867,27185,4868
3868,27185,4877
3869,27185,4886
3870,27185,4895
3871,27185,4904
3872,27185,4913
3873,27185,4922
3874,27185,4931
3875,27185,4936
3876,27185,4937
3877,27185,4939
3878,27185,4941
3879,27186,4553
3880,27186,4559
3881,27186,4561
3882,27186,4562
3883,27186,5090
3884,27186,5100
3885,27186,5133
3886,27186,5158
3887,27186,5164
3888,27186,5165
3889,27186,5171
3890,27187,4553
3891,27187,4559
3892,27187,4561
3893,27187,4562
3894,27187,5090
3895,27187,5100
3896,27187,5133
3897,27187,5158
3898,27187,5164
3899,27187,5165
3900,27187,5171
3901,27188,4553
3902,27188,4559
3903,27188,4561
3904,27188,4562
3905,27188,5090
3906,27188,5100
3907,27188,5133
3908,27188,5158
3909,27188,5164
3910,27188,5165
3911,27188,5171
3912,27189,4553
3913,27189,4559
3914,27189,4561
3915,27189,4562
3916,27189,5090
3917,27189,5100
3918,27189,5133
3919,27189,5158
3920,27189,5164
3921,27189,5165
3922,27189,5171
3923,27190,4553
3924,27190,4559
3925,27190,4561
3926,27190,4562
3927,27190,5090
3928,27190,5100
3929,27190,5133
3930,27190,5158
3931,27190,5164
3932,27190,5165
3933,27190,5171
3934,27191,4553
3935,27191,4559
3936,27191,4561
3937,27191,4562
3938,27191,5090
3939,27191,5100
3940,27191,5133
3941,27191,5158
3942,27191,5164
3943,27191,5165
3944,27191,5171
3945,27192,4553
3946,27192,4559
3947,27192,4561
3948,27192,4562
3949,27192,5090
3950,27192,5100
3951,27192,5133
3952,27192,5158
3953,27192,5164
3954,27192,5165
3955,27192,5171
3956,27193,4553
3957,27193,4559
3958,27193,4561
3959,27193,4562
3960,27193,5090
3961,27193,5100
3962,27193,5133
3963,27193,5158
3964,27193,5164
3965,27193,5165
3966,27193,5171
3967,27194,4553
3968,27194,4559
3969,27194,4561
3970,27194,4562
3971,27194,5090
3972,27194,5100
3973,27194,5133
3974,27194,5158
3975,27194,5164
3976,27194,5165
3977,27194,5171
3978,27195,4553
3979,27195,4559
3980,27195,4561
3981,27195,4562
3982,27195,5090
3983,27195,5100
3984,27195,5133
3985,27195,5158
3986,27195,5164
3987,27195,5165
3988,27195,5171
3989,27196,4553
3990,27196,4559
3991,27196,4561
3992,27196,4562
3993,27196,5090
3994,27196,5100
3995,27196,5133
3996,27196,5158
3997,27196,5164
3998,27196,5165
3999,27196,5171
4000,27197,4553
4001,27197,4559
4002,27197,4561
4003,27197,4562
4004,27197,5090
4005,27197,5100
4006,27197,5133
4007,27197,5158
4008,27197,5164
4009,27197,5165
4010,27197,5171
4011,27198,4553
4012,27198,4559
4013,27198,4561
4014,27198,4562
4015,27198,5090
4016,27198,5100
4017,27198,5133
4018,27198,5158
4019,27198,5164
4020,27198,5165
4021,27198,5171
4022,27199,4553
4023,27199,4559
4024,27199,4561
4025,27199,4562
4026,27199,5090
4027,27199,5100
4028,27199,5133
4029,27199,5158
4030,27199,5164
4031,27199,5165
4032,27199,5171
4033,27200,4791
4034,27200,4816
4035,27200,4825
4036,27200,4832
4037,27200,4850
4038,27200,4859
4039,27200,4868
4040,27200,4877
4041,27200,4886
4042,27200,4895
4043,27200,4904
4044,27200,4913
4045,27200,4922
4046,27200,4931
4047,27200,4936
4048,27200,4937
4049,27200,4939
4050,27200,4941
4051,27201,4791
4052,27201,4816
4053,27201,4825
4054,27201,4832
4055,27201,4850
4056,27201,4859
4057,27201,4868
4058,27201,4877
4059,27201,4886
4060,27201,4895
4061,27201,4904
4062,27201,4913
4063,27201,4922
4064,27201,4931
4065,27201,4936
4066,27201,4937
4067,27201,4939
4068,27201,4941
4069,27202,4791
4070,27202,4816
4071,27202,4825
4072,27202,4832
4073,27202,4850
4074,27202,4859
4075,27202,4868
4076,27202,4877
4077,27202,4886
4078,27202,4895
4079,27202,4904
4080,27202,4913
4081,27202,4922
4082,27202,4931
4083,27202,4936
4084,27202,4937
4085,27202,4939
4086,27202,4941
4087,27203,4791
4088,27203,4816
4089,27203,4825
4090,27203,4832
4091,27203,4850
4092,27203,4859
4093,27203,4868
4094,27203,4877
4095,27203,4886
4096,27203,4895
4097,27203,4904
4098,27203,4913
4099,27203,4922
4100,27203,4931
4101,27203,4936
4102,27203,4937
4103,27203,4939
4104,27203,4941
4105,27204,4791
4106,27204,4816
4107,27204,4825
4108,27204,4832
4109,27204,4850
4110,27204,4859
4111,27204,4868
4112,27204,4877
4113,27204,4886
4114,27204,4895
4115,27204,4904
4116,27204,4913
4117,27204,4922
4118,27204,4931
4119,27204,4936
4120,27204,4937
4121,27204,4939
4122,27204,4941
4123,27205,4791
4124,27205,4816
4125,27205,4825
4126,27205,4832
4127,27205,4850
4128,27205,4859
4129,27205,4868
4130,27205,4877
4131,27205,4886
4132,27205,4895
4133,27205,4904
4134,27205,4913
4135,27205,4922
4136,27205,4931
4137,27205,4936
4138,27205,4937
4139,27205,4939
4140,27205,4941
4141,27206,4791
4142,27206,4816
4143,27206,4825
4144,27206,4832
4145,27206,4850
4146,27206,4859
4147,27206,4868
4148,27206,4877
4149,27206,4886
4150,27206,4895
4151,27206,4904
4152,27206,4913
4153,27206,4922
4154,27206,4931
4155,27206,4936
4156,27206,4937
4157,27206,4939
4158,27206,4941
4159,27207,4791
4160,27207,4816
4161,27207,4825
4162,27207,4832
4163,27207,4850
4164,27207,4859
4165,27207,4868
4166,27207,4877
4167,27207,4886
4168,27207,4895
4169,27207,4904
4170,27207,4913
4171,27207,4922
4172,27207,4931
4173,27207,4936
4174,27207,4937
4175,27207,4939
4176,27207,4941
4177,27208,4791
4178,27208,4816
4179,27208,4825
4180,27208,4832
4181,27208,4850
4182,27208,4859
4183,27208,4868
4184,27208,4877
4185,27208,4886
4186,27208,4895
4187,27208,4904
4188,27208,4913
4189,27208,4922
4190,27208,4931
4191,27208,4936
4192,27208,4937
4193,27208,4939
4194,27208,4941
4195,27209,4791
4196,27209,4816
4197,27209,4825
4198,27209,4832
4199,27209,4850
4200,27209,4859
4201,27209,4868
4202,27209,4877
4203,27209,4886
4204,27209,4895
4205,27209,4904
4206,27209,4913
4207,27209,4922
4208,27209,4931
4209,27209,4936
4210,27209,4937
4211,27209,4939
4212,27209,4941
4213,27210,4791
4214,27210,4816
4215,27210,4825
4216,27210,4832
4217,27210,4850
4218,27210,4859
4219,27210,4868
4220,27210,4877
4221,27210,4886
4222,27210,4895
4223,27210,4904
4224,27210,4913
4225,27210,4922
4226,27210,4931
4227,27210,4936
4228,27210,4937
4229,27210,4939
4230,27210,4941
4231,27211,4791
4232,27211,4816
4233,27211,4825
4234,27211,4832
4235,27211,4850
4236,27211,4859
4237,27211,4868
4238,27211,4877
4239,27211,4886
4240,27211,4895
4241,27211,4904
4242,27211,4913
4243,27211,4922
4244,27211,4931
4245,27211,4936
4246,27211,4937
4247,27211,4939
4248,27211,4941
4249,27212,4791
4250,27212,4816
4251,27212,4825
4252,27212,4832
4253,27212,4850
4254,27212,4859
4255,27212,4868
4256,27212,4877
4257,27212,4886
4258,27212,4895
4259,27212,4904
4260,27212,4913
4261,27212,4922
4262,27212,4931
4263,27212,4936
4264,27212,4937
4265,27212,4939
4266,27212,4941
4267,27213,4791
4268,27213,4816
4269,27213,4825
4270,27213,4832
4271,27213,4850
4272,27213,4859
4273,27213,4868
4274,27213,4877
4275,27213,4886
4276,27213,4895
4277,27213,4904
4278,27213,4913
4279,27213,4922
4280,27213,4931
4281,27213,4936
4282,27213,4937
4283,27213,4939
4284,27213,4941
4285,27214,4791
4286,27214,4816
4287,27214,4825
4288,27214,4832
4289,27214,4850
4290,27214,4859
4291,27214,4868
4292,27214,4877
4293,27214,4886
4294,27214,4895
4295,27214,4904
4296,27214,4913
4297,27214,4922
4298,27214,4931
4299,27214,4936
4300,27214,4937
4301,27214,4939
4302,27214,4941
4303,27215,4791
4304,27215,4816
4305,27215,4825
4306,27215,4832
4307,27215,4850
4308,27215,4859
4309,27215,4868
4310,27215,4877
4311,27215,4886
4312,27215,4895
4313,27215,4904
4314,27215,4913
4315,27215,4922
4316,27215,4931
4317,27215,4936
4318,27215,4937
4319,27215,4939
4320,27215,4941
4321,27216,4791
4322,27216,4816
4323,27216,4825
4324,27216,4832
4325,27216,4850
4326,27216,4859
4327,27216,4868
4328,27216,4877
4329,27216,4886
4330,27216,4895
4331,27216,4904
4332,27216,4913
4333,27216,4922
4334,27216,4931
4335,27216,4936
4336,27216,4937
4337,27216,4939
4338,27216,4941
4339,27217,4791
4340,27217,4816
4341,27217,4825
4342,27217,4832
4343,27217,4850
4344,27217,4859
4345,27217,4868
4346,27217,4877
4347,27217,4886
4348,27217,4895
4349,27217,4904
4350,27217,4913
4351,27217,4922
4352,27217,4931
4353,27217,4936
4354,27217,4937
4355,27217,4939
4356,27217,4941
4357,27218,4791
4358,27218,4816
4359,27218,4825
4360,27218,4832
4361,27218,4850
4362,27218,4859
4363,27218,4868
4364,27218,4877
4365,27218,4886
4366,27218,4895
4367,27218,4904
4368,27218,4913
4369,27218,4922
4370,27218,4931
4371,27218,4936
4372,27218,4937
4373,27218,4939
4374,27218,4941
4375,27219,4791
4376,27219,4816
4377,27219,4825
4378,27219,4832
4379,27219,4850
4380,27219,4859
4381,27219,4868
4382,27219,4877
4383,27219,4886
4384,27219,4895
4385,27219,4904
4386,27219,4913
4387,27219,4922
4388,27219,4931
4389,27219,4936
4390,27219,4937
4391,27219,4939
4392,27219,4941
4393,27220,4791
4394,27220,4816
4395,27220,4825
4396,27220,4832
4397,27220,4850
4398,27220,4859
4399,27220,4868
4400,27220,4877
4401,27220,4886
4402,27220,4895
4403,27220,4904
4404,27220,4913
4405,27220,4922
4406,27220,4931
4407,27220,4936
4408,27220,4937
4409,27220,4939
4410,27220,4941
4411,27221,4791
4412,27221,4816
4413,27221,4825
4414,27221,4832
4415,27221,4850
4416,27221,4859
4417,27221,4868
4418,27221,4877
4419,27221,4886
4420,27221,4895
4421,27221,4904
4422,27221,4913
4423,27221,4922
4424,27221,4931
4425,27221,4936
4426,27221,4937
4427,27221,4939
4428,27221,4941
4429,27222,4791
4430,27222,4816
4431,27222,4825
4432,27222,4832
4433,27222,4850
4434,27222,4859
4435,27222,4868
4436,27222,4877
4437,27222,4886
4438,27222,4895
4439,27222,4904
4440,27222,4913
4441,27222,4922
4442,27222,4931
4443,27222,4936
4444,27222,4937
4445,27222,4939
4446,27222,4941
4447,27223,4791
4448,27223,4816
4449,27223,4825
4450,27223,4832
4451,27223,4850
4452,27223,4859
4453,27223,4868
4454,27223,4877
4455,27223,4886
4456,27223,4895
4457,27223,4904
4458,27223,4913
4459,27223,4922
4460,27223,4931
4461,27223,4936
4462,27223,4937
4463,27223,4939
4464,27223,4941
4465,27224,4553
4466,27224,4559
4467,27224,4561
4468,27224,4562
4469,27224,5090
4470,27224,5100
4471,27224,5133
4472,27224,5158
4473,27224,5164
4474,27224,5165
4475,27224,5171
4476,27225,4553
4477,27225,4559
4478,27225,4561
4479,27225,4562
4480,27225,5090
4481,27225,5100
4482,27225,5133
4483,27225,5158
4484,27225,5164
4485,27225,5165
4486,27225,5171
4487,27226,4553
4488,27226,4559
4489,27226,4561
4490,27226,4562
4491,27226,5090
4492,27226,5100
4493,27226,5133
4494,27226,5158
4495,27226,5164
4496,27226,5165
4497,27226,5171
4498,27227,4553
4499,27227,4559
4500,27227,4561
4501,27227,4562
4502,27227,5090
4503,27227,5100
4504,27227,5133
4505,27227,5158
4506,27227,5164
4507,27227,5165
4508,27227,5171
4509,27228,4553
4510,27228,4559
4511,27228,4561
4512,27228,4562
4513,27228,5090
4514,27228,5100
4515,27228,5133
4516,27228,5158
4517,27228,5164
4518,27228,5165
4519,27228,5171
4520,27229,4553
4521,27229,4559
4522,27229,4561
4523,27229,4562
4524,27229,5090
4525,27229,5100
4526,27229,5133
4527,27229,5158
4528,27229,5164
4529,27229,5165
4530,27229,5171
4531,27230,4553
4532,27230,4559
4533,27230,4561
4534,27230,4562
4535,27230,5090
4536,27230,5100
4537,27230,5133
4538,27230,5158
4539,27230,5164
4540,27230,5165
4541,27230,5171
4542,27231,4553
4543,27231,4559
4544,27231,4561
4545,27231,4562
4546,27231,5090
4547,27231,5100
4548,27231,5133
4549,27231,5158
4550,27231,5164
4551,27231,5165
4552,27231,5171
4553,27232,4553
4554,27232,4559
4555,27232,4561
4556,27232,4562
4557,27232,5090
4558,27232,5100
4559,27232,5133
4560,27232,5158
4561,27232,5164
4562,27232,5165
4563,27232,5171
4564,27233,4553
4565,27233,4559
4566,27233,4561
4567,27233,4562
4568,27233,5090
4569,27233,5100
4570,27233,5133
4571,27233,5158
4572,27233,5164
4573,27233,5165
4574,27233,5171
4575,27234,4553
4576,27234,4559
4577,27234,4561
4578,27234,4562
4579,27234,5090
4580,27234,5100
4581,27234,5133
4582,27234,5158
4583,27234,5164
4584,27234,5165
4585,27234,5171
4586,27235,4553
4587,27235,4559
4588,27235,4561
4589,27235,4562
4590,27235,5090
4591,27235,5100
4592,27235,5133
4593,27235,5158
4594,27235,5164
4595,27235,5165
4596,27235,5171
4597,27236,4553
4598,27236,4559
4599,27236,4561
4600,27236,4562
4601,27236,5090
4602,27236,5100
4603,27236,5133
4604,27236,5158
4605,27236,5164
4606,27236,5165
4607,27236,5171
4608,27237,4553
4609,27237,4559
4610,27237,4561
4611,27237,4562
4612,27237,5090
4613,27237,5100
4614,27237,5133
4615,27237,5158
4616,27237,5164
4617,27237,5165
4618,27237,5171
4619,27238,4553
4620,27238,4559
4621,27238,4561
4622,27238,4562
4623,27238,5090
4624,27238,5100
4625,27238,5133
4626,27238,5158
4627,27238,5164
4628,27238,5165
4629,27238,5171
4630,27239,4553
4631,27239,4559
4632,27239,4561
4633,27239,4562
4634,27239,5090
4635,27239,5100
4636,27239,5133
4637,27239,5158
4638,27239,5164
4639,27239,5165
4640,27239,5171
4641,27240,4553
4642,27240,4559
4643,27240,4561
4644,27240,4562
4645,27240,5090
4646,27240,5100
4647,27240,5133
4648,27240,5158
4649,27240,5164
4650,27240,5165
4651,27240,5171
4652,27241,4553
4653,27241,4559
4654,27241,4561
4655,27241,4562
4656,27241,5090
4657,27241,5100
4658,27241,5133
4659,27241,5158
4660,27241,5164
4661,27241,5165
4662,27241,5171
4663,27242,4553
4664,27242,4559
4665,27242,4561
4666,27242,4562
4667,27242,5090
4668,27242,5100
4669,27242,5133
4670,27242,5158
4671,27242,5164
4672,27242,5165
4673,27242,5171
4674,27243,4553
4675,27243,4559
4676,27243,4561
4677,27243,4562
4678,27243,5090
4679,27243,5100
4680,27243,5133
4681,27243,5158
4682,27243,5164
4683,27243,5165
4684,27243,5171
4685,27244,4553
4686,27244,4559
4687,27244,4561
4688,27244,4562
4689,27244,5090
4690,27244,5100
4691,27244,5133
4692,27244,5158
4693,27244,5164
4694,27244,5165
4695,27244,5171
4696,27245,4553
4697,27245,4559
4698,27245,4561
4699,27245,4562
4700,27245,5090
4701,27245,5100
4702,27245,5133
4703,27245,5158
4704,27245,5164
4705,27245,5165
4706,27245,5171
4707,27246,4553
4708,27246,4559
4709,27246,4561
4710,27246,4562
4711,27246,5090
4712,27246,5100
4713,27246,5133
4714,27246,5158
4715,27246,5164
4716,27246,5165
4717,27246,5171
4718,27247,4418
4719,27247,4470
4720,27247,4487
4721,27247,4492
4722,27247,4493
4723,27247,4519
4724,27248,4418
4725,27248,4470
4726,27248,4487
4727,27248,4492
4728,27248,4493
4729,27248,4519
4730,27249,4418
4731,27249,4470
4732,27249,4487
4733,27249,4492
4734,27249,4493
4735,27249,4519
4736,27250,4418
4737,27250,4470
4738,27250,4487
4739,27250,4492
4740,27250,4493
4741,27250,4519
4742,27250,4553
4743,27250,4559
4744,27250,4561
4745,27250,4562
4746,27251,4418
4747,27251,4470
4748,27251,4487
4749,27251,4492
4750,27251,4493
4751,27251,4519
4752,27251,4553
4753,27251,4559
4754,27251,4561
4755,27251,4562
4756,27252,4418
4757,27252,4470
4758,27252,4487
4759,27252,4492
4760,27252,4493
4761,27252,4519
4762,27252,4553
4763,27252,4559
4764,27252,4561
4765,27252,4562
4766,27253,4418
4767,27253,4470
4768,27253,4487
4769,27253,4492
4770,27253,4493
4771,27253,4519
4772,27253,4553
4773,27253,4559
4774,27253,4561
4775,27253,4562
4776,27254,4418
4777,27254,4470
4778,27254,4487
4779,27254,4492
4780,27254,4493
4781,27254,4519
4782,27254,4553
4783,27254,4559
4784,27254,4561
4785,27254,4562
4786,27255,4418
4787,27255,4470
4788,27255,4487
4789,27255,4492
4790,27255,4493
4791,27255,4519
4792,27255,4553
4793,27255,4559
4794,27255,4561
4795,27255,4562
4796,27256,4418
4797,27256,4470
4798,27256,4487
4799,27256,4492
4800,27256,4493
4801,27256,4519
4802,27256,4553
4803,27256,4559
4804,27256,4561
4805,27256,4562
4806,27257,4418
4807,27257,4470
4808,27257,4487
4809,27257,4492
4810,27257,4493
4811,27257,4519
4812,27257,4553
4813,27257,4559
4814,27257,4561
4815,27257,4562
