id,"create_date","user",analysis_id
1,"2013-12-24 14:11:41","",574
2,"2013-12-24 14:11:41","",578
3,"2013-12-24 14:11:41","",602
4,"2013-12-24 14:11:42","",631
5,"2013-12-24 14:11:42","",632
6,"2013-12-24 14:11:42","",660
7,"2013-12-24 14:11:42","",661
8,"2013-12-24 14:11:42","",695
9,"2013-12-24 14:11:42","",698
10,"2013-12-24 14:11:42","",728
11,"2013-12-24 14:11:43","",763
12,"2013-12-24 14:11:43","",770
13,"2013-12-24 14:11:43","",776
14,"2013-12-24 14:11:43","",782
15,"2013-12-24 14:11:43","",579
16,"2013-12-24 14:11:44","",584
17,"2013-12-24 14:11:44","",586
18,"2013-12-24 14:11:44","",587
19,"2013-12-24 14:11:44","",588
20,"2013-12-24 14:11:44","",603
21,"2013-12-24 14:11:44","",605
22,"2013-12-24 14:11:44","",606
23,"2013-12-24 14:11:44","",607
24,"2013-12-24 14:11:45","",608
25,"2013-12-24 14:11:45","",633
26,"2013-12-24 14:11:45","",634
27,"2013-12-24 14:11:45","",635
28,"2013-12-24 14:11:45","",636
29,"2013-12-24 14:11:45","",637
30,"2013-12-24 14:11:45","",662
31,"2013-12-24 14:11:45","",663
32,"2013-12-24 14:11:46","",664
33,"2013-12-24 14:11:46","",665
34,"2013-12-24 14:11:46","",667
35,"2013-12-24 14:11:46","",700
36,"2013-12-24 14:11:46","",701
37,"2013-12-24 14:11:46","",702
38,"2013-12-24 14:11:46","",704
39,"2013-12-24 14:11:46","",705
40,"2013-12-24 14:11:46","",706
41,"2013-12-24 14:11:47","",734
42,"2013-12-24 14:11:47","",736
43,"2013-12-24 14:11:47","",737
44,"2013-12-24 14:11:47","",738
45,"2013-12-24 14:11:47","",739
46,"2013-12-24 14:11:47","",764
47,"2013-12-24 14:11:48","",765
48,"2013-12-24 14:11:48","",766
49,"2013-12-24 14:11:48","",767
50,"2013-12-24 14:11:48","",769
51,"2013-12-24 14:11:48","",771
52,"2013-12-24 14:11:48","",772
53,"2013-12-24 14:11:48","",773
54,"2013-12-24 14:11:49","",774
55,"2013-12-24 14:11:49","",775
56,"2013-12-24 14:11:49","",777
57,"2013-12-24 14:11:50","",778
58,"2013-12-24 14:11:50","",779
59,"2013-12-24 14:11:50","",780
60,"2013-12-24 14:11:50","",781
61,"2013-12-24 14:11:50","",784
62,"2013-12-24 14:11:50","",785
63,"2013-12-24 14:11:50","",786
64,"2013-12-24 14:11:50","",787
65,"2013-12-24 14:11:51","",788
66,"2013-12-24 14:11:51","",859
67,"2013-12-24 14:11:51","",934
68,"2013-12-24 14:11:51","",134
69,"2013-12-24 14:11:52","",139
70,"2013-12-24 14:11:52","",140
71,"2013-12-24 14:11:52","",142
72,"2013-12-24 14:11:52","",143
73,"2013-12-24 14:11:52","",144
74,"2013-12-24 14:11:52","",145
75,"2013-12-24 14:11:52","",147
76,"2013-12-24 14:11:53","",148
77,"2013-12-24 14:11:53","",149
78,"2013-12-24 14:11:53","",150
79,"2013-12-24 14:11:53","",152
80,"2013-12-24 14:11:53","",153
81,"2013-12-24 14:11:53","",154
82,"2013-12-24 14:11:53","",155
83,"2013-12-24 14:11:54","",157
84,"2013-12-24 14:11:54","",158
85,"2013-12-24 14:11:54","",159
86,"2013-12-24 14:11:54","",160
87,"2013-12-24 14:11:54","",162
88,"2013-12-24 14:11:54","",163
89,"2013-12-24 14:11:54","",164
90,"2013-12-24 14:11:54","",165
91,"2013-12-24 14:11:55","",167
92,"2013-12-24 14:11:55","",168
93,"2013-12-24 14:11:55","",169
94,"2013-12-24 14:11:55","",170
95,"2013-12-24 14:11:55","",172
96,"2013-12-24 14:11:55","",173
97,"2013-12-24 14:11:55","",174
98,"2013-12-24 14:11:55","",175
99,"2013-12-24 14:11:56","",179
100,"2013-12-24 14:11:56","",181
101,"2013-12-24 14:11:56","",182
102,"2013-12-24 14:11:56","",183
103,"2013-12-24 14:11:57","",184
104,"2013-12-24 14:11:57","",356
105,"2013-12-24 14:11:57","",357
106,"2013-12-24 14:11:57","",358
107,"2013-12-24 14:11:57","",359
108,"2013-12-24 14:11:57","",361
109,"2013-12-24 14:11:57","",362
110,"2013-12-24 14:11:57","",363
111,"2013-12-24 14:11:58","",364
112,"2013-12-24 14:11:58","",366
113,"2013-12-24 14:11:58","",367
114,"2013-12-24 14:11:58","",368
115,"2013-12-24 14:11:58","",369
116,"2013-12-24 14:11:58","",371
117,"2013-12-24 14:11:58","",372
118,"2013-12-24 14:11:58","",373
119,"2013-12-24 14:11:59","",374
120,"2013-12-24 14:11:59","",376
121,"2013-12-24 14:11:59","",377
122,"2013-12-24 14:11:59","",378
123,"2013-12-24 14:11:59","",379
124,"2013-12-24 14:11:59","",381
125,"2013-12-24 14:11:59","",382
126,"2013-12-24 14:11:59","",383
127,"2013-12-24 14:12:00","",384
128,"2013-12-24 14:12:00","",386
129,"2013-12-24 14:12:00","",387
130,"2013-12-24 14:12:00","",388
131,"2013-12-24 14:12:00","",389
132,"2013-12-24 14:12:00","",391
133,"2013-12-24 14:12:00","",392
134,"2013-12-24 14:12:01","",394
135,"2013-12-24 14:12:01","",395
136,"2013-12-24 14:12:01","",396
137,"2013-12-24 14:12:01","",397
138,"2013-12-24 14:12:01","",398
139,"2013-12-24 14:12:01","",399
140,"2013-12-24 14:12:01","",525
141,"2013-12-24 14:12:02","",530
142,"2013-12-24 14:12:02","",532
143,"2013-12-24 14:12:02","",533
144,"2013-12-24 14:12:02","",534
145,"2013-12-24 14:12:02","",535
146,"2013-12-24 14:12:03","",537
147,"2013-12-24 14:12:03","",538
148,"2013-12-24 14:12:03","",539
149,"2013-12-24 14:12:03","",540
150,"2013-12-24 14:12:03","",542
151,"2013-12-24 14:12:03","",543
152,"2013-12-24 14:12:03","",544
153,"2013-12-24 14:12:04","",545
154,"2013-12-24 14:12:04","",547
155,"2013-12-24 14:12:04","",548
156,"2013-12-24 14:12:04","",549
157,"2013-12-24 14:12:04","",550
158,"2013-12-24 14:12:04","",552
159,"2013-12-24 14:12:04","",553
160,"2013-12-24 14:12:04","",554
161,"2013-12-24 14:12:05","",555
162,"2013-12-24 14:12:05","",557
163,"2013-12-24 14:12:05","",558
164,"2013-12-24 14:12:05","",559
165,"2013-12-24 14:12:05","",560
166,"2013-12-24 14:12:05","",562
167,"2013-12-24 14:12:05","",563
168,"2013-12-24 14:12:06","",564
169,"2013-12-24 14:12:06","",565
170,"2013-12-24 14:12:06","",567
171,"2013-12-24 14:12:06","",568
172,"2013-12-24 14:12:06","",569
173,"2013-12-24 14:12:06","",570
174,"2013-12-24 14:12:06","",572
175,"2013-12-24 14:12:06","",573
176,"2013-12-24 14:12:07","",789
177,"2013-12-24 14:12:07","",794
178,"2013-12-24 14:12:07","",795
179,"2013-12-24 14:12:07","",796
180,"2013-12-24 14:12:07","",798
181,"2013-12-24 14:12:07","",799
182,"2013-12-24 14:12:07","",819
183,"2013-12-24 14:12:08","",820
184,"2013-12-24 14:12:08","",822
185,"2013-12-24 14:12:08","",823
186,"2013-12-24 14:12:08","",824
187,"2013-12-24 14:12:08","",825
188,"2013-12-24 14:12:08","",840
189,"2013-12-24 14:12:08","",841
190,"2013-12-24 14:12:09","",842
191,"2013-12-24 14:12:09","",843
192,"2013-12-24 14:12:09","",845
193,"2013-12-24 14:12:09","",846
194,"2013-12-24 14:12:09","",864
195,"2013-12-24 14:12:10","",865
196,"2013-12-24 14:12:10","",867
197,"2013-12-24 14:12:10","",868
198,"2013-12-24 14:12:10","",869
199,"2013-12-24 14:12:10","",870
200,"2013-12-24 14:12:10","",901
201,"2013-12-24 14:12:10","",902
202,"2013-12-24 14:12:11","",903
203,"2013-12-24 14:12:11","",904
204,"2013-12-24 14:12:11","",906
205,"2013-12-24 14:12:11","",907
206,"2013-12-24 14:12:11","",935
207,"2013-12-24 14:12:11","",938
208,"2013-12-24 14:12:12","",939
209,"2013-12-24 14:12:12","",940
210,"2013-12-24 14:12:12","",941
211,"2013-12-24 14:12:12","",942
212,"2013-12-24 14:12:12","",944
213,"2013-12-24 14:12:12","",950
214,"2013-12-24 14:12:12","",951
215,"2013-12-24 14:12:13","",953
216,"2013-12-24 14:12:13","",1017
217,"2013-12-24 14:12:13","",1018
218,"2013-12-24 14:12:13","",1019
219,"2013-12-24 14:12:13","",1020
220,"2013-12-24 14:12:13","",1051
221,"2013-12-24 14:12:14","",1052
222,"2013-12-24 14:12:14","",1084
223,"2013-12-24 14:12:14","",1021
224,"2013-12-24 14:12:14","",1085
225,"2013-12-24 14:12:14","",954
226,"2013-12-24 14:12:15","",1086
227,"2013-12-24 14:12:15","",1023
228,"2013-12-24 14:12:15","",1087
229,"2013-12-24 14:12:15","",958
230,"2013-12-24 14:12:15","",1053
231,"2013-12-24 14:12:16","",1024
232,"2013-12-24 14:12:16","",1025
233,"2013-12-24 14:12:16","",1088
234,"2013-12-24 14:12:17","",1089
235,"2013-12-24 14:12:17","",1054
236,"2013-12-24 14:12:17","",1090
237,"2013-12-24 14:12:17","",1055
238,"2013-12-24 14:12:17","",1056
239,"2013-12-24 14:12:18","",962
240,"2013-12-24 14:12:18","",966
241,"2013-12-24 14:12:18","",1057
242,"2013-12-24 14:12:18","",1058
243,"2013-12-24 14:12:18","",1091
244,"2013-12-24 14:12:19","",1503
245,"2013-12-24 14:12:19","",1509
246,"2013-12-24 14:12:19","",1511
247,"2013-12-24 14:12:19","",1516
248,"2013-12-24 14:12:19","",1517
249,"2013-12-24 14:12:19","",1540
250,"2013-12-24 14:12:19","",1541
251,"2013-12-24 14:12:20","",1542
252,"2013-12-24 14:12:20","",1543
253,"2013-12-24 14:12:20","",1338
254,"2013-12-24 14:12:20","",1481
255,"2013-12-24 14:12:20","",1392
256,"2013-12-24 14:12:21","",1340
257,"2013-12-24 14:12:21","",1436
258,"2013-12-24 14:12:21","",1414
259,"2013-12-24 14:12:21","",1415
260,"2013-12-24 14:12:21","",1279
261,"2013-12-24 14:12:21","",1393
262,"2013-12-24 14:12:22","",1416
263,"2013-12-24 14:12:22","",1369
264,"2013-12-24 14:12:22","",1394
265,"2013-12-24 14:12:22","",1482
266,"2013-12-24 14:12:22","",1483
267,"2013-12-24 14:12:22","",1395
268,"2013-12-24 14:12:22","",1370
269,"2013-12-24 14:12:23","",1371
270,"2013-12-24 14:12:23","",1341
271,"2013-12-24 14:12:24","",1344
272,"2013-12-24 14:12:24","",1437
273,"2013-12-24 14:12:24","",1396
274,"2013-12-24 14:12:24","",1459
275,"2013-12-24 14:12:24","",1460
276,"2013-12-24 14:12:25","",1461
277,"2013-12-24 14:12:25","",1283
278,"2013-12-24 14:12:25","",1462
279,"2013-12-24 14:12:25","",1438
280,"2013-12-24 14:12:25","",1417
281,"2013-12-24 14:12:26","",1287
282,"2013-12-24 14:12:26","",1439
283,"2013-12-24 14:12:26","",1484
284,"2013-12-24 14:12:26","",1418
285,"2013-12-24 14:12:26","",1372
286,"2013-12-24 14:12:26","",1463
287,"2013-12-24 14:12:27","",1440
288,"2013-12-24 14:12:27","",1464
289,"2013-12-24 14:12:27","",1291
290,"2013-12-24 14:12:27","",1419
291,"2013-12-24 14:12:27","",1397
292,"2013-12-24 14:12:28","",1441
293,"2013-12-24 14:12:28","",1345
294,"2013-12-24 14:12:28","",1420
295,"2013-12-24 14:12:28","",1465
296,"2013-12-24 14:12:28","",1485
297,"2013-12-24 14:12:28","",1346
298,"2013-12-24 14:12:29","",1295
299,"2013-12-24 14:12:29","",1299
300,"2013-12-24 14:12:29","",1398
301,"2013-12-24 14:12:29","",1374
302,"2013-12-24 14:12:29","",1375
303,"2013-12-24 14:12:30","",1376
304,"2013-12-24 14:12:30","",1347
305,"2013-12-24 14:12:30","",1442
306,"2013-12-24 14:12:30","",1486
307,"2013-12-24 14:12:30","",1300
308,"2013-12-24 14:12:30","",1487
309,"2013-12-24 14:12:31","",1518
310,"2013-12-24 14:12:31","",1519
311,"2013-12-24 14:12:31","",1544
312,"2013-12-24 14:12:31","",1545
313,"2013-12-24 14:12:31","",1141
314,"2013-12-24 14:12:31","",1142
315,"2013-12-24 14:12:32","",1232
316,"2013-12-24 14:12:33","",1190
317,"2013-12-24 14:12:33","",1211
318,"2013-12-24 14:12:33","",1212
319,"2013-12-24 14:12:33","",1092
320,"2013-12-24 14:12:33","",1143
321,"2013-12-24 14:12:33","",1233
322,"2013-12-24 14:12:33","",1168
323,"2013-12-24 14:12:34","",1213
324,"2013-12-24 14:12:34","",1169
325,"2013-12-24 14:12:34","",1214
326,"2013-12-24 14:12:34","",1191
327,"2013-12-24 14:12:34","",1096
328,"2013-12-24 14:12:35","",1144
329,"2013-12-24 14:12:35","",1100
330,"2013-12-24 14:12:35","",1192
331,"2013-12-24 14:12:35","",1102
332,"2013-12-24 14:12:35","",1103
333,"2013-12-24 14:12:35","",1145
334,"2013-12-24 14:12:35","",1234
335,"2013-12-24 14:12:36","",1193
336,"2013-12-24 14:12:36","",1170
337,"2013-12-24 14:12:36","",1255
338,"2013-12-24 14:12:36","",1235
339,"2013-12-24 14:12:36","",1256
340,"2013-12-24 14:12:37","",1171
341,"2013-12-24 14:12:37","",1236
342,"2013-12-24 14:12:37","",1257
343,"2013-12-24 14:12:37","",1237
344,"2013-12-24 14:12:37","",1215
345,"2013-12-24 14:12:37","",1258
346,"2013-12-24 14:12:38","",1105
347,"2013-12-24 14:12:38","",1259
348,"2013-12-24 14:12:38","",1238
349,"2013-12-24 14:12:38","",1146
350,"2013-12-24 14:12:38","",1172
351,"2013-12-24 14:12:38","",1194
352,"2013-12-24 14:12:39","",1195
353,"2013-12-24 14:12:39","",1260
354,"2013-12-24 14:12:39","",1216
355,"2013-12-24 14:12:39","",1261
356,"2013-12-24 14:12:39","",1148
357,"2013-12-24 14:12:40","",1174
358,"2013-12-24 14:12:40","",1666
359,"2013-12-24 14:12:40","",1671
360,"2013-12-24 14:12:40","",1672
361,"2013-12-24 14:12:40","",1673
362,"2013-12-24 14:12:40","",1675
363,"2013-12-24 14:12:41","",1676
364,"2013-12-24 14:12:41","",1677
365,"2013-12-24 14:12:41","",1678
366,"2013-12-24 14:12:41","",1680
367,"2013-12-24 14:12:41","",1681
368,"2013-12-24 14:12:41","",1682
369,"2013-12-24 14:12:41","",1683
370,"2013-12-24 14:12:42","",1685
371,"2013-12-24 14:12:42","",1686
372,"2013-12-24 14:12:42","",1687
373,"2013-12-24 14:12:42","",1688
374,"2013-12-24 14:12:42","",1690
375,"2013-12-24 14:12:42","",1692
376,"2013-12-24 14:12:42","",1693
377,"2013-12-24 14:12:43","",1694
378,"2013-12-24 14:12:43","",1695
379,"2013-12-24 14:12:43","",1697
380,"2013-12-24 14:12:43","",1698
381,"2013-12-24 14:12:43","",1699
382,"2013-12-24 14:12:43","",1701
383,"2013-12-24 14:12:43","",1702
384,"2013-12-24 14:12:43","",1703
385,"2013-12-24 14:12:44","",1704
386,"2013-12-24 14:12:44","",1706
387,"2013-12-24 14:12:44","",1707
388,"2013-12-24 14:12:44","",1708
389,"2013-12-24 14:12:45","",1709
390,"2013-12-24 14:12:45","",1711
391,"2013-12-24 14:12:45","",1712
392,"2013-12-24 14:12:46","",1713
393,"2013-12-24 14:12:46","",1714
394,"2013-12-24 14:12:46","",1801
395,"2013-12-24 14:12:46","",1802
396,"2013-12-24 14:12:46","",1803
397,"2013-12-24 14:12:46","",1804
398,"2013-12-24 14:12:47","",1806
399,"2013-12-24 14:12:47","",1807
400,"2013-12-24 14:12:47","",1808
401,"2013-12-24 14:12:47","",1809
402,"2013-12-24 14:12:47","",1810
403,"2013-12-24 14:12:47","",1812
404,"2013-12-24 14:12:47","",1813
405,"2013-12-24 14:12:48","",1814
406,"2013-12-24 14:12:48","",1815
407,"2013-12-24 14:12:48","",1817
408,"2013-12-24 14:12:48","",1818
409,"2013-12-24 14:12:48","",1819
410,"2013-12-24 14:12:48","",1821
411,"2013-12-24 14:12:48","",1822
412,"2013-12-24 14:12:49","",1823
413,"2013-12-24 14:12:49","",1824
414,"2013-12-24 14:12:49","",1826
415,"2013-12-24 14:12:49","",1827
416,"2013-12-24 14:12:49","",1828
417,"2013-12-24 14:12:49","",1829
418,"2013-12-24 14:12:49","",1831
419,"2013-12-24 14:12:50","",1832
420,"2013-12-24 14:12:50","",1833
421,"2013-12-24 14:12:50","",1834
422,"2013-12-24 14:12:50","",1836
423,"2013-12-24 14:12:50","",1837
424,"2013-12-24 14:12:50","",1838
425,"2013-12-24 14:12:51","",1839
426,"2013-12-24 14:12:51","",1841
427,"2013-12-24 14:12:51","",1842
428,"2013-12-24 14:12:51","",1843
429,"2013-12-24 14:12:51","",1844
430,"2013-12-24 14:12:51","",1937
431,"2013-12-24 14:12:51","",1938
432,"2013-12-24 14:12:52","",1939
433,"2013-12-24 14:12:52","",1940
434,"2013-12-24 14:12:52","",1942
435,"2013-12-24 14:12:52","",1943
436,"2013-12-24 14:12:52","",1944
437,"2013-12-24 14:12:52","",1945
438,"2013-12-24 14:12:52","",1947
439,"2013-12-24 14:12:53","",1948
440,"2013-12-24 14:12:53","",1949
441,"2013-12-24 14:12:53","",1950
442,"2013-12-24 14:12:53","",1952
443,"2013-12-24 14:12:53","",1953
444,"2013-12-24 14:12:53","",1954
445,"2013-12-24 14:12:54","",1955
446,"2013-12-24 14:12:54","",1957
447,"2013-12-24 14:12:54","",1958
448,"2013-12-24 14:12:54","",1959
449,"2013-12-24 14:12:54","",1960
450,"2013-12-24 14:12:54","",1962
451,"2013-12-24 14:12:54","",1963
452,"2013-12-24 14:12:54","",1964
453,"2013-12-24 14:12:55","",1965
454,"2013-12-24 14:12:55","",1967
455,"2013-12-24 14:12:55","",1968
456,"2013-12-24 14:12:55","",1969
457,"2013-12-24 14:12:55","",1970
458,"2013-12-24 14:12:55","",1972
459,"2013-12-24 14:12:55","",1973
460,"2013-12-24 14:12:56","",1974
461,"2013-12-24 14:12:56","",1975
462,"2013-12-24 14:12:56","",1977
463,"2013-12-24 14:12:56","",1978
464,"2013-12-24 14:12:56","",1979
465,"2013-12-24 14:12:56","",1980
466,"2013-12-24 14:12:56","",2052
467,"2013-12-24 14:12:57","",2053
468,"2013-12-24 14:12:57","",2054
469,"2013-12-24 14:12:57","",2055
470,"2013-12-24 14:12:57","",2057
471,"2013-12-24 14:12:57","",2058
472,"2013-12-24 14:12:57","",2059
473,"2013-12-24 14:12:58","",2060
474,"2013-12-24 14:12:58","",2062
475,"2013-12-24 14:12:58","",2063
476,"2013-12-24 14:12:58","",2064
477,"2013-12-24 14:12:58","",2065
478,"2013-12-24 14:12:58","",2067
479,"2013-12-24 14:12:58","",2068
480,"2013-12-24 14:12:58","",2069
481,"2013-12-24 14:12:59","",2070
482,"2013-12-24 14:12:59","",2072
483,"2013-12-24 14:12:59","",2073
484,"2013-12-24 14:12:59","",2074
485,"2013-12-24 14:12:59","",2075
486,"2013-12-24 14:12:59","",2077
487,"2013-12-24 14:12:59","",2078
488,"2013-12-24 14:13:00","",2079
489,"2013-12-24 14:13:00","",2080
490,"2013-12-24 14:13:00","",2082
491,"2013-12-24 14:13:00","",2083
492,"2013-12-24 14:13:00","",2084
493,"2013-12-24 14:13:00","",2085
494,"2013-12-24 14:13:00","",2087
495,"2013-12-24 14:13:01","",2088
496,"2013-12-24 14:13:01","",2089
497,"2013-12-24 14:13:01","",2091
498,"2013-12-24 14:13:01","",2093
499,"2013-12-24 14:13:01","",2094
500,"2013-12-24 14:13:01","",2095
501,"2013-12-24 14:13:02","",2096
502,"2013-12-24 14:13:02","",2098
503,"2013-12-24 14:13:02","",2658
504,"2013-12-24 14:13:02","",2659
505,"2013-12-24 14:13:02","",2660
506,"2013-12-24 14:13:02","",2661
507,"2013-12-24 14:13:02","",2662
508,"2013-12-24 14:13:03","",2663
509,"2013-12-24 14:13:03","",2664
510,"2013-12-24 14:13:03","",2665
511,"2013-12-24 14:13:03","",2666
512,"2013-12-24 14:13:03","",2667
513,"2013-12-24 14:13:03","",2668
514,"2013-12-24 14:13:03","",2669
515,"2013-12-24 14:13:04","",2670
516,"2013-12-24 14:13:04","",2672
517,"2013-12-24 14:13:04","",2673
518,"2013-12-24 14:13:04","",2674
519,"2013-12-24 14:13:04","",2675
520,"2013-12-24 14:13:04","",2677
521,"2013-12-24 14:13:04","",2678
522,"2013-12-24 14:13:05","",2679
523,"2013-12-24 14:13:05","",2680
524,"2013-12-24 14:13:05","",2682
525,"2013-12-24 14:13:05","",2683
526,"2013-12-24 14:13:05","",2684
527,"2013-12-24 14:13:05","",2685
528,"2013-12-24 14:13:05","",2687
529,"2013-12-24 14:13:06","",2688
530,"2013-12-24 14:13:06","",2689
531,"2013-12-24 14:13:06","",2690
532,"2013-12-24 14:13:06","",2692
533,"2013-12-24 14:13:06","",2693
534,"2013-12-24 14:13:06","",2694
535,"2013-12-24 14:13:06","",2695
536,"2013-12-24 14:13:07","",2697
537,"2013-12-24 14:13:07","",2698
538,"2013-12-24 14:13:07","",2699
539,"2013-12-24 14:13:07","",2700
540,"2013-12-24 14:13:07","",2702
541,"2013-12-24 14:13:07","",2703
542,"2013-12-24 14:13:08","",2704
543,"2013-12-24 14:13:08","",2705
544,"2013-12-24 14:13:08","",2707
545,"2013-12-24 14:13:08","",2708
546,"2013-12-24 14:13:08","",2709
547,"2013-12-24 14:13:08","",2710
548,"2013-12-24 14:13:08","",2712
549,"2013-12-24 14:13:08","",2713
550,"2013-12-24 14:13:09","",2714
551,"2013-12-24 14:13:09","",2715
552,"2013-12-24 14:13:09","",2717
553,"2013-12-24 14:13:09","",2718
554,"2013-12-24 14:13:09","",2719
555,"2013-12-24 14:13:10","",2720
556,"2013-12-24 14:13:10","",2722
557,"2013-12-24 14:13:10","",2723
558,"2013-12-24 14:13:11","",2724
559,"2013-12-24 14:13:11","",2725
560,"2013-12-24 14:13:11","",2727
561,"2013-12-24 14:13:12","",2728
562,"2013-12-24 14:13:12","",2729
563,"2013-12-24 14:13:12","",2173
564,"2013-12-24 14:13:12","",2177
565,"2013-12-24 14:13:12","",2179
566,"2013-12-24 14:13:13","",2180
567,"2013-12-24 14:13:13","",2181
568,"2013-12-24 14:13:13","",2182
569,"2013-12-24 14:13:13","",2184
570,"2013-12-24 14:13:13","",2185
571,"2013-12-24 14:13:13","",2187
572,"2013-12-24 14:13:13","",2188
573,"2013-12-24 14:13:14","",2189
574,"2013-12-24 14:13:14","",2190
575,"2013-12-24 14:13:14","",2192
576,"2013-12-24 14:13:14","",2193
577,"2013-12-24 14:13:14","",2194
578,"2013-12-24 14:13:14","",2195
579,"2013-12-24 14:13:15","",2197
580,"2013-12-24 14:13:15","",2198
581,"2013-12-24 14:13:15","",2199
582,"2013-12-24 14:13:15","",2200
583,"2013-12-24 14:13:15","",2202
584,"2013-12-24 14:13:15","",2203
585,"2013-12-24 14:13:15","",2204
586,"2013-12-24 14:13:16","",2205
587,"2013-12-24 14:13:16","",2207
588,"2013-12-24 14:13:16","",2208
589,"2013-12-24 14:13:16","",2209
590,"2013-12-24 14:13:16","",2210
591,"2013-12-24 14:13:16","",2212
592,"2013-12-24 14:13:16","",2213
593,"2013-12-24 14:13:17","",2214
594,"2013-12-24 14:13:17","",2215
595,"2013-12-24 14:13:17","",2217
596,"2013-12-24 14:13:17","",2218
597,"2013-12-24 14:13:17","",2219
598,"2013-12-24 14:13:18","",2220
599,"2013-12-24 14:13:18","",2281
600,"2013-12-24 14:13:18","",2282
601,"2013-12-24 14:13:18","",2283
602,"2013-12-24 14:13:18","",2284
603,"2013-12-24 14:13:18","",2286
604,"2013-12-24 14:13:18","",2287
605,"2013-12-24 14:13:18","",2288
606,"2013-12-24 14:13:19","",2289
607,"2013-12-24 14:13:19","",2291
608,"2013-12-24 14:13:19","",2292
609,"2013-12-24 14:13:19","",2293
610,"2013-12-24 14:13:19","",2294
611,"2013-12-24 14:13:19","",2296
612,"2013-12-24 14:13:20","",2297
613,"2013-12-24 14:13:20","",2298
614,"2013-12-24 14:13:20","",2299
615,"2013-12-24 14:13:20","",2301
616,"2013-12-24 14:13:20","",2302
617,"2013-12-24 14:13:20","",2303
618,"2013-12-24 14:13:21","",2304
619,"2013-12-24 14:13:21","",2306
620,"2013-12-24 14:13:21","",2307
621,"2013-12-24 14:13:21","",2308
622,"2013-12-24 14:13:21","",2309
623,"2013-12-24 14:13:21","",2311
624,"2013-12-24 14:13:22","",2312
625,"2013-12-24 14:13:22","",2313
626,"2013-12-24 14:13:22","",2314
627,"2013-12-24 14:13:22","",2316
628,"2013-12-24 14:13:22","",2317
629,"2013-12-24 14:13:22","",2318
630,"2013-12-24 14:13:23","",2319
631,"2013-12-24 14:13:23","",2321
632,"2013-12-24 14:13:23","",2322
633,"2013-12-24 14:13:23","",2323
634,"2013-12-24 14:13:23","",2324
635,"2013-12-24 14:13:24","",2326
636,"2013-12-24 14:13:24","",2332
637,"2013-12-24 14:13:24","",2333
638,"2013-12-24 14:13:24","",2334
639,"2013-12-24 14:13:24","",2336
640,"2013-12-24 14:13:24","",2337
641,"2013-12-24 14:13:25","",2354
642,"2013-12-24 14:13:25","",2355
643,"2013-12-24 14:13:25","",2356
644,"2013-12-24 14:13:25","",2357
645,"2013-12-24 14:13:25","",2359
646,"2013-12-24 14:13:25","",2360
647,"2013-12-24 14:13:25","",2372
648,"2013-12-24 14:13:26","",2373
649,"2013-12-24 14:13:26","",2375
650,"2013-12-24 14:13:26","",2376
651,"2013-12-24 14:13:26","",2377
652,"2013-12-24 14:13:26","",2378
653,"2013-12-24 14:13:26","",2391
654,"2013-12-24 14:13:26","",2392
655,"2013-12-24 14:13:27","",2393
656,"2013-12-24 14:13:30","",2394
657,"2013-12-24 14:13:30","",2396
658,"2013-12-24 14:13:30","",2397
659,"2013-12-24 14:13:30","",2409
660,"2013-12-24 14:13:30","",2410
661,"2013-12-24 14:13:30","",2412
662,"2013-12-24 14:13:31","",2413
663,"2013-12-24 14:13:31","",2414
664,"2013-12-24 14:13:31","",2415
665,"2013-12-24 14:13:31","",2428
666,"2013-12-24 14:13:31","",2429
667,"2013-12-24 14:13:31","",2430
668,"2013-12-24 14:13:32","",2431
669,"2013-12-24 14:13:32","",2433
670,"2013-12-24 14:13:32","",2434
671,"2013-12-24 14:13:32","",2455
672,"2013-12-24 14:13:32","",2456
673,"2013-12-24 14:13:32","",2458
674,"2013-12-24 14:13:32","",2459
675,"2013-12-24 14:13:33","",2460
676,"2013-12-24 14:13:33","",2461
677,"2013-12-24 14:13:33","",2474
678,"2013-12-24 14:13:33","",2475
679,"2013-12-24 14:13:34","",2476
680,"2013-12-24 14:13:34","",2477
681,"2013-12-24 14:13:34","",2479
682,"2013-12-24 14:13:34","",2480
683,"2013-12-24 14:13:34","",2492
684,"2013-12-24 14:13:34","",2493
685,"2013-12-24 14:13:35","",2495
686,"2013-12-24 14:13:35","",2496
687,"2013-12-24 14:13:35","",2497
688,"2013-12-24 14:13:35","",2498
689,"2013-12-24 14:13:35","",2511
690,"2013-12-24 14:13:35","",2512
691,"2013-12-24 14:13:35","",2513
692,"2013-12-24 14:13:36","",2514
693,"2013-12-24 14:13:36","",2516
694,"2013-12-24 14:13:36","",2517
695,"2013-12-24 14:13:36","",3557
696,"2013-12-24 14:13:36","",3562
697,"2013-12-24 14:13:36","",3563
698,"2013-12-24 14:13:37","",3565
699,"2013-12-24 14:13:37","",3566
700,"2013-12-24 14:13:37","",3567
701,"2013-12-24 14:13:37","",3568
702,"2013-12-24 14:13:37","",3570
703,"2013-12-24 14:13:37","",3571
704,"2013-12-24 14:13:38","",3572
705,"2013-12-24 14:13:38","",3573
706,"2013-12-24 14:13:38","",3575
707,"2013-12-24 14:13:38","",3576
708,"2013-12-24 14:13:38","",3577
709,"2013-12-24 14:13:38","",3578
710,"2013-12-24 14:13:38","",3580
711,"2013-12-24 14:13:39","",3581
712,"2013-12-24 14:13:39","",3582
713,"2013-12-24 14:13:39","",3583
714,"2013-12-24 14:13:39","",3585
715,"2013-12-24 14:13:39","",3586
716,"2013-12-24 14:13:39","",3587
717,"2013-12-24 14:13:40","",3588
718,"2013-12-24 14:13:40","",3590
719,"2013-12-24 14:13:40","",3591
720,"2013-12-24 14:13:40","",3592
721,"2013-12-24 14:13:40","",3593
722,"2013-12-24 14:13:40","",3595
723,"2013-12-24 14:13:40","",3596
724,"2013-12-24 14:13:41","",3597
725,"2013-12-24 14:13:41","",3598
726,"2013-12-24 14:13:41","",3600
727,"2013-12-24 14:13:41","",3601
728,"2013-12-24 14:13:41","",3602
729,"2013-12-24 14:13:41","",3603
730,"2013-12-24 14:13:42","",3605
731,"2013-12-24 14:13:42","",3701
732,"2013-12-24 14:13:42","",3702
733,"2013-12-24 14:13:42","",3703
734,"2013-12-24 14:13:42","",3705
735,"2013-12-24 14:13:42","",3706
736,"2013-12-24 14:13:43","",3707
737,"2013-12-24 14:13:43","",3708
738,"2013-12-24 14:13:43","",3710
739,"2013-12-24 14:13:43","",3711
740,"2013-12-24 14:13:43","",3712
741,"2013-12-24 14:13:43","",3713
742,"2013-12-24 14:13:43","",3715
743,"2013-12-24 14:13:44","",3716
744,"2013-12-24 14:13:44","",3717
745,"2013-12-24 14:13:44","",3718
746,"2013-12-24 14:13:44","",3720
747,"2013-12-24 14:13:44","",3721
748,"2013-12-24 14:13:44","",3723
749,"2013-12-24 14:13:45","",3724
750,"2013-12-24 14:13:45","",3725
751,"2013-12-24 14:13:45","",3726
752,"2013-12-24 14:13:47","",3728
753,"2013-12-24 14:13:47","",3729
754,"2013-12-24 14:13:47","",3730
755,"2013-12-24 14:13:47","",3731
756,"2013-12-24 14:13:47","",3733
757,"2013-12-24 14:13:47","",3734
758,"2013-12-24 14:13:48","",3735
759,"2013-12-24 14:13:48","",3736
760,"2013-12-24 14:13:48","",3738
761,"2013-12-24 14:13:48","",3739
762,"2013-12-24 14:13:48","",3740
763,"2013-12-24 14:13:48","",3741
764,"2013-12-24 14:13:49","",3743
765,"2013-12-24 14:13:49","",3744
766,"2013-12-24 14:13:49","",3745
767,"2013-12-24 14:13:49","",3803
768,"2013-12-24 14:13:49","",3805
769,"2013-12-24 14:13:49","",3806
770,"2013-12-24 14:13:50","",3807
771,"2013-12-24 14:13:50","",3808
772,"2013-12-24 14:13:50","",3810
773,"2013-12-24 14:13:50","",3811
774,"2013-12-24 14:13:50","",3812
775,"2013-12-24 14:13:50","",3813
776,"2013-12-24 14:13:51","",3815
777,"2013-12-24 14:13:51","",3816
778,"2013-12-24 14:13:51","",3817
779,"2013-12-24 14:13:51","",3818
780,"2013-12-24 14:13:51","",3820
781,"2013-12-24 14:13:52","",3821
782,"2013-12-24 14:13:52","",3822
783,"2013-12-24 14:13:52","",3823
784,"2013-12-24 14:13:52","",3825
785,"2013-12-24 14:13:52","",3826
786,"2013-12-24 14:13:52","",3827
787,"2013-12-24 14:13:53","",3828
788,"2013-12-24 14:13:53","",3830
789,"2013-12-24 14:13:53","",3831
790,"2013-12-24 14:13:53","",3832
791,"2013-12-24 14:13:53","",3833
792,"2013-12-24 14:13:53","",3835
793,"2013-12-24 14:13:54","",3836
794,"2013-12-24 14:13:54","",3837
795,"2013-12-24 14:13:54","",3838
796,"2013-12-24 14:13:54","",3840
797,"2013-12-24 14:13:54","",3841
798,"2013-12-24 14:13:54","",3843
799,"2013-12-24 14:13:55","",3845
800,"2013-12-24 14:13:55","",3846
801,"2013-12-24 14:13:55","",3847
802,"2013-12-24 14:13:55","",2813
803,"2013-12-24 14:13:55","",2817
804,"2013-12-24 14:13:55","",2818
805,"2013-12-24 14:13:56","",2820
806,"2013-12-24 14:13:56","",2821
807,"2013-12-24 14:13:56","",2822
808,"2013-12-24 14:13:56","",2970
809,"2013-12-24 14:13:56","",2971
810,"2013-12-24 14:13:56","",2973
811,"2013-12-24 14:13:57","",2974
812,"2013-12-24 14:13:57","",2975
813,"2013-12-24 14:13:57","",2976
814,"2013-12-24 14:13:57","",3155
815,"2013-12-24 14:13:57","",3156
816,"2013-12-24 14:13:57","",3157
817,"2013-12-24 14:13:57","",3158
818,"2013-12-24 14:13:58","",3160
819,"2013-12-24 14:13:58","",3161
820,"2013-12-24 14:13:58","",3322
821,"2013-12-24 14:13:58","",3323
822,"2013-12-24 14:13:58","",3325
823,"2013-12-24 14:13:58","",3326
824,"2013-12-24 14:13:59","",3327
825,"2013-12-24 14:13:59","",3328
826,"2013-12-24 14:13:59","",3330
827,"2013-12-24 14:13:59","",3334
828,"2013-12-24 14:13:59","",4367
829,"2013-12-24 14:13:59","",4372
830,"2013-12-24 14:14:00","",4374
831,"2013-12-24 14:14:00","",4375
832,"2013-12-24 14:14:00","",4376
833,"2013-12-24 14:14:00","",4377
834,"2013-12-24 14:14:00","",4379
835,"2013-12-24 14:14:00","",4380
836,"2013-12-24 14:14:01","",4381
837,"2013-12-24 14:14:01","",4382
838,"2013-12-24 14:14:01","",4384
839,"2013-12-24 14:14:01","",4385
840,"2013-12-24 14:14:01","",4386
841,"2013-12-24 14:14:01","",4387
842,"2013-12-24 14:14:02","",4389
843,"2013-12-24 14:14:02","",4390
844,"2013-12-24 14:14:02","",4391
845,"2013-12-24 14:14:02","",4392
846,"2013-12-24 14:14:02","",4394
847,"2013-12-24 14:14:02","",4395
848,"2013-12-24 14:14:03","",4396
849,"2013-12-24 14:14:03","",4397
850,"2013-12-24 14:14:03","",4399
851,"2013-12-24 14:14:03","",4400
852,"2013-12-24 14:14:03","",4401
853,"2013-12-24 14:14:03","",4402
854,"2013-12-24 14:14:04","",4404
855,"2013-12-24 14:14:04","",4405
856,"2013-12-24 14:14:04","",4406
857,"2013-12-24 14:14:04","",4407
858,"2013-12-24 14:14:04","",4409
859,"2013-12-24 14:14:04","",4410
860,"2013-12-24 14:14:04","",4411
861,"2013-12-24 14:14:05","",4412
862,"2013-12-24 14:14:05","",4413
863,"2013-12-24 14:14:05","",4414
864,"2013-12-24 14:14:05","",3944
865,"2013-12-24 14:14:05","",3948
866,"2013-12-24 14:14:06","",3950
867,"2013-12-24 14:14:06","",3951
868,"2013-12-24 14:14:06","",3952
869,"2013-12-24 14:14:06","",3953
870,"2013-12-24 14:14:06","",3955
871,"2013-12-24 14:14:06","",3956
872,"2013-12-24 14:14:06","",3957
873,"2013-12-24 14:14:07","",3958
874,"2013-12-24 14:14:07","",3960
875,"2013-12-24 14:14:07","",3961
876,"2013-12-24 14:14:07","",3962
877,"2013-12-24 14:14:07","",3963
878,"2013-12-24 14:14:07","",3965
879,"2013-12-24 14:14:08","",3966
880,"2013-12-24 14:14:08","",3967
881,"2013-12-24 14:14:08","",3968
882,"2013-12-24 14:14:08","",3970
883,"2013-12-24 14:14:08","",3971
884,"2013-12-24 14:14:08","",3972
885,"2013-12-24 14:14:09","",3973
886,"2013-12-24 14:14:09","",3975
887,"2013-12-24 14:14:09","",3976
888,"2013-12-24 14:14:09","",3977
889,"2013-12-24 14:14:09","",3978
890,"2013-12-24 14:14:09","",3980
891,"2013-12-24 14:14:10","",3981
892,"2013-12-24 14:14:10","",3982
893,"2013-12-24 14:14:10","",3983
894,"2013-12-24 14:14:10","",3985
895,"2013-12-24 14:14:10","",3986
896,"2013-12-24 14:14:10","",3987
897,"2013-12-24 14:14:11","",3988
898,"2013-12-24 14:14:11","",3990
899,"2013-12-24 14:14:11","",3991
900,"2013-12-24 14:14:11","",4100
901,"2013-12-24 14:14:11","",4101
902,"2013-12-24 14:14:11","",4103
903,"2013-12-24 14:14:12","",4104
904,"2013-12-24 14:14:12","",4105
905,"2013-12-24 14:14:12","",4106
906,"2013-12-24 14:14:12","",4108
907,"2013-12-24 14:14:12","",4109
908,"2013-12-24 14:14:12","",4110
909,"2013-12-24 14:14:13","",4111
910,"2013-12-24 14:14:13","",4113
911,"2013-12-24 14:14:13","",4114
912,"2013-12-24 14:14:13","",4115
913,"2013-12-24 14:14:13","",4116
914,"2013-12-24 14:14:13","",4118
915,"2013-12-24 14:14:13","",4119
916,"2013-12-24 14:14:14","",4120
917,"2013-12-24 14:14:14","",4121
918,"2013-12-24 14:14:14","",4123
919,"2013-12-24 14:14:14","",4124
920,"2013-12-24 14:14:14","",4125
921,"2013-12-24 14:14:15","",4126
922,"2013-12-24 14:14:15","",4128
923,"2013-12-24 14:14:15","",4129
924,"2013-12-24 14:14:15","",4130
925,"2013-12-24 14:14:15","",4131
926,"2013-12-24 14:14:15","",4133
927,"2013-12-24 14:14:16","",4134
928,"2013-12-24 14:14:16","",4135
929,"2013-12-24 14:14:16","",4136
930,"2013-12-24 14:14:16","",4138
931,"2013-12-24 14:14:16","",4139
932,"2013-12-24 14:14:16","",4140
933,"2013-12-24 14:14:17","",4141
934,"2013-12-24 14:14:17","",4143
935,"2013-12-24 14:14:17","",4144
936,"2013-12-24 14:14:17","",4229
937,"2013-12-24 14:14:17","",4230
938,"2013-12-24 14:14:17","",4232
939,"2013-12-24 14:14:17","",4233
940,"2013-12-24 14:14:18","",4234
941,"2013-12-24 14:14:18","",4235
942,"2013-12-24 14:14:18","",4237
943,"2013-12-24 14:14:18","",4238
944,"2013-12-24 14:14:18","",4239
945,"2013-12-24 14:14:19","",4240
946,"2013-12-24 14:14:19","",4242
947,"2013-12-24 14:14:19","",4243
948,"2013-12-24 14:14:19","",4244
949,"2013-12-24 14:14:19","",4245
950,"2013-12-24 14:14:19","",4247
951,"2013-12-24 14:14:20","",4248
952,"2013-12-24 14:14:20","",4249
953,"2013-12-24 14:14:20","",4250
954,"2013-12-24 14:14:20","",4251
955,"2013-12-24 14:14:20","",4252
956,"2013-12-24 14:14:20","",4253
957,"2013-12-24 14:14:21","",4254
958,"2013-12-24 14:14:21","",4255
959,"2013-12-24 14:14:21","",4256
960,"2013-12-24 14:14:21","",4257
961,"2013-12-24 14:14:21","",4258
962,"2013-12-24 14:14:21","",4259
963,"2013-12-24 14:14:22","",4260
964,"2013-12-24 14:14:22","",4261
965,"2013-12-24 14:14:22","",4262
966,"2013-12-24 14:14:22","",4263
967,"2013-12-24 14:14:22","",4264
968,"2013-12-24 14:14:22","",4265
969,"2013-12-24 14:14:23","",4266
970,"2013-12-24 14:14:23","",4267
971,"2013-12-24 14:14:23","",4268
972,"2013-12-24 14:14:23","",4269
973,"2013-12-24 14:14:23","",4573
974,"2013-12-24 14:14:24","",4602
975,"2013-12-24 14:14:24","",4604
976,"2013-12-24 14:14:24","",4606
977,"2013-12-24 14:14:24","",4607
978,"2013-12-24 14:14:24","",4608
979,"2013-12-24 14:14:24","",4609
980,"2013-12-24 14:14:24","",4613
981,"2013-12-24 14:14:25","",4614
982,"2013-12-24 14:14:25","",4618
983,"2013-12-24 14:14:25","",4619
984,"2013-12-24 14:14:25","",4620
985,"2013-12-24 14:14:25","",4621
986,"2013-12-24 14:14:25","",4622
987,"2013-12-24 14:14:25","",4623
988,"2013-12-24 14:14:26","",4624
989,"2013-12-24 14:14:26","",4628
990,"2013-12-24 14:14:26","",4629
991,"2013-12-24 14:14:26","",4630
992,"2013-12-24 14:14:26","",4631
993,"2013-12-24 14:14:26","",4632
994,"2013-12-24 14:14:26","",4634
995,"2013-12-24 14:14:26","",4635
996,"2013-12-24 14:14:27","",4636
997,"2013-12-24 14:14:27","",4637
998,"2013-12-24 14:14:27","",4638
999,"2013-12-24 14:14:27","",4639
1000,"2013-12-24 14:14:29","",4643
1001,"2013-12-24 14:14:29","",4649
1002,"2013-12-24 14:14:29","",4650
1003,"2013-12-24 14:14:30","",4651
1004,"2013-12-24 14:14:30","",4652
1005,"2013-12-24 14:14:30","",4654
1006,"2013-12-24 14:14:30","",4655
1007,"2013-12-24 14:14:30","",4659
1008,"2013-12-24 14:14:30","",4661
1009,"2013-12-24 14:14:30","",5185
1010,"2013-12-24 14:14:31","",5187
1011,"2013-12-24 14:14:31","",5189
1012,"2013-12-24 14:14:31","",5194
1013,"2013-12-24 14:14:31","",5196
1014,"2013-12-24 14:14:31","",5198
1015,"2013-12-24 14:14:31","",5200
1016,"2013-12-24 14:14:32","",5206
1017,"2013-12-24 14:14:32","",5207
1018,"2013-12-24 14:14:32","",5208
1019,"2013-12-24 14:14:32","",5210
1020,"2013-12-24 14:14:32","",5211
1021,"2013-12-24 14:14:32","",5212
1022,"2013-12-24 14:14:32","",5216
1023,"2013-12-24 14:14:33","",5217
1024,"2013-12-24 14:14:33","",5222
1025,"2013-12-24 14:14:33","",5224
1026,"2013-12-24 14:14:33","",5225
1027,"2013-12-24 14:14:33","",5226
1028,"2013-12-24 14:14:33","",5227
1029,"2013-12-24 14:14:34","",5228
1030,"2013-12-24 14:14:34","",5229
1031,"2013-12-24 14:14:34","",5234
1032,"2013-12-24 14:14:34","",5235
1033,"2013-12-24 14:14:34","",5236
1034,"2013-12-24 14:14:34","",5237
1035,"2013-12-24 14:14:34","",5238
1036,"2013-12-24 14:14:35","",5239
1037,"2013-12-24 14:14:35","",5240
1038,"2013-12-24 14:14:35","",5242
1039,"2013-12-24 14:14:35","",5243
1040,"2013-12-24 14:14:35","",5244
1041,"2013-12-24 14:14:35","",5245
1042,"2013-12-24 14:14:35","",5249
1043,"2013-12-24 14:14:35","",5250
1044,"2013-12-24 14:14:36","",5251
1045,"2013-12-24 14:14:36","",5252
1046,"2013-12-24 14:14:36","",5253
1047,"2013-12-24 14:14:36","",5258
1048,"2013-12-24 14:14:36","",5260
1049,"2013-12-24 14:14:36","",5261
1050,"2013-12-24 14:14:36","",5262
1051,"2013-12-24 14:14:37","",5266
1052,"2013-12-24 14:14:37","",5268
1053,"2013-12-24 14:14:37","",5269
1054,"2013-12-24 14:14:37","",5270
1055,"2013-12-24 14:14:37","",5271
1056,"2013-12-24 14:14:37","",5272
1057,"2013-12-24 14:14:38","",5273
1058,"2013-12-24 14:14:38","",5274
1059,"2013-12-24 14:14:38","",5278
1060,"2013-12-24 14:14:38","",5280
1061,"2013-12-24 14:14:38","",5281
1062,"2013-12-24 14:14:38","",5286
1063,"2013-12-24 14:14:38","",5287
1064,"2013-12-24 14:14:39","",5288
1065,"2013-12-24 14:14:39","",5289
1066,"2013-12-24 14:14:39","",5290
1067,"2013-12-24 14:14:39","",5292
1466,"2013-12-24 14:26:31","",609
1467,"2013-12-24 14:26:31","",614
1468,"2013-12-24 14:26:31","",615
1469,"2013-12-24 14:26:32","",616
1470,"2013-12-24 14:26:32","",618
1471,"2013-12-24 14:26:32","",619
1472,"2013-12-24 14:26:32","",620
1473,"2013-12-24 14:26:32","",621
1474,"2013-12-24 14:26:32","",623
1475,"2013-12-24 14:26:32","",624
1476,"2013-12-24 14:26:33","",625
1477,"2013-12-24 14:26:33","",626
1478,"2013-12-24 14:26:33","",628
1479,"2013-12-24 14:26:33","",629
1480,"2013-12-24 14:26:33","",630
1481,"2013-12-24 14:26:33","",639
1482,"2013-12-24 14:26:33","",640
1483,"2013-12-24 14:26:33","",642
1484,"2013-12-24 14:26:34","",643
1485,"2013-12-24 14:26:34","",644
1486,"2013-12-24 14:26:34","",645
1487,"2013-12-24 14:26:34","",646
1488,"2013-12-24 14:26:34","",647
1489,"2013-12-24 14:26:34","",649
1490,"2013-12-24 14:26:35","",650
1491,"2013-12-24 14:26:35","",651
1492,"2013-12-24 14:26:35","",652
1493,"2013-12-24 14:26:35","",654
1494,"2013-12-24 14:26:35","",656
1495,"2013-12-24 14:26:35","",658
1496,"2013-12-24 14:26:35","",673
1497,"2013-12-24 14:26:35","",674
1498,"2013-12-24 14:26:36","",677
1499,"2013-12-24 14:26:36","",678
1500,"2013-12-24 14:26:36","",680
1501,"2013-12-24 14:26:36","",681
1502,"2013-12-24 14:26:36","",682
1503,"2013-12-24 14:26:36","",684
1504,"2013-12-24 14:26:37","",685
1505,"2013-12-24 14:26:37","",687
1506,"2013-12-24 14:26:37","",688
1507,"2013-12-24 14:26:37","",689
1508,"2013-12-24 14:26:37","",691
1509,"2013-12-24 14:26:37","",692
1510,"2013-12-24 14:26:38","",694
1511,"2013-12-24 14:26:38","",707
1512,"2013-12-24 14:26:38","",709
1513,"2013-12-24 14:26:38","",710
1514,"2013-12-24 14:26:38","",711
1515,"2013-12-24 14:26:38","",713
1516,"2013-12-24 14:26:39","",714
1517,"2013-12-24 14:26:39","",716
1518,"2013-12-24 14:26:39","",717
1519,"2013-12-24 14:26:39","",718
1520,"2013-12-24 14:26:39","",720
1521,"2013-12-24 14:26:39","",721
1522,"2013-12-24 14:26:39","",723
1523,"2013-12-24 14:26:40","",724
1524,"2013-12-24 14:26:40","",725
1525,"2013-12-24 14:26:40","",727
1526,"2013-12-24 14:26:40","",741
1527,"2013-12-24 14:26:40","",743
1528,"2013-12-24 14:26:40","",744
1529,"2013-12-24 14:26:41","",745
1530,"2013-12-24 14:26:41","",746
1531,"2013-12-24 14:26:41","",747
1532,"2013-12-24 14:26:41","",749
1533,"2013-12-24 14:26:41","",750
1534,"2013-12-24 14:26:41","",751
1535,"2013-12-24 14:26:41","",752
1536,"2013-12-24 14:26:42","",754
1537,"2013-12-24 14:26:42","",755
1538,"2013-12-24 14:26:42","",757
1539,"2013-12-24 14:26:42","",759
1540,"2013-12-24 14:26:42","",760
1541,"2013-12-24 14:26:42","",908
1542,"2013-12-24 14:26:43","",912
1543,"2013-12-24 14:26:43","",913
1544,"2013-12-24 14:26:43","",914
1545,"2013-12-24 14:26:43","",915
1546,"2013-12-24 14:26:43","",917
1547,"2013-12-24 14:26:43","",918
1548,"2013-12-24 14:26:43","",919
1549,"2013-12-24 14:26:43","",920
1550,"2013-12-24 14:26:43","",922
1551,"2013-12-24 14:26:44","",923
1552,"2013-12-24 14:26:44","",924
1553,"2013-12-24 14:26:44","",925
1554,"2013-12-24 14:26:44","",926
1555,"2013-12-24 14:26:44","",927
1556,"2013-12-24 14:26:45","",928
1557,"2013-12-24 14:26:45","",929
1558,"2013-12-24 14:26:45","",933
1559,"2013-12-24 14:26:45","",872
1560,"2013-12-24 14:26:45","",875
1561,"2013-12-24 14:26:45","",876
1562,"2013-12-24 14:26:45","",877
1563,"2013-12-24 14:26:46","",879
1564,"2013-12-24 14:26:46","",880
1565,"2013-12-24 14:26:46","",881
1566,"2013-12-24 14:26:46","",882
1567,"2013-12-24 14:26:46","",888
1568,"2013-12-24 14:26:46","",414
1569,"2013-12-24 14:26:46","",418
1570,"2013-12-24 14:26:46","",419
1571,"2013-12-24 14:26:46","",420
1572,"2013-12-24 14:26:47","",422
1573,"2013-12-24 14:26:47","",423
1574,"2013-12-24 14:26:47","",424
1575,"2013-12-24 14:26:47","",425
1576,"2013-12-24 14:26:47","",426
1577,"2013-12-24 14:26:47","",462
1578,"2013-12-24 14:26:47","",463
1579,"2013-12-24 14:26:48","",464
1580,"2013-12-24 14:26:48","",465
1581,"2013-12-24 14:26:48","",471
1582,"2013-12-24 14:26:48","",474
1583,"2013-12-24 14:26:48","",847
1584,"2013-12-24 14:26:48","",848
1585,"2013-12-24 14:26:48","",849
1586,"2013-12-24 14:26:48","",850
1587,"2013-12-24 14:26:49","",851
1588,"2013-12-24 14:26:49","",852
1589,"2013-12-24 14:26:49","",853
1590,"2013-12-24 14:26:49","",854
1591,"2013-12-24 14:26:49","",855
1592,"2013-12-24 14:26:49","",476
1593,"2013-12-24 14:26:49","",479
1594,"2013-12-24 14:26:50","",481
1595,"2013-12-24 14:26:50","",487
1596,"2013-12-24 14:26:50","",488
1597,"2013-12-24 14:26:50","",490
1598,"2013-12-24 14:26:51","",491
1599,"2013-12-24 14:26:51","",492
1600,"2013-12-24 14:26:51","",493
1601,"2013-12-24 14:26:51","",497
1602,"2013-12-24 14:26:51","",509
1603,"2013-12-24 14:26:51","",510
1604,"2013-12-24 14:26:51","",511
1605,"2013-12-24 14:26:51","",512
1606,"2013-12-24 14:26:52","",513
1607,"2013-12-24 14:26:52","",515
1608,"2013-12-24 14:26:52","",516
1609,"2013-12-24 14:26:52","",517
1610,"2013-12-24 14:26:52","",518
1611,"2013-12-24 14:26:52","",522
1612,"2013-12-24 14:26:52","",589
1613,"2013-12-24 14:26:52","",590
1614,"2013-12-24 14:26:53","",591
1615,"2013-12-24 14:26:53","",592
1616,"2013-12-24 14:26:53","",593
1617,"2013-12-24 14:26:53","",594
1618,"2013-12-24 14:26:53","",598
1619,"2013-12-24 14:26:53","",599
1620,"2013-12-24 14:26:53","",600
1621,"2013-12-24 14:26:53","",601
1622,"2013-12-24 14:26:54","",432
1623,"2013-12-24 14:26:54","",436
1624,"2013-12-24 14:26:54","",437
1625,"2013-12-24 14:26:54","",438
1626,"2013-12-24 14:26:54","",439
1627,"2013-12-24 14:26:54","",441
1628,"2013-12-24 14:26:54","",442
1629,"2013-12-24 14:26:55","",443
1630,"2013-12-24 14:26:55","",444
1631,"2013-12-24 14:26:55","",450
1632,"2013-12-24 14:26:55","",452
1633,"2013-12-24 14:26:55","",453
1634,"2013-12-24 14:26:55","",454
1635,"2013-12-24 14:26:55","",455
1636,"2013-12-24 14:26:55","",456
1637,"2013-12-24 14:26:56","",457
1638,"2013-12-24 14:26:56","",458
1639,"2013-12-24 14:26:56","",459
1640,"2013-12-24 14:26:56","",460
1641,"2013-12-24 14:26:56","",461
1642,"2013-12-24 14:26:56","",889
1643,"2013-12-24 14:26:56","",890
1644,"2013-12-24 14:26:56","",891
1645,"2013-12-24 14:26:57","",892
1646,"2013-12-24 14:26:57","",893
1647,"2013-12-24 14:26:57","",894
1648,"2013-12-24 14:26:57","",895
1649,"2013-12-24 14:26:57","",896
1650,"2013-12-24 14:26:57","",897
1651,"2013-12-24 14:26:57","",900
1652,"2013-12-24 14:26:57","",400
1653,"2013-12-24 14:26:58","",401
1654,"2013-12-24 14:26:58","",402
1655,"2013-12-24 14:26:58","",403
1656,"2013-12-24 14:26:58","",404
1657,"2013-12-24 14:26:58","",405
1658,"2013-12-24 14:26:59","",406
1659,"2013-12-24 14:26:59","",407
1660,"2013-12-24 14:26:59","",408
1661,"2013-12-24 14:26:59","",413
1662,"2013-12-24 14:26:59","",186
1663,"2013-12-24 14:26:59","",189
1664,"2013-12-24 14:26:59","",190
1665,"2013-12-24 14:27:00","",191
1666,"2013-12-24 14:27:00","",192
1667,"2013-12-24 14:27:00","",194
1668,"2013-12-24 14:27:00","",195
1669,"2013-12-24 14:27:00","",196
1670,"2013-12-24 14:27:00","",197
1671,"2013-12-24 14:27:00","",203
1672,"2013-12-24 14:27:00","",206
1673,"2013-12-24 14:27:01","",207
1674,"2013-12-24 14:27:01","",208
1675,"2013-12-24 14:27:01","",209
1676,"2013-12-24 14:27:01","",210
1677,"2013-12-24 14:27:01","",212
1678,"2013-12-24 14:27:01","",213
1679,"2013-12-24 14:27:01","",214
1680,"2013-12-24 14:27:01","",215
1681,"2013-12-24 14:27:02","",219
1682,"2013-12-24 14:27:02","",221
1683,"2013-12-24 14:27:02","",222
1684,"2013-12-24 14:27:02","",223
1685,"2013-12-24 14:27:02","",224
1686,"2013-12-24 14:27:02","",225
1687,"2013-12-24 14:27:03","",227
1688,"2013-12-24 14:27:03","",228
1689,"2013-12-24 14:27:03","",229
1690,"2013-12-24 14:27:03","",230
1691,"2013-12-24 14:27:03","",231
1692,"2013-12-24 14:27:03","",233
1693,"2013-12-24 14:27:03","",234
1694,"2013-12-24 14:27:03","",235
1695,"2013-12-24 14:27:04","",236
1696,"2013-12-24 14:27:04","",237
1697,"2013-12-24 14:27:04","",239
1698,"2013-12-24 14:27:04","",240
1699,"2013-12-24 14:27:04","",241
1700,"2013-12-24 14:27:04","",242
1701,"2013-12-24 14:27:04","",243
1702,"2013-12-24 14:27:04","",245
1703,"2013-12-24 14:27:05","",246
1704,"2013-12-24 14:27:05","",247
1705,"2013-12-24 14:27:05","",248
1706,"2013-12-24 14:27:05","",249
1707,"2013-12-24 14:27:05","",251
1708,"2013-12-24 14:27:05","",252
1709,"2013-12-24 14:27:05","",253
1710,"2013-12-24 14:27:05","",254
1711,"2013-12-24 14:27:06","",255
1712,"2013-12-24 14:27:06","",257
1713,"2013-12-24 14:27:06","",260
1714,"2013-12-24 14:27:06","",261
1715,"2013-12-24 14:27:06","",262
1716,"2013-12-24 14:27:06","",263
1717,"2013-12-24 14:27:06","",264
1718,"2013-12-24 14:27:07","",266
1719,"2013-12-24 14:27:07","",267
1720,"2013-12-24 14:27:07","",268
1721,"2013-12-24 14:27:07","",269
1722,"2013-12-24 14:27:07","",271
1723,"2013-12-24 14:27:07","",272
1724,"2013-12-24 14:27:07","",273
1725,"2013-12-24 14:27:07","",274
1726,"2013-12-24 14:27:08","",275
1727,"2013-12-24 14:27:08","",277
1728,"2013-12-24 14:27:08","",278
1729,"2013-12-24 14:27:08","",279
1730,"2013-12-24 14:27:08","",280
1731,"2013-12-24 14:27:08","",284
1732,"2013-12-24 14:27:08","",286
1733,"2013-12-24 14:27:09","",287
1734,"2013-12-24 14:27:09","",288
1735,"2013-12-24 14:27:09","",289
1736,"2013-12-24 14:27:09","",290
1737,"2013-12-24 14:27:09","",292
1738,"2013-12-24 14:27:09","",293
1739,"2013-12-24 14:27:09","",294
1740,"2013-12-24 14:27:10","",295
1741,"2013-12-24 14:27:10","",297
1742,"2013-12-24 14:27:10","",499
1743,"2013-12-24 14:27:10","",500
1744,"2013-12-24 14:27:10","",501
1745,"2013-12-24 14:27:11","",502
1746,"2013-12-24 14:27:11","",503
1747,"2013-12-24 14:27:11","",505
1748,"2013-12-24 14:27:11","",506
1749,"2013-12-24 14:27:11","",507
1750,"2013-12-24 14:27:11","",508
1751,"2013-12-24 14:27:11","",302
1752,"2013-12-24 14:27:12","",305
1753,"2013-12-24 14:27:12","",306
1754,"2013-12-24 14:27:12","",307
1755,"2013-12-24 14:27:12","",308
1756,"2013-12-24 14:27:12","",309
1757,"2013-12-24 14:27:12","",310
1758,"2013-12-24 14:27:12","",311
1759,"2013-12-24 14:27:12","",299
1760,"2013-12-24 14:27:13","",312
1761,"2013-12-24 14:27:13","",317
1762,"2013-12-24 14:27:13","",319
1763,"2013-12-24 14:27:13","",320
1764,"2013-12-24 14:27:13","",321
1765,"2013-12-24 14:27:13","",322
1766,"2013-12-24 14:27:13","",323
1767,"2013-12-24 14:27:14","",325
1768,"2013-12-24 14:27:14","",326
1769,"2013-12-24 14:27:14","",327
1770,"2013-12-24 14:27:14","",328
1771,"2013-12-24 14:27:14","",329
1772,"2013-12-24 14:27:14","",331
1773,"2013-12-24 14:27:14","",332
1774,"2013-12-24 14:27:14","",333
1775,"2013-12-24 14:27:15","",334
1776,"2013-12-24 14:27:15","",336
1777,"2013-12-24 14:27:15","",337
1778,"2013-12-24 14:27:15","",338
1779,"2013-12-24 14:27:15","",340
1780,"2013-12-24 14:27:15","",341
1781,"2013-12-24 14:27:15","",342
1782,"2013-12-24 14:27:16","",344
1783,"2013-12-24 14:27:16","",345
1784,"2013-12-24 14:27:16","",346
1785,"2013-12-24 14:27:16","",347
1786,"2013-12-24 14:27:16","",348
1787,"2013-12-24 14:27:16","",350
1788,"2013-12-24 14:27:16","",351
1789,"2013-12-24 14:27:17","",352
1790,"2013-12-24 14:27:17","",353
1791,"2013-12-24 14:27:17","",354
1792,"2013-12-24 14:27:17","",1520
1793,"2013-12-24 14:27:17","",1522
1794,"2013-12-24 14:27:17","",1523
1795,"2013-12-24 14:27:17","",1525
1796,"2013-12-24 14:27:17","",1526
1797,"2013-12-24 14:27:18","",1527
1798,"2013-12-24 14:27:18","",1528
1799,"2013-12-24 14:27:18","",1530
1800,"2013-12-24 14:27:18","",1531
1801,"2013-12-24 14:27:18","",1532
1802,"2013-12-24 14:27:18","",1533
1803,"2013-12-24 14:27:18","",1535
1804,"2013-12-24 14:27:18","",1536
1805,"2013-12-24 14:27:19","",1537
1806,"2013-12-24 14:27:19","",1538
1807,"2013-12-24 14:27:19","",1546
1808,"2013-12-24 14:27:19","",1547
1809,"2013-12-24 14:27:19","",1548
1810,"2013-12-24 14:27:19","",1549
1811,"2013-12-24 14:27:19","",1551
1812,"2013-12-24 14:27:20","",1552
1813,"2013-12-24 14:27:20","",1553
1814,"2013-12-24 14:27:20","",1554
1815,"2013-12-24 14:27:20","",1556
1816,"2013-12-24 14:27:20","",1557
1817,"2013-12-24 14:27:20","",1558
1818,"2013-12-24 14:27:20","",1559
1819,"2013-12-24 14:27:21","",1560
1820,"2013-12-24 14:27:21","",1561
1821,"2013-12-24 14:27:21","",1562
1822,"2013-12-24 14:27:21","",1262
1823,"2013-12-24 14:27:21","",1263
1824,"2013-12-24 14:27:21","",1264
1825,"2013-12-24 14:27:22","",1266
1826,"2013-12-24 14:27:22","",1267
1827,"2013-12-24 14:27:22","",1268
1828,"2013-12-24 14:27:23","",1269
1829,"2013-12-24 14:27:23","",1271
1830,"2013-12-24 14:27:23","",1272
1831,"2013-12-24 14:27:23","",1273
1832,"2013-12-24 14:27:23","",1274
1833,"2013-12-24 14:27:23","",1275
1834,"2013-12-24 14:27:23","",1276
1835,"2013-12-24 14:27:24","",1277
1836,"2013-12-24 14:27:24","",1278
1837,"2013-12-24 14:27:24","",1563
1838,"2013-12-24 14:27:24","",1567
1839,"2013-12-24 14:27:24","",1568
1840,"2013-12-24 14:27:24","",1569
1841,"2013-12-24 14:27:25","",1570
1842,"2013-12-24 14:27:25","",1572
1843,"2013-12-24 14:27:25","",1573
1844,"2013-12-24 14:27:25","",1574
1845,"2013-12-24 14:27:25","",1575
1846,"2013-12-24 14:27:25","",1581
1847,"2013-12-24 14:27:25","",1583
1848,"2013-12-24 14:27:26","",1584
1849,"2013-12-24 14:27:26","",1585
1850,"2013-12-24 14:27:26","",1586
1851,"2013-12-24 14:27:26","",1587
1852,"2013-12-24 14:27:26","",1589
1853,"2013-12-24 14:27:26","",1590
1854,"2013-12-24 14:27:26","",1592
1855,"2013-12-24 14:27:26","",1593
1856,"2013-12-24 14:27:27","",1598
1857,"2013-12-24 14:27:27","",1600
1858,"2013-12-24 14:27:27","",1604
1859,"2013-12-24 14:27:27","",1605
1860,"2013-12-24 14:27:27","",1606
1861,"2013-12-24 14:27:27","",1607
1862,"2013-12-24 14:27:27","",1608
1863,"2013-12-24 14:27:28","",1610
1864,"2013-12-24 14:27:28","",1611
1865,"2013-12-24 14:27:28","",1612
1866,"2013-12-24 14:27:28","",1616
1867,"2013-12-24 14:27:28","",1619
1868,"2013-12-24 14:27:28","",1621
1869,"2013-12-24 14:27:28","",1622
1870,"2013-12-24 14:27:29","",1623
1871,"2013-12-24 14:27:29","",1624
1872,"2013-12-24 14:27:29","",1626
1873,"2013-12-24 14:27:29","",1627
1874,"2013-12-24 14:27:29","",1628
1875,"2013-12-24 14:27:29","",1629
1876,"2013-12-24 14:27:29","",1634
1877,"2013-12-24 14:27:29","",1636
1878,"2013-12-24 14:27:30","",1638
1879,"2013-12-24 14:27:30","",1639
1880,"2013-12-24 14:27:30","",1640
1881,"2013-12-24 14:27:30","",1641
1882,"2013-12-24 14:27:30","",1643
1883,"2013-12-24 14:27:30","",1644
1884,"2013-12-24 14:27:30","",1645
1885,"2013-12-24 14:27:31","",1646
1886,"2013-12-24 14:27:31","",1649
1887,"2013-12-24 14:27:31","",1651
1888,"2013-12-24 14:27:31","",1652
1889,"2013-12-24 14:27:31","",1653
1890,"2013-12-24 14:27:31","",1654
1891,"2013-12-24 14:27:32","",1655
1892,"2013-12-24 14:27:32","",1657
1893,"2013-12-24 14:27:32","",1658
1894,"2013-12-24 14:27:32","",1659
1895,"2013-12-24 14:27:32","",1660
1896,"2013-12-24 14:27:32","",1663
1897,"2013-12-24 14:27:32","",1716
1898,"2013-12-24 14:27:33","",1717
1899,"2013-12-24 14:27:33","",1718
1900,"2013-12-24 14:27:33","",1719
1901,"2013-12-24 14:27:33","",1721
1902,"2013-12-24 14:27:33","",1722
1903,"2013-12-24 14:27:33","",1723
1904,"2013-12-24 14:27:33","",1724
1905,"2013-12-24 14:27:33","",1726
1906,"2013-12-24 14:27:34","",1727
1907,"2013-12-24 14:27:34","",1728
1908,"2013-12-24 14:27:34","",1729
1909,"2013-12-24 14:27:34","",1731
1910,"2013-12-24 14:27:34","",1732
1911,"2013-12-24 14:27:34","",1733
1912,"2013-12-24 14:27:35","",1735
1913,"2013-12-24 14:27:35","",1736
1914,"2013-12-24 14:27:35","",1737
1915,"2013-12-24 14:27:35","",1738
1916,"2013-12-24 14:27:35","",1740
1917,"2013-12-24 14:27:35","",1741
1918,"2013-12-24 14:27:35","",1742
1919,"2013-12-24 14:27:36","",1743
1920,"2013-12-24 14:27:36","",1748
1921,"2013-12-24 14:27:36","",1750
1922,"2013-12-24 14:27:36","",1751
1923,"2013-12-24 14:27:36","",1752
1924,"2013-12-24 14:27:36","",1753
1925,"2013-12-24 14:27:37","",1754
1926,"2013-12-24 14:27:37","",1755
1927,"2013-12-24 14:27:37","",1757
1928,"2013-12-24 14:27:37","",1758
1929,"2013-12-24 14:27:37","",1759
1930,"2013-12-24 14:27:37","",1762
1931,"2013-12-24 14:27:37","",1763
1932,"2013-12-24 14:27:37","",1766
1933,"2013-12-24 14:27:38","",1769
1934,"2013-12-24 14:27:38","",1770
1935,"2013-12-24 14:27:38","",1771
1936,"2013-12-24 14:27:38","",1772
1937,"2013-12-24 14:27:38","",1773
1938,"2013-12-24 14:27:38","",1775
1939,"2013-12-24 14:27:38","",1776
1940,"2013-12-24 14:27:39","",1777
1941,"2013-12-24 14:27:39","",1782
1942,"2013-12-24 14:27:39","",1783
1943,"2013-12-24 14:27:39","",1785
1944,"2013-12-24 14:27:40","",1786
1945,"2013-12-24 14:27:40","",1787
1946,"2013-12-24 14:27:40","",1788
1947,"2013-12-24 14:27:40","",1789
1948,"2013-12-24 14:27:41","",1791
1949,"2013-12-24 14:27:41","",1792
1950,"2013-12-24 14:27:41","",1793
1951,"2013-12-24 14:27:41","",1794
1952,"2013-12-24 14:27:41","",1798
1953,"2013-12-24 14:27:41","",1846
1954,"2013-12-24 14:27:41","",1847
1955,"2013-12-24 14:27:41","",1848
1956,"2013-12-24 14:27:42","",1849
1957,"2013-12-24 14:27:42","",1850
1958,"2013-12-24 14:27:42","",1852
1959,"2013-12-24 14:27:42","",1853
1960,"2013-12-24 14:27:42","",1854
1961,"2013-12-24 14:27:42","",1855
1962,"2013-12-24 14:27:42","",1859
1963,"2013-12-24 14:27:42","",1861
1964,"2013-12-24 14:27:43","",1862
1965,"2013-12-24 14:27:43","",1863
1966,"2013-12-24 14:27:43","",1864
1967,"2013-12-24 14:27:43","",1865
1968,"2013-12-24 14:27:43","",1867
1969,"2013-12-24 14:27:43","",1868
1970,"2013-12-24 14:27:44","",1869
1971,"2013-12-24 14:27:44","",1870
1972,"2013-12-24 14:27:44","",1874
1973,"2013-12-24 14:27:44","",1876
1974,"2013-12-24 14:27:44","",1877
1975,"2013-12-24 14:27:44","",1878
1976,"2013-12-24 14:27:44","",1879
1977,"2013-12-24 14:27:45","",1880
1978,"2013-12-24 14:27:45","",1882
1979,"2013-12-24 14:27:45","",1883
1980,"2013-12-24 14:27:45","",1884
1981,"2013-12-24 14:27:45","",1885
1982,"2013-12-24 14:27:45","",1890
1983,"2013-12-24 14:27:45","",1892
1984,"2013-12-24 14:27:46","",1893
1985,"2013-12-24 14:27:46","",1894
1986,"2013-12-24 14:27:46","",1895
1987,"2013-12-24 14:27:46","",1896
1988,"2013-12-24 14:27:46","",1898
1989,"2013-12-24 14:27:46","",1899
1990,"2013-12-24 14:27:46","",1900
1991,"2013-12-24 14:27:46","",1901
1992,"2013-12-24 14:27:47","",1905
1993,"2013-12-24 14:27:47","",1907
1994,"2013-12-24 14:27:47","",1908
1995,"2013-12-24 14:27:47","",1909
1996,"2013-12-24 14:27:47","",1910
1997,"2013-12-24 14:27:47","",1911
1998,"2013-12-24 14:27:48","",1913
1999,"2013-12-24 14:27:48","",1914
2000,"2013-12-24 14:27:48","",1916
2001,"2013-12-24 14:27:48","",1917
2002,"2013-12-24 14:27:48","",1922
2003,"2013-12-24 14:27:48","",1924
2004,"2013-12-24 14:27:48","",1927
2005,"2013-12-24 14:27:48","",1928
2006,"2013-12-24 14:27:49","",1929
2007,"2013-12-24 14:27:49","",1930
2008,"2013-12-24 14:27:49","",1932
2009,"2013-12-24 14:27:49","",1933
2010,"2013-12-24 14:27:49","",1934
2011,"2013-12-24 14:27:49","",1935
2012,"2013-12-24 14:27:49","",1936
2013,"2013-12-24 14:27:50","",1982
2014,"2013-12-24 14:27:50","",1984
2015,"2013-12-24 14:27:50","",1985
2016,"2013-12-24 14:27:50","",1986
2017,"2013-12-24 14:27:50","",1987
2018,"2013-12-24 14:27:50","",1989
2019,"2013-12-24 14:27:51","",1990
2020,"2013-12-24 14:27:51","",1991
2021,"2013-12-24 14:27:51","",1992
2022,"2013-12-24 14:27:51","",1993
2023,"2013-12-24 14:27:51","",1994
2024,"2013-12-24 14:27:51","",1997
2025,"2013-12-24 14:27:51","",1999
2026,"2013-12-24 14:27:51","",2000
2027,"2013-12-24 14:27:52","",2001
2028,"2013-12-24 14:27:52","",2003
2029,"2013-12-24 14:27:52","",2004
2030,"2013-12-24 14:27:52","",2005
2031,"2013-12-24 14:27:52","",2006
2032,"2013-12-24 14:27:52","",2007
2033,"2013-12-24 14:27:52","",2008
2034,"2013-12-24 14:27:53","",2010
2035,"2013-12-24 14:27:53","",2011
2036,"2013-12-24 14:27:53","",2012
2037,"2013-12-24 14:27:53","",2013
2038,"2013-12-24 14:27:53","",2015
2039,"2013-12-24 14:27:53","",2016
2040,"2013-12-24 14:27:53","",2017
2041,"2013-12-24 14:27:54","",2018
2042,"2013-12-24 14:27:54","",2019
2043,"2013-12-24 14:27:54","",2021
2044,"2013-12-24 14:27:54","",2022
2045,"2013-12-24 14:27:54","",2023
2046,"2013-12-24 14:27:54","",2024
2047,"2013-12-24 14:27:54","",2025
2048,"2013-12-24 14:27:55","",2027
2049,"2013-12-24 14:27:55","",2028
2050,"2013-12-24 14:27:55","",2029
2051,"2013-12-24 14:27:55","",2030
2052,"2013-12-24 14:27:55","",2032
2053,"2013-12-24 14:27:55","",2730
2054,"2013-12-24 14:27:55","",2732
2055,"2013-12-24 14:27:55","",2733
2056,"2013-12-24 14:27:56","",2734
2057,"2013-12-24 14:27:56","",2735
2058,"2013-12-24 14:27:56","",2736
2059,"2013-12-24 14:27:56","",2737
2060,"2013-12-24 14:27:56","",2738
2061,"2013-12-24 14:27:56","",2739
2062,"2013-12-24 14:27:57","",2740
2063,"2013-12-24 14:27:57","",2741
2064,"2013-12-24 14:27:57","",2742
2065,"2013-12-24 14:27:57","",2743
2066,"2013-12-24 14:27:57","",2744
2067,"2013-12-24 14:27:57","",2745
2068,"2013-12-24 14:27:57","",2528
2069,"2013-12-24 14:27:58","",2532
2070,"2013-12-24 14:27:58","",2534
2071,"2013-12-24 14:27:58","",2535
2072,"2013-12-24 14:27:58","",2536
2073,"2013-12-24 14:27:58","",2537
2074,"2013-12-24 14:27:58","",2539
2075,"2013-12-24 14:27:58","",2540
2076,"2013-12-24 14:27:59","",2541
2077,"2013-12-24 14:27:59","",2542
2078,"2013-12-24 14:27:59","",2544
2079,"2013-12-24 14:27:59","",2545
2080,"2013-12-24 14:27:59","",2546
2081,"2013-12-24 14:27:59","",2547
2082,"2013-12-24 14:28:00","",2549
2083,"2013-12-24 14:28:00","",2760
2084,"2013-12-24 14:28:00","",2761
2085,"2013-12-24 14:28:00","",2762
2086,"2013-12-24 14:28:00","",2764
2087,"2013-12-24 14:28:00","",2765
2088,"2013-12-24 14:28:01","",2766
2089,"2013-12-24 14:28:01","",2767
2090,"2013-12-24 14:28:01","",2768
2091,"2013-12-24 14:28:01","",2769
2092,"2013-12-24 14:28:01","",2770
2093,"2013-12-24 14:28:01","",2771
2094,"2013-12-24 14:28:01","",2772
2095,"2013-12-24 14:28:01","",2773
2096,"2013-12-24 14:28:03","",2774
2097,"2013-12-24 14:28:03","",2775
2098,"2013-12-24 14:28:03","",2565
2099,"2013-12-24 14:28:03","",2569
2100,"2013-12-24 14:28:03","",2570
2101,"2013-12-24 14:28:03","",2571
2102,"2013-12-24 14:28:04","",2573
2103,"2013-12-24 14:28:04","",2574
2104,"2013-12-24 14:28:04","",2575
2105,"2013-12-24 14:28:04","",2576
2106,"2013-12-24 14:28:04","",2578
2107,"2013-12-24 14:28:04","",2579
2108,"2013-12-24 14:28:04","",2580
2109,"2013-12-24 14:28:05","",2581
2110,"2013-12-24 14:28:05","",2583
2111,"2013-12-24 14:28:05","",2584
2112,"2013-12-24 14:28:05","",2585
2113,"2013-12-24 14:28:05","",2789
2114,"2013-12-24 14:28:05","",2790
2115,"2013-12-24 14:28:05","",2791
2116,"2013-12-24 14:28:06","",2792
2117,"2013-12-24 14:28:06","",2793
2118,"2013-12-24 14:28:06","",2794
2119,"2013-12-24 14:28:06","",2795
2120,"2013-12-24 14:28:06","",2796
2121,"2013-12-24 14:28:06","",2611
2122,"2013-12-24 14:28:07","",2615
2123,"2013-12-24 14:28:07","",2616
2124,"2013-12-24 14:28:07","",2617
2125,"2013-12-24 14:28:07","",2618
2126,"2013-12-24 14:28:07","",2620
2127,"2013-12-24 14:28:07","",2621
2128,"2013-12-24 14:28:08","",2622
2129,"2013-12-24 14:28:08","",2623
2130,"2013-12-24 14:28:08","",2625
2131,"2013-12-24 14:28:08","",2626
2132,"2013-12-24 14:28:08","",2627
2133,"2013-12-24 14:28:08","",2628
2134,"2013-12-24 14:28:08","",2630
2135,"2013-12-24 14:28:09","",2631
2136,"2013-12-24 14:28:09","",2797
2137,"2013-12-24 14:28:09","",2798
2138,"2013-12-24 14:28:09","",2800
2139,"2013-12-24 14:28:09","",2801
2140,"2013-12-24 14:28:09","",2802
2141,"2013-12-24 14:28:09","",2803
2142,"2013-12-24 14:28:10","",2804
2143,"2013-12-24 14:28:10","",2805
2144,"2013-12-24 14:28:10","",2806
2145,"2013-12-24 14:28:10","",2807
2146,"2013-12-24 14:28:10","",2808
2147,"2013-12-24 14:28:10","",2809
2148,"2013-12-24 14:28:11","",2810
2149,"2013-12-24 14:28:11","",2811
2150,"2013-12-24 14:28:11","",2812
2151,"2013-12-24 14:28:11","",2746
2152,"2013-12-24 14:28:11","",2749
2153,"2013-12-24 14:28:11","",2750
2154,"2013-12-24 14:28:11","",2751
2155,"2013-12-24 14:28:11","",2752
2156,"2013-12-24 14:28:12","",2753
2157,"2013-12-24 14:28:12","",2754
2158,"2013-12-24 14:28:12","",2755
2159,"2013-12-24 14:28:12","",2756
2160,"2013-12-24 14:28:12","",2757
2161,"2013-12-24 14:28:12","",2758
2162,"2013-12-24 14:28:12","",2759
2163,"2013-12-24 14:28:13","",2550
2164,"2013-12-24 14:28:13","",2557
2165,"2013-12-24 14:28:13","",2558
2166,"2013-12-24 14:28:13","",2559
2167,"2013-12-24 14:28:13","",2560
2168,"2013-12-24 14:28:13","",2561
2169,"2013-12-24 14:28:13","",2562
2170,"2013-12-24 14:28:14","",2563
2171,"2013-12-24 14:28:14","",2564
2172,"2013-12-24 14:28:14","",2776
2173,"2013-12-24 14:28:14","",2777
2174,"2013-12-24 14:28:14","",2778
2175,"2013-12-24 14:28:14","",2780
2176,"2013-12-24 14:28:14","",2781
2177,"2013-12-24 14:28:14","",2782
2178,"2013-12-24 14:28:15","",2783
2179,"2013-12-24 14:28:15","",2784
2180,"2013-12-24 14:28:15","",2785
2181,"2013-12-24 14:28:15","",2786
2182,"2013-12-24 14:28:15","",2787
2183,"2013-12-24 14:28:15","",2788
2184,"2013-12-24 14:28:15","",2586
2185,"2013-12-24 14:28:16","",2593
2186,"2013-12-24 14:28:16","",2594
2187,"2013-12-24 14:28:16","",2595
2188,"2013-12-24 14:28:16","",2596
2189,"2013-12-24 14:28:16","",2597
2190,"2013-12-24 14:28:16","",2598
2191,"2013-12-24 14:28:17","",2599
2192,"2013-12-24 14:28:17","",2600
2193,"2013-12-24 14:28:17","",2601
2194,"2013-12-24 14:28:17","",2602
2195,"2013-12-24 14:28:17","",2604
2196,"2013-12-24 14:28:17","",2605
2197,"2013-12-24 14:28:17","",2609
2198,"2013-12-24 14:28:17","",2610
2199,"2013-12-24 14:28:18","",2632
2200,"2013-12-24 14:28:18","",2634
2201,"2013-12-24 14:28:18","",2635
2202,"2013-12-24 14:28:18","",2099
2203,"2013-12-24 14:28:18","",2102
2204,"2013-12-24 14:28:19","",2103
2205,"2013-12-24 14:28:19","",2104
2206,"2013-12-24 14:28:19","",2106
2207,"2013-12-24 14:28:19","",2107
2208,"2013-12-24 14:28:19","",2108
2209,"2013-12-24 14:28:19","",2109
2210,"2013-12-24 14:28:19","",2111
2211,"2013-12-24 14:28:20","",2112
2212,"2013-12-24 14:28:20","",2113
2213,"2013-12-24 14:28:20","",2114
2214,"2013-12-24 14:28:20","",2115
2215,"2013-12-24 14:28:20","",2116
2216,"2013-12-24 14:28:20","",2118
2217,"2013-12-24 14:28:20","",2119
2218,"2013-12-24 14:28:21","",2120
2219,"2013-12-24 14:28:21","",2121
2220,"2013-12-24 14:28:21","",2123
2221,"2013-12-24 14:28:21","",2124
2222,"2013-12-24 14:28:21","",2125
2223,"2013-12-24 14:28:21","",2126
2224,"2013-12-24 14:28:21","",2127
2225,"2013-12-24 14:28:22","",2128
2226,"2013-12-24 14:28:22","",2130
2227,"2013-12-24 14:28:22","",2131
2228,"2013-12-24 14:28:22","",2132
2229,"2013-12-24 14:28:22","",2133
2230,"2013-12-24 14:28:22","",2135
2231,"2013-12-24 14:28:22","",2136
2232,"2013-12-24 14:28:23","",2137
2233,"2013-12-24 14:28:23","",2138
2234,"2013-12-24 14:28:23","",2139
2235,"2013-12-24 14:28:23","",2140
2236,"2013-12-24 14:28:23","",2142
2237,"2013-12-24 14:28:23","",2143
2238,"2013-12-24 14:28:23","",2144
2239,"2013-12-24 14:28:24","",2145
2240,"2013-12-24 14:28:24","",2147
2241,"2013-12-24 14:28:24","",2148
2242,"2013-12-24 14:28:24","",2149
2243,"2013-12-24 14:28:24","",2150
2244,"2013-12-24 14:28:24","",2151
2245,"2013-12-24 14:28:24","",2152
2246,"2013-12-24 14:28:25","",2154
2247,"2013-12-24 14:28:25","",2155
2248,"2013-12-24 14:28:25","",2156
2249,"2013-12-24 14:28:25","",2157
2250,"2013-12-24 14:28:25","",2159
2251,"2013-12-24 14:28:25","",2160
2252,"2013-12-24 14:28:25","",2161
2253,"2013-12-24 14:28:26","",2162
2254,"2013-12-24 14:28:26","",2163
2255,"2013-12-24 14:28:26","",2164
2256,"2013-12-24 14:28:26","",2166
2257,"2013-12-24 14:28:26","",2167
2258,"2013-12-24 14:28:26","",2168
2259,"2013-12-24 14:28:27","",2169
2260,"2013-12-24 14:28:27","",2171
2261,"2013-12-24 14:28:27","",2172
2262,"2013-12-24 14:28:27","",2222
2263,"2013-12-24 14:28:27","",2223
2264,"2013-12-24 14:28:27","",2224
2265,"2013-12-24 14:28:27","",2225
2266,"2013-12-24 14:28:28","",2227
2267,"2013-12-24 14:28:28","",2228
2268,"2013-12-24 14:28:28","",2229
2269,"2013-12-24 14:28:28","",2230
2270,"2013-12-24 14:28:28","",2232
2271,"2013-12-24 14:28:28","",2233
2272,"2013-12-24 14:28:28","",2234
2273,"2013-12-24 14:28:29","",2235
2274,"2013-12-24 14:28:29","",2236
2275,"2013-12-24 14:28:29","",2237
2276,"2013-12-24 14:28:29","",2239
2277,"2013-12-24 14:28:29","",2240
2278,"2013-12-24 14:28:29","",2241
2279,"2013-12-24 14:28:29","",2242
2280,"2013-12-24 14:28:30","",2244
2281,"2013-12-24 14:28:30","",2245
2282,"2013-12-24 14:28:30","",2246
2283,"2013-12-24 14:28:30","",2247
2284,"2013-12-24 14:28:30","",2248
2285,"2013-12-24 14:28:30","",2249
2286,"2013-12-24 14:28:31","",2251
2287,"2013-12-24 14:28:31","",2252
2288,"2013-12-24 14:28:31","",2253
2289,"2013-12-24 14:28:31","",2254
2290,"2013-12-24 14:28:31","",2255
2291,"2013-12-24 14:28:31","",2257
2292,"2013-12-24 14:28:31","",2258
2293,"2013-12-24 14:28:31","",2259
2294,"2013-12-24 14:28:32","",2260
2295,"2013-12-24 14:28:32","",2261
2296,"2013-12-24 14:28:32","",2263
2297,"2013-12-24 14:28:32","",2264
2298,"2013-12-24 14:28:32","",2265
2299,"2013-12-24 14:28:32","",2266
2300,"2013-12-24 14:28:32","",2267
2301,"2013-12-24 14:28:33","",2269
2302,"2013-12-24 14:28:33","",2270
2303,"2013-12-24 14:28:33","",2271
2304,"2013-12-24 14:28:33","",2272
2305,"2013-12-24 14:28:33","",2273
2306,"2013-12-24 14:28:35","",2275
2307,"2013-12-24 14:28:35","",2276
2308,"2013-12-24 14:28:35","",2277
2309,"2013-12-24 14:28:35","",2278
2310,"2013-12-24 14:28:35","",2279
2311,"2013-12-24 14:28:35","",2280
2312,"2013-12-24 14:28:36","",2339
2313,"2013-12-24 14:28:36","",2344
2314,"2013-12-24 14:28:36","",2345
2315,"2013-12-24 14:28:36","",2346
2316,"2013-12-24 14:28:36","",2348
2317,"2013-12-24 14:28:36","",2349
2318,"2013-12-24 14:28:37","",2350
2319,"2013-12-24 14:28:37","",2351
2320,"2013-12-24 14:28:37","",2353
2321,"2013-12-24 14:28:37","",2361
2322,"2013-12-24 14:28:37","",2362
2323,"2013-12-24 14:28:37","",2363
2324,"2013-12-24 14:28:37","",2364
2325,"2013-12-24 14:28:38","",2366
2326,"2013-12-24 14:28:38","",2367
2327,"2013-12-24 14:28:38","",2368
2328,"2013-12-24 14:28:38","",2370
2329,"2013-12-24 14:28:38","",2371
2330,"2013-12-24 14:28:38","",2380
2331,"2013-12-24 14:28:39","",2381
2332,"2013-12-24 14:28:39","",2382
2333,"2013-12-24 14:28:39","",2383
2334,"2013-12-24 14:28:39","",2385
2335,"2013-12-24 14:28:39","",2386
2336,"2013-12-24 14:28:39","",2387
2337,"2013-12-24 14:28:39","",2388
2338,"2013-12-24 14:28:40","",2390
2339,"2013-12-24 14:28:40","",2398
2340,"2013-12-24 14:28:40","",2399
2341,"2013-12-24 14:28:40","",2400
2342,"2013-12-24 14:28:40","",2401
2343,"2013-12-24 14:28:40","",2403
2344,"2013-12-24 14:28:41","",2404
2345,"2013-12-24 14:28:41","",2405
2346,"2013-12-24 14:28:41","",2407
2347,"2013-12-24 14:28:41","",2408
2348,"2013-12-24 14:28:41","",2417
2349,"2013-12-24 14:28:41","",2418
2350,"2013-12-24 14:28:41","",2419
2351,"2013-12-24 14:28:42","",2420
2352,"2013-12-24 14:28:42","",2422
2353,"2013-12-24 14:28:42","",2423
2354,"2013-12-24 14:28:42","",2424
2355,"2013-12-24 14:28:42","",2426
2356,"2013-12-24 14:28:42","",2427
2357,"2013-12-24 14:28:42","",2435
2358,"2013-12-24 14:28:43","",2436
2359,"2013-12-24 14:28:43","",2437
2360,"2013-12-24 14:28:43","",2438
2361,"2013-12-24 14:28:43","",2440
2362,"2013-12-24 14:28:43","",2441
2363,"2013-12-24 14:28:43","",2442
2364,"2013-12-24 14:28:44","",2443
2365,"2013-12-24 14:28:44","",2445
2366,"2013-12-24 14:28:44","",2446
2367,"2013-12-24 14:28:44","",2447
2368,"2013-12-24 14:28:44","",2449
2369,"2013-12-24 14:28:44","",2450
2370,"2013-12-24 14:28:45","",2451
2371,"2013-12-24 14:28:45","",2452
2372,"2013-12-24 14:28:45","",2454
2373,"2013-12-24 14:28:45","",2463
2374,"2013-12-24 14:28:45","",2464
2375,"2013-12-24 14:28:45","",2465
2376,"2013-12-24 14:28:45","",2466
2377,"2013-12-24 14:28:46","",2468
2378,"2013-12-24 14:28:46","",2469
2379,"2013-12-24 14:28:46","",2470
2380,"2013-12-24 14:28:46","",2471
2381,"2013-12-24 14:28:46","",2473
2382,"2013-12-24 14:28:46","",2481
2383,"2013-12-24 14:28:47","",2482
2384,"2013-12-24 14:28:47","",2483
2385,"2013-12-24 14:28:47","",2484
2386,"2013-12-24 14:28:47","",2486
2387,"2013-12-24 14:28:47","",2487
2388,"2013-12-24 14:28:47","",2488
2389,"2013-12-24 14:28:47","",2490
2390,"2013-12-24 14:28:48","",2491
2391,"2013-12-24 14:28:48","",2500
2392,"2013-12-24 14:28:48","",2501
2393,"2013-12-24 14:28:48","",2502
2394,"2013-12-24 14:28:48","",2503
2395,"2013-12-24 14:28:48","",2505
2396,"2013-12-24 14:28:49","",2506
2397,"2013-12-24 14:28:49","",2507
2398,"2013-12-24 14:28:49","",2508
2399,"2013-12-24 14:28:49","",2510
2400,"2013-12-24 14:28:49","",2518
2401,"2013-12-24 14:28:49","",2519
2402,"2013-12-24 14:28:50","",2520
2403,"2013-12-24 14:28:50","",2521
2404,"2013-12-24 14:28:50","",2523
2405,"2013-12-24 14:28:50","",2524
2406,"2013-12-24 14:28:50","",2525
2407,"2013-12-24 14:28:50","",2526
2408,"2013-12-24 14:28:50","",2527
2409,"2013-12-24 14:28:51","",3378
2410,"2013-12-24 14:28:51","",3382
2411,"2013-12-24 14:28:51","",3383
2412,"2013-12-24 14:28:51","",3384
2413,"2013-12-24 14:28:51","",3386
2414,"2013-12-24 14:28:51","",3388
2415,"2013-12-24 14:28:51","",3389
2416,"2013-12-24 14:28:52","",3395
2417,"2013-12-24 14:28:52","",3396
2418,"2013-12-24 14:28:52","",3397
2419,"2013-12-24 14:28:52","",3417
2420,"2013-12-24 14:28:52","",3418
2421,"2013-12-24 14:28:52","",3419
2422,"2013-12-24 14:28:52","",3420
2423,"2013-12-24 14:28:53","",3422
2424,"2013-12-24 14:28:53","",3424
2425,"2013-12-24 14:28:53","",3425
2426,"2013-12-24 14:28:53","",3427
2427,"2013-12-24 14:28:53","",3428
2428,"2013-12-24 14:28:53","",3429
2429,"2013-12-24 14:28:53","",3446
2430,"2013-12-24 14:28:54","",3447
2431,"2013-12-24 14:28:54","",3448
2432,"2013-12-24 14:28:54","",3449
2433,"2013-12-24 14:28:54","",3451
2434,"2013-12-24 14:28:54","",3452
2435,"2013-12-24 14:28:54","",3454
2436,"2013-12-24 14:28:54","",3456
2437,"2013-12-24 14:28:54","",3457
2438,"2013-12-24 14:28:55","",3458
2439,"2013-12-24 14:28:55","",3475
2440,"2013-12-24 14:28:55","",3476
2441,"2013-12-24 14:28:55","",3477
2442,"2013-12-24 14:28:55","",3478
2443,"2013-12-24 14:28:55","",3480
2444,"2013-12-24 14:28:56","",3482
2445,"2013-12-24 14:28:56","",3483
2446,"2013-12-24 14:28:56","",3485
2447,"2013-12-24 14:28:56","",3487
2448,"2013-12-24 14:28:56","",3488
2449,"2013-12-24 14:28:56","",3503
2450,"2013-12-24 14:28:56","",3504
2451,"2013-12-24 14:28:57","",3505
2452,"2013-12-24 14:28:57","",3506
2453,"2013-12-24 14:28:57","",3508
2454,"2013-12-24 14:28:57","",3510
2455,"2013-12-24 14:28:57","",3511
2456,"2013-12-24 14:28:57","",3514
2457,"2013-12-24 14:28:57","",3515
2458,"2013-12-24 14:28:57","",3516
2459,"2013-12-24 14:28:58","",3530
2460,"2013-12-24 14:28:58","",3531
2461,"2013-12-24 14:28:58","",3532
2462,"2013-12-24 14:28:58","",3533
2463,"2013-12-24 14:28:58","",3535
2464,"2013-12-24 14:28:58","",3536
2465,"2013-12-24 14:28:58","",3538
2466,"2013-12-24 14:28:59","",3540
2467,"2013-12-24 14:28:59","",3541
2468,"2013-12-24 14:28:59","",3542
2469,"2013-12-24 14:28:59","",3606
2470,"2013-12-24 14:28:59","",3607
2471,"2013-12-24 14:28:59","",3608
2472,"2013-12-24 14:28:59","",3609
2473,"2013-12-24 14:29:00","",3611
2474,"2013-12-24 14:29:00","",3613
2475,"2013-12-24 14:29:00","",3614
2476,"2013-12-24 14:29:00","",3616
2477,"2013-12-24 14:29:00","",3617
2478,"2013-12-24 14:29:00","",3618
2479,"2013-12-24 14:29:00","",3631
2480,"2013-12-24 14:29:01","",3632
2481,"2013-12-24 14:29:01","",3633
2482,"2013-12-24 14:29:01","",3634
2483,"2013-12-24 14:29:01","",3636
2484,"2013-12-24 14:29:01","",3638
2485,"2013-12-24 14:29:01","",3639
2486,"2013-12-24 14:29:01","",3641
2487,"2013-12-24 14:29:02","",3642
2488,"2013-12-24 14:29:02","",3643
2489,"2013-12-24 14:29:02","",3660
2490,"2013-12-24 14:29:02","",3661
2491,"2013-12-24 14:29:02","",3662
2492,"2013-12-24 14:29:02","",3663
2493,"2013-12-24 14:29:02","",3664
2494,"2013-12-24 14:29:03","",3665
2495,"2013-12-24 14:29:03","",3666
2496,"2013-12-24 14:29:03","",3398
2497,"2013-12-24 14:29:03","",3400
2498,"2013-12-24 14:29:03","",3401
2499,"2013-12-24 14:29:03","",3402
2500,"2013-12-24 14:29:04","",3404
2501,"2013-12-24 14:29:04","",3406
2502,"2013-12-24 14:29:04","",3407
2503,"2013-12-24 14:29:04","",3414
2504,"2013-12-24 14:29:04","",3415
2505,"2013-12-24 14:29:04","",3416
2506,"2013-12-24 14:29:04","",3430
2507,"2013-12-24 14:29:05","",3431
2508,"2013-12-24 14:29:05","",3432
2509,"2013-12-24 14:29:05","",3433
2510,"2013-12-24 14:29:05","",3435
2511,"2013-12-24 14:29:05","",3436
2512,"2013-12-24 14:29:05","",3438
2513,"2013-12-24 14:29:05","",3442
2514,"2013-12-24 14:29:06","",3443
2515,"2013-12-24 14:29:06","",3444
2516,"2013-12-24 14:29:06","",3459
2517,"2013-12-24 14:29:06","",3460
2518,"2013-12-24 14:29:06","",3461
2519,"2013-12-24 14:29:06","",3462
2520,"2013-12-24 14:29:06","",3464
2521,"2013-12-24 14:29:07","",3466
2522,"2013-12-24 14:29:07","",3467
2523,"2013-12-24 14:29:07","",3471
2524,"2013-12-24 14:29:07","",3473
2525,"2013-12-24 14:29:07","",3474
2526,"2013-12-24 14:29:07","",3489
2527,"2013-12-24 14:29:07","",3490
2528,"2013-12-24 14:29:08","",3491
2529,"2013-12-24 14:29:08","",3492
2530,"2013-12-24 14:29:08","",3493
2531,"2013-12-24 14:29:08","",3494
2532,"2013-12-24 14:29:08","",3495
2533,"2013-12-24 14:29:08","",3500
2534,"2013-12-24 14:29:08","",3501
2535,"2013-12-24 14:29:08","",3502
2536,"2013-12-24 14:29:09","",3517
2537,"2013-12-24 14:29:09","",3518
2538,"2013-12-24 14:29:09","",3519
2539,"2013-12-24 14:29:09","",3520
2540,"2013-12-24 14:29:09","",3521
2541,"2013-12-24 14:29:09","",3522
2542,"2013-12-24 14:29:10","",3523
2543,"2013-12-24 14:29:10","",3527
2544,"2013-12-24 14:29:10","",3528
2545,"2013-12-24 14:29:10","",3529
2546,"2013-12-24 14:29:10","",3543
2547,"2013-12-24 14:29:10","",3544
2548,"2013-12-24 14:29:10","",3545
2549,"2013-12-24 14:29:11","",3546
2550,"2013-12-24 14:29:11","",3547
2551,"2013-12-24 14:29:11","",3548
2552,"2013-12-24 14:29:11","",3549
2553,"2013-12-24 14:29:11","",3553
2554,"2013-12-24 14:29:11","",3554
2555,"2013-12-24 14:29:11","",3555
2556,"2013-12-24 14:29:11","",3619
2557,"2013-12-24 14:29:12","",3620
2558,"2013-12-24 14:29:12","",3621
2559,"2013-12-24 14:29:12","",3622
2560,"2013-12-24 14:29:12","",3623
2561,"2013-12-24 14:29:12","",3624
2562,"2013-12-24 14:29:12","",3625
2563,"2013-12-24 14:29:12","",3628
2564,"2013-12-24 14:29:13","",3629
2565,"2013-12-24 14:29:13","",3667
2566,"2013-12-24 14:29:13","",3668
2567,"2013-12-24 14:29:13","",3669
2568,"2013-12-24 14:29:13","",3670
2569,"2013-12-24 14:29:13","",3671
2570,"2013-12-24 14:29:14","",3672
2571,"2013-12-24 14:29:14","",3674
2572,"2013-12-24 14:29:14","",3676
2573,"2013-12-24 14:29:14","",3677
2574,"2013-12-24 14:29:14","",3679
2575,"2013-12-24 14:29:14","",3680
2576,"2013-12-24 14:29:14","",3681
2577,"2013-12-24 14:29:15","",3682
2578,"2013-12-24 14:29:15","",3683
2579,"2013-12-24 14:29:15","",3684
2580,"2013-12-24 14:29:15","",3685
2581,"2013-12-24 14:29:15","",3686
2582,"2013-12-24 14:29:15","",3687
2583,"2013-12-24 14:29:15","",3688
2584,"2013-12-24 14:29:15","",3689
2585,"2013-12-24 14:29:16","",3690
2586,"2013-12-24 14:29:16","",3691
2587,"2013-12-24 14:29:16","",3692
2588,"2013-12-24 14:29:16","",3693
2589,"2013-12-24 14:29:16","",3694
2590,"2013-12-24 14:29:16","",3695
2591,"2013-12-24 14:29:16","",3698
2592,"2013-12-24 14:29:17","",3699
2593,"2013-12-24 14:29:17","",3700
2594,"2013-12-24 14:29:17","",3746
2595,"2013-12-24 14:29:17","",3747
2596,"2013-12-24 14:29:17","",3749
2597,"2013-12-24 14:29:17","",3750
2598,"2013-12-24 14:29:18","",3751
2599,"2013-12-24 14:29:18","",3752
2600,"2013-12-24 14:29:18","",3753
2601,"2013-12-24 14:29:18","",3754
2602,"2013-12-24 14:29:18","",3755
2603,"2013-12-24 14:29:18","",3756
2604,"2013-12-24 14:29:18","",3644
2605,"2013-12-24 14:29:19","",3645
2606,"2013-12-24 14:29:19","",3646
2607,"2013-12-24 14:29:19","",3647
2608,"2013-12-24 14:29:19","",3649
2609,"2013-12-24 14:29:19","",3650
2610,"2013-12-24 14:29:19","",3656
2611,"2013-12-24 14:29:19","",3657
2612,"2013-12-24 14:29:20","",3658
2613,"2013-12-24 14:29:20","",3659
2614,"2013-12-24 14:29:20","",3757
2615,"2013-12-24 14:29:20","",3759
2616,"2013-12-24 14:29:20","",3760
2617,"2013-12-24 14:29:20","",3761
2618,"2013-12-24 14:29:21","",3763
2619,"2013-12-24 14:29:21","",3765
2620,"2013-12-24 14:29:21","",3766
2621,"2013-12-24 14:29:21","",3767
2622,"2013-12-24 14:29:21","",3768
2623,"2013-12-24 14:29:21","",3769
2624,"2013-12-24 14:29:21","",3770
2625,"2013-12-24 14:29:22","",3771
2626,"2013-12-24 14:29:22","",3772
2627,"2013-12-24 14:29:22","",3773
2628,"2013-12-24 14:29:22","",3775
2629,"2013-12-24 14:29:22","",3777
2630,"2013-12-24 14:29:22","",3778
2631,"2013-12-24 14:29:22","",3779
2632,"2013-12-24 14:29:23","",3780
2633,"2013-12-24 14:29:23","",3781
2634,"2013-12-24 14:29:23","",3782
2635,"2013-12-24 14:29:23","",3783
2636,"2013-12-24 14:29:23","",3784
2637,"2013-12-24 14:29:23","",3785
2638,"2013-12-24 14:29:23","",3786
2639,"2013-12-24 14:29:24","",3787
2640,"2013-12-24 14:29:24","",3788
2641,"2013-12-24 14:29:24","",3789
2642,"2013-12-24 14:29:24","",3790
2643,"2013-12-24 14:29:24","",3791
2644,"2013-12-24 14:29:24","",3286
2645,"2013-12-24 14:29:26","",3290
2646,"2013-12-24 14:29:26","",3291
2647,"2013-12-24 14:29:26","",3292
2648,"2013-12-24 14:29:26","",3293
2649,"2013-12-24 14:29:27","",3294
2650,"2013-12-24 14:29:27","",3295
2651,"2013-12-24 14:29:27","",3301
2652,"2013-12-24 14:29:27","",3792
2653,"2013-12-24 14:29:27","",3794
2654,"2013-12-24 14:29:27","",3795
2655,"2013-12-24 14:29:28","",3796
2656,"2013-12-24 14:29:28","",3797
2657,"2013-12-24 14:29:28","",3798
2658,"2013-12-24 14:29:28","",3799
2659,"2013-12-24 14:29:28","",3800
2660,"2013-12-24 14:29:28","",3801
2661,"2013-12-24 14:29:28","",3802
2662,"2013-12-24 14:29:29","",3302
2663,"2013-12-24 14:29:29","",3305
2664,"2013-12-24 14:29:29","",3306
2665,"2013-12-24 14:29:29","",3307
2666,"2013-12-24 14:29:29","",3308
2667,"2013-12-24 14:29:29","",3310
2668,"2013-12-24 14:29:30","",3317
2669,"2013-12-24 14:29:30","",3318
2670,"2013-12-24 14:29:30","",3320
2671,"2013-12-24 14:29:30","",3335
2672,"2013-12-24 14:29:30","",3336
2673,"2013-12-24 14:29:30","",3337
2674,"2013-12-24 14:29:31","",3339
2675,"2013-12-24 14:29:31","",3341
2676,"2013-12-24 14:29:31","",3342
2677,"2013-12-24 14:29:31","",3344
2678,"2013-12-24 14:29:31","",3346
2679,"2013-12-24 14:29:31","",3347
2680,"2013-12-24 14:29:31","",3348
2681,"2013-12-24 14:29:32","",3349
2682,"2013-12-24 14:29:32","",3350
2683,"2013-12-24 14:29:32","",3352
2684,"2013-12-24 14:29:32","",3354
2685,"2013-12-24 14:29:32","",3355
2686,"2013-12-24 14:29:32","",3357
2687,"2013-12-24 14:29:33","",3361
2688,"2013-12-24 14:29:33","",3362
2689,"2013-12-24 14:29:33","",3363
2690,"2013-12-24 14:29:33","",3364
2691,"2013-12-24 14:29:33","",3365
2692,"2013-12-24 14:29:33","",3367
2693,"2013-12-24 14:29:34","",3369
2694,"2013-12-24 14:29:34","",3370
2695,"2013-12-24 14:29:34","",3372
2696,"2013-12-24 14:29:34","",3376
2697,"2013-12-24 14:29:34","",3377
2698,"2013-12-24 14:29:34","",3849
2699,"2013-12-24 14:29:35","",3853
2700,"2013-12-24 14:29:35","",3854
2701,"2013-12-24 14:29:35","",3855
2702,"2013-12-24 14:29:35","",3856
2703,"2013-12-24 14:29:35","",3858
2704,"2013-12-24 14:29:35","",3859
2705,"2013-12-24 14:29:36","",3865
2706,"2013-12-24 14:29:36","",3867
2707,"2013-12-24 14:29:36","",3868
2708,"2013-12-24 14:29:36","",3869
2709,"2013-12-24 14:29:36","",3870
2710,"2013-12-24 14:29:37","",3871
2711,"2013-12-24 14:29:37","",3872
2712,"2013-12-24 14:29:37","",3873
2713,"2013-12-24 14:29:37","",3875
2714,"2013-12-24 14:29:37","",3878
2715,"2013-12-24 14:29:37","",3880
2716,"2013-12-24 14:29:38","",3882
2717,"2013-12-24 14:29:38","",3884
2718,"2013-12-24 14:29:38","",3887
2719,"2013-12-24 14:29:38","",3888
2720,"2013-12-24 14:29:38","",3889
2721,"2013-12-24 14:29:39","",3890
2722,"2013-12-24 14:29:39","",3891
2723,"2013-12-24 14:29:39","",3892
2724,"2013-12-24 14:29:39","",3893
2725,"2013-12-24 14:29:40","",3895
2726,"2013-12-24 14:29:40","",3898
2727,"2013-12-24 14:29:40","",3899
2728,"2013-12-24 14:29:40","",3900
2729,"2013-12-24 14:29:40","",3902
2730,"2013-12-24 14:29:41","",3903
2731,"2013-12-24 14:29:41","",3904
2732,"2013-12-24 14:29:41","",3905
2733,"2013-12-24 14:29:41","",3906
2734,"2013-12-24 14:29:41","",3907
2735,"2013-12-24 14:29:42","",3908
2736,"2013-12-24 14:29:42","",3909
2737,"2013-12-24 14:29:42","",3911
2738,"2013-12-24 14:29:42","",3913
2739,"2013-12-24 14:29:42","",3914
2740,"2013-12-24 14:29:43","",3915
2741,"2013-12-24 14:29:43","",3916
2742,"2013-12-24 14:29:43","",3917
2743,"2013-12-24 14:29:43","",3918
2744,"2013-12-24 14:29:43","",3919
2745,"2013-12-24 14:29:44","",3920
2746,"2013-12-24 14:29:44","",3921
2747,"2013-12-24 14:29:44","",3922
2748,"2013-12-24 14:29:44","",3923
2749,"2013-12-24 14:29:44","",3926
2750,"2013-12-24 14:29:45","",3927
2751,"2013-12-24 14:29:45","",3928
2752,"2013-12-24 14:29:45","",3929
2753,"2013-12-24 14:29:45","",3930
2754,"2013-12-24 14:29:45","",3931
2755,"2013-12-24 14:29:46","",3932
2756,"2013-12-24 14:29:46","",3933
2757,"2013-12-24 14:29:46","",3934
2758,"2013-12-24 14:29:46","",3935
2759,"2013-12-24 14:29:46","",3936
2760,"2013-12-24 14:29:46","",3937
2761,"2013-12-24 14:29:47","",3939
2762,"2013-12-24 14:29:47","",3940
2763,"2013-12-24 14:29:47","",3941
2764,"2013-12-24 14:29:47","",3942
2765,"2013-12-24 14:29:47","",3943
2766,"2013-12-24 14:29:48","",3992
2767,"2013-12-24 14:29:48","",3993
2768,"2013-12-24 14:29:48","",3994
2769,"2013-12-24 14:29:48","",3995
2770,"2013-12-24 14:29:48","",3996
2771,"2013-12-24 14:29:48","",3997
2772,"2013-12-24 14:29:49","",3999
2773,"2013-12-24 14:29:49","",4001
2774,"2013-12-24 14:29:49","",4002
2775,"2013-12-24 14:29:49","",4004
2776,"2013-12-24 14:29:49","",4005
2777,"2013-12-24 14:29:50","",4006
2778,"2013-12-24 14:29:50","",4007
2779,"2013-12-24 14:29:50","",4008
2780,"2013-12-24 14:29:50","",4009
2781,"2013-12-24 14:29:50","",4010
2782,"2013-12-24 14:29:51","",4011
2783,"2013-12-24 14:29:51","",4013
2784,"2013-12-24 14:29:51","",4018
2785,"2013-12-24 14:29:51","",4019
2786,"2013-12-24 14:29:52","",4020
2787,"2013-12-24 14:29:52","",4021
2788,"2013-12-24 14:29:52","",4041
2789,"2013-12-24 14:29:52","",4042
2790,"2013-12-24 14:29:52","",4043
2791,"2013-12-24 14:29:53","",4044
2792,"2013-12-24 14:29:53","",4045
2793,"2013-12-24 14:29:53","",4047
2794,"2013-12-24 14:29:53","",4048
2795,"2013-12-24 14:29:53","",4053
2796,"2013-12-24 14:29:54","",4055
2797,"2013-12-24 14:29:54","",4056
2798,"2013-12-24 14:29:54","",4057
2799,"2013-12-24 14:29:54","",4058
2800,"2013-12-24 14:29:54","",4059
2801,"2013-12-24 14:29:55","",4060
2802,"2013-12-24 14:29:55","",4061
2803,"2013-12-24 14:29:55","",4063
2804,"2013-12-24 14:29:55","",4064
2805,"2013-12-24 14:29:55","",4070
2806,"2013-12-24 14:29:56","",4072
2807,"2013-12-24 14:29:56","",4074
2808,"2013-12-24 14:29:56","",4076
2809,"2013-12-24 14:29:56","",4077
2810,"2013-12-24 14:29:56","",4078
2811,"2013-12-24 14:29:57","",4079
2812,"2013-12-24 14:29:57","",4080
2813,"2013-12-24 14:29:57","",4082
2814,"2013-12-24 14:29:57","",4083
2815,"2013-12-24 14:29:57","",4086
2816,"2013-12-24 14:29:58","",4087
2817,"2013-12-24 14:29:58","",4088
2818,"2013-12-24 14:29:58","",4089
2819,"2013-12-24 14:29:58","",4090
2820,"2013-12-24 14:29:58","",4091
2821,"2013-12-24 14:29:59","",4092
2822,"2013-12-24 14:29:59","",4093
2823,"2013-12-24 14:29:59","",4095
2824,"2013-12-24 14:29:59","",4096
2825,"2013-12-24 14:29:59","",4097
2826,"2013-12-24 14:29:59","",4098
2827,"2013-12-24 14:30:00","",4099
2828,"2013-12-24 14:30:00","",4270
2829,"2013-12-24 14:30:00","",4271
2830,"2013-12-24 14:30:00","",4272
2831,"2013-12-24 14:30:01","",4273
2832,"2013-12-24 14:30:01","",4274
2833,"2013-12-24 14:30:01","",4276
2834,"2013-12-24 14:30:01","",4277
2835,"2013-12-24 14:30:01","",4280
2836,"2013-12-24 14:30:02","",4281
2837,"2013-12-24 14:30:02","",4282
2838,"2013-12-24 14:30:02","",4283
2839,"2013-12-24 14:30:02","",4284
2840,"2013-12-24 14:30:02","",4285
2841,"2013-12-24 14:30:03","",4286
2842,"2013-12-24 14:30:03","",4287
2843,"2013-12-24 14:30:03","",4289
2844,"2013-12-24 14:30:03","",4290
2845,"2013-12-24 14:30:03","",4292
2846,"2013-12-24 14:30:04","",4293
2847,"2013-12-24 14:30:04","",4294
2848,"2013-12-24 14:30:04","",4295
2849,"2013-12-24 14:30:04","",4296
2850,"2013-12-24 14:30:05","",4297
2851,"2013-12-24 14:30:05","",4298
2852,"2013-12-24 14:30:05","",4299
2853,"2013-12-24 14:30:05","",4301
2854,"2013-12-24 14:30:05","",4302
2855,"2013-12-24 14:30:06","",4304
2856,"2013-12-24 14:30:06","",4305
2857,"2013-12-24 14:30:06","",4306
2858,"2013-12-24 14:30:06","",4307
2859,"2013-12-24 14:30:06","",4308
2860,"2013-12-24 14:30:07","",4309
2861,"2013-12-24 14:30:07","",4310
2862,"2013-12-24 14:30:07","",4311
2863,"2013-12-24 14:30:07","",4313
2864,"2013-12-24 14:30:07","",4314
2865,"2013-12-24 14:30:07","",4315
2866,"2013-12-24 14:30:08","",4316
2867,"2013-12-24 14:30:08","",4317
2868,"2013-12-24 14:30:08","",4022
2869,"2013-12-24 14:30:08","",4024
2870,"2013-12-24 14:30:09","",4025
2871,"2013-12-24 14:30:09","",4026
2872,"2013-12-24 14:30:09","",4027
2873,"2013-12-24 14:30:09","",4028
2874,"2013-12-24 14:30:09","",4029
2875,"2013-12-24 14:30:09","",4036
2876,"2013-12-24 14:30:10","",4037
2877,"2013-12-24 14:30:10","",4038
2878,"2013-12-24 14:30:10","",4039
2879,"2013-12-24 14:30:10","",4040
2880,"2013-12-24 14:30:10","",4145
2881,"2013-12-24 14:30:11","",4148
2882,"2013-12-24 14:30:11","",4149
2883,"2013-12-24 14:30:11","",4150
2884,"2013-12-24 14:30:11","",4151
2885,"2013-12-24 14:30:12","",4152
2886,"2013-12-24 14:30:12","",4153
2887,"2013-12-24 14:30:12","",4159
2888,"2013-12-24 14:30:12","",4160
2889,"2013-12-24 14:30:12","",4161
2890,"2013-12-24 14:30:13","",4162
2891,"2013-12-24 14:30:13","",4163
2892,"2013-12-24 14:30:13","",4164
2893,"2013-12-24 14:30:13","",4165
2894,"2013-12-24 14:30:14","",4166
2895,"2013-12-24 14:30:14","",4167
2896,"2013-12-24 14:30:14","",4168
2897,"2013-12-24 14:30:14","",4169
2898,"2013-12-24 14:30:15","",4170
2899,"2013-12-24 14:30:15","",4172
2900,"2013-12-24 14:30:15","",4173
2901,"2013-12-24 14:30:15","",4174
2902,"2013-12-24 14:30:15","",4175
2903,"2013-12-24 14:30:16","",4176
2904,"2013-12-24 14:30:16","",4177
2905,"2013-12-24 14:30:16","",4178
2906,"2013-12-24 14:30:16","",4179
2907,"2013-12-24 14:30:16","",4180
2908,"2013-12-24 14:30:17","",4181
2909,"2013-12-24 14:30:17","",4182
2910,"2013-12-24 14:30:17","",4183
2911,"2013-12-24 14:30:17","",4185
2912,"2013-12-24 14:30:18","",4186
2913,"2013-12-24 14:30:18","",4187
2914,"2013-12-24 14:30:18","",4188
2915,"2013-12-24 14:30:18","",4189
2916,"2013-12-24 14:30:19","",4190
2917,"2013-12-24 14:30:19","",4191
2918,"2013-12-24 14:30:19","",4192
2919,"2013-12-24 14:30:19","",4193
2920,"2013-12-24 14:30:19","",4194
2921,"2013-12-24 14:30:20","",4195
2922,"2013-12-24 14:30:20","",4196
2923,"2013-12-24 14:30:20","",4198
2924,"2013-12-24 14:30:20","",4199
2925,"2013-12-24 14:30:20","",4200
2926,"2013-12-24 14:30:21","",4201
2927,"2013-12-24 14:30:21","",4202
2928,"2013-12-24 14:30:21","",4203
2929,"2013-12-24 14:30:22","",4204
2930,"2013-12-24 14:30:22","",4205
2931,"2013-12-24 14:30:22","",4206
2932,"2013-12-24 14:30:22","",4207
2933,"2013-12-24 14:30:23","",4208
2934,"2013-12-24 14:30:23","",4209
2935,"2013-12-24 14:30:23","",4211
2936,"2013-12-24 14:30:23","",4212
2937,"2013-12-24 14:30:23","",4213
2938,"2013-12-24 14:30:24","",4214
2939,"2013-12-24 14:30:24","",4215
2940,"2013-12-24 14:30:24","",4216
2941,"2013-12-24 14:30:24","",4217
2942,"2013-12-24 14:30:25","",4218
2943,"2013-12-24 14:30:25","",4219
2944,"2013-12-24 14:30:25","",4220
2945,"2013-12-24 14:30:25","",4221
2946,"2013-12-24 14:30:25","",4222
2947,"2013-12-24 14:30:26","",4224
2948,"2013-12-24 14:30:26","",4225
2949,"2013-12-24 14:30:26","",4226
2950,"2013-12-24 14:30:26","",4227
2951,"2013-12-24 14:30:27","",4228
2952,"2013-12-24 14:30:27","",4484
2953,"2013-12-24 14:30:27","",4502
2954,"2013-12-24 14:30:27","",4503
2955,"2013-12-24 14:30:27","",4504
2956,"2013-12-24 14:30:28","",4505
2957,"2013-12-24 14:30:28","",4506
2958,"2013-12-24 14:30:28","",4507
2959,"2013-12-24 14:30:28","",4508
2960,"2013-12-24 14:30:28","",4509
2961,"2013-12-24 14:30:28","",4510
2962,"2013-12-24 14:30:29","",4415
2963,"2013-12-24 14:30:29","",4438
2964,"2013-12-24 14:30:29","",4440
2965,"2013-12-24 14:30:29","",4441
2966,"2013-12-24 14:30:30","",4442
2967,"2013-12-24 14:30:30","",4443
2968,"2013-12-24 14:30:30","",4463
2969,"2013-12-24 14:30:30","",4476
2970,"2013-12-24 14:30:30","",4479
2971,"2013-12-24 14:30:31","",4481
2972,"2013-12-24 14:30:31","",4482
2973,"2013-12-24 14:30:31","",4483
2974,"2013-12-24 14:30:31","",4511
2975,"2013-12-24 14:30:31","",4512
2976,"2013-12-24 14:30:32","",4513
2977,"2013-12-24 14:30:32","",4514
2978,"2013-12-24 14:30:32","",4515
2979,"2013-12-24 14:30:32","",4516
2980,"2013-12-24 14:30:32","",4517
2981,"2013-12-24 14:30:33","",4522
2982,"2013-12-24 14:30:33","",4524
2983,"2013-12-24 14:30:33","",4528
2984,"2013-12-24 14:30:33","",4529
2985,"2013-12-24 14:30:33","",4530
2986,"2013-12-24 14:30:33","",4531
2987,"2013-12-24 14:30:34","",4532
2988,"2013-12-24 14:30:34","",4533
2989,"2013-12-24 14:30:34","",4534
2990,"2013-12-24 14:30:34","",4535
2991,"2013-12-24 14:30:34","",4536
2992,"2013-12-24 14:30:35","",4538
2993,"2013-12-24 14:30:35","",4539
2994,"2013-12-24 14:30:35","",4540
2995,"2013-12-24 14:30:35","",4541
2996,"2013-12-24 14:30:36","",4542
2997,"2013-12-24 14:30:36","",4543
2998,"2013-12-24 14:30:36","",4544
2999,"2013-12-24 14:30:36","",4545
3000,"2013-12-24 14:30:36","",4546
3001,"2013-12-24 14:30:37","",4547
3002,"2013-12-24 14:30:37","",4548
3003,"2013-12-24 14:30:37","",4549
3004,"2013-12-24 14:30:37","",4551
3005,"2013-12-24 14:30:37","",4558
3006,"2013-12-24 14:30:37","",4560
3007,"2013-12-24 14:30:38","",4563
3008,"2013-12-24 14:30:38","",4565
3009,"2013-12-24 14:30:38","",5087
3010,"2013-12-24 14:30:38","",5097
3011,"2013-12-24 14:30:39","",5099
3012,"2013-12-24 14:30:39","",5104
3013,"2013-12-24 14:30:39","",5105
3014,"2013-12-24 14:30:39","",5106
3015,"2013-12-24 14:30:39","",5107
3016,"2013-12-24 14:30:40","",5108
3017,"2013-12-24 14:30:40","",5110
3018,"2013-12-24 14:30:40","",5115
3019,"2013-12-24 14:30:40","",5118
3020,"2013-12-24 14:30:40","",5120
3021,"2013-12-24 14:30:41","",5121
3022,"2013-12-24 14:30:41","",5122
3023,"2013-12-24 14:30:41","",5123
3024,"2013-12-24 14:30:41","",5124
3025,"2013-12-24 14:30:42","",5129
3026,"2013-12-24 14:30:42","",5130
3027,"2013-12-24 14:30:42","",5131
3028,"2013-12-24 14:30:42","",5136
3029,"2013-12-24 14:30:42","",5137
3030,"2013-12-24 14:30:42","",5139
3031,"2013-12-24 14:30:43","",5140
3032,"2013-12-24 14:30:43","",5147
3033,"2013-12-24 14:30:43","",5148
3034,"2013-12-24 14:30:43","",5149
3035,"2013-12-24 14:30:44","",5150
3036,"2013-12-24 14:30:44","",5151
3037,"2013-12-24 14:30:44","",5152
3038,"2013-12-24 14:30:44","",5153
3039,"2013-12-24 14:30:44","",5155
3040,"2013-12-24 14:30:45","",5157
3041,"2013-12-24 14:30:45","",5163
3042,"2013-12-24 14:30:45","",5166
3043,"2013-12-24 14:30:45","",5172
3044,"2013-12-24 14:30:45","",5175
3045,"2013-12-24 14:30:45","",5182
3046,"2013-12-24 14:30:46","",4663
3047,"2013-12-24 14:30:46","",4687
3048,"2013-12-24 14:30:46","",4688
3049,"2013-12-24 14:30:46","",4696
3050,"2013-12-24 14:30:47","",4701
3051,"2013-12-24 14:30:47","",4704
3052,"2013-12-24 14:30:47","",4707
3053,"2013-12-24 14:30:47","",4710
3054,"2013-12-24 14:30:48","",4714
3055,"2013-12-24 14:30:48","",4716
3056,"2013-12-24 14:30:48","",4728
3057,"2013-12-24 14:30:48","",4730
3058,"2013-12-24 14:30:48","",4733
3059,"2013-12-24 14:30:49","",4739
3060,"2013-12-24 14:30:49","",4741
3061,"2013-12-24 14:30:49","",4743
3062,"2013-12-24 14:30:50","",4747
3063,"2013-12-24 14:30:50","",4748
3064,"2013-12-24 14:30:50","",4752
3065,"2013-12-24 14:30:50","",4753
3066,"2013-12-24 14:30:50","",4795
3067,"2013-12-24 14:30:51","",4796
3068,"2013-12-24 14:30:51","",4797
3069,"2013-12-24 14:30:51","",4798
3070,"2013-12-24 14:30:51","",4799
3071,"2013-12-24 14:30:51","",4800
3072,"2013-12-24 14:30:52","",4801
3073,"2013-12-24 14:30:52","",4802
3074,"2013-12-24 14:30:52","",4803
3075,"2013-12-24 14:30:52","",4755
3076,"2013-12-24 14:30:53","",4774
3077,"2013-12-24 14:30:53","",4776
3078,"2013-12-24 14:30:53","",4778
3079,"2013-12-24 14:30:53","",4780
3080,"2013-12-24 14:30:54","",4782
3081,"2013-12-24 14:30:54","",4783
3082,"2013-12-24 14:30:54","",4784
3083,"2013-12-24 14:30:54","",4788
3084,"2013-12-24 14:30:55","",4804
3085,"2013-12-24 14:30:55","",4805
3086,"2013-12-24 14:30:55","",4806
3087,"2013-12-24 14:30:55","",4808
3088,"2013-12-24 14:30:55","",4809
3089,"2013-12-24 14:30:56","",4810
3090,"2013-12-24 14:30:56","",4811
3091,"2013-12-24 14:30:58","",4812
3092,"2013-12-24 14:30:58","",4814
3093,"2013-12-24 14:30:58","",4820
3094,"2013-12-24 14:30:59","",4821
3095,"2013-12-24 14:30:59","",4822
3096,"2013-12-24 14:30:59","",4823
3097,"2013-12-24 14:30:59","",4827
3098,"2013-12-24 14:30:59","",4828
3099,"2013-12-24 14:31:00","",4829
3100,"2013-12-24 14:31:00","",4831
3101,"2013-12-24 14:31:00","",4840
3102,"2013-12-24 14:31:00","",4842
3103,"2013-12-24 14:31:01","",4846
3104,"2013-12-24 14:31:01","",4848
3105,"2013-12-24 14:31:01","",4849
3106,"2013-12-24 14:31:01","",4852
3107,"2013-12-24 14:31:01","",4854
3108,"2013-12-24 14:31:01","",4855
3109,"2013-12-24 14:31:02","",4856
3110,"2013-12-24 14:31:02","",4858
3111,"2013-12-24 14:31:02","",4862
3112,"2013-12-24 14:31:02","",4863
3113,"2013-12-24 14:31:03","",4865
3114,"2013-12-24 14:31:03","",4866
3115,"2013-12-24 14:31:03","",4867
3116,"2013-12-24 14:31:03","",4870
3117,"2013-12-24 14:31:04","",4872
3118,"2013-12-24 14:31:04","",4873
3119,"2013-12-24 14:31:04","",4874
3120,"2013-12-24 14:31:04","",4876
3121,"2013-12-24 14:31:04","",4880
3122,"2013-12-24 14:31:05","",4881
3123,"2013-12-24 14:31:05","",4883
3124,"2013-12-24 14:31:05","",4884
3125,"2013-12-24 14:31:05","",4885
3126,"2013-12-24 14:31:06","",4888
3127,"2013-12-24 14:31:06","",4890
3128,"2013-12-24 14:31:06","",4891
3129,"2013-12-24 14:31:06","",4892
3130,"2013-12-24 14:31:07","",4894
3131,"2013-12-24 14:31:07","",4898
3132,"2013-12-24 14:31:07","",4899
3133,"2013-12-24 14:31:07","",4901
3134,"2013-12-24 14:31:08","",4902
3135,"2013-12-24 14:31:08","",4903
3136,"2013-12-24 14:31:08","",4906
3137,"2013-12-24 14:31:08","",4908
3138,"2013-12-24 14:31:08","",4909
3139,"2013-12-24 14:31:09","",4910
3140,"2013-12-24 14:31:09","",4912
3141,"2013-12-24 14:31:09","",4916
3142,"2013-12-24 14:31:09","",4917
3143,"2013-12-24 14:31:09","",4919
3144,"2013-12-24 14:31:10","",4920
3145,"2013-12-24 14:31:10","",4921
3146,"2013-12-24 14:31:10","",4924
3147,"2013-12-24 14:31:10","",4926
3148,"2013-12-24 14:31:10","",4927
3149,"2013-12-24 14:31:11","",4928
3150,"2013-12-24 14:31:11","",4930
3151,"2013-12-24 14:31:11","",4933
3152,"2013-12-24 14:31:11","",4935
3153,"2013-12-24 14:31:11","",4938
3154,"2013-12-24 14:31:12","",4940
3155,"2013-12-24 14:31:12","",4942
3156,"2013-12-24 14:31:12","",4943
3157,"2013-12-24 14:31:12","",4944
3158,"2013-12-24 14:31:13","",4960
3159,"2013-12-24 14:31:13","",4965
3160,"2013-12-24 14:31:13","",4969
3161,"2013-12-24 14:31:13","",4971
3162,"2013-12-24 14:31:13","",4973
3163,"2013-12-24 14:31:14","",4978
3164,"2013-12-24 14:31:14","",4982
3165,"2013-12-24 14:31:14","",4987
3166,"2013-12-24 14:31:14","",4988
3167,"2013-12-24 14:31:14","",4992
3168,"2013-12-24 14:31:15","",4993
3169,"2013-12-24 14:31:15","",4995
3170,"2013-12-24 14:31:15","",5005
3171,"2013-12-24 14:31:15","",5008
3172,"2013-12-24 14:31:15","",5010
3173,"2013-12-24 14:31:16","",5012
3174,"2013-12-24 14:31:16","",5013
3175,"2013-12-24 14:31:16","",5014
3176,"2013-12-24 14:31:16","",5016
3177,"2013-12-24 14:31:17","",5026
3178,"2013-12-24 14:31:17","",5028
3179,"2013-12-24 14:31:17","",5030
3180,"2013-12-24 14:31:17","",5033
3181,"2013-12-24 14:31:17","",5035
3182,"2013-12-24 14:31:17","",5037
3183,"2013-12-24 14:31:18","",5040
3184,"2013-12-24 14:31:18","",5043
3185,"2013-12-24 14:31:18","",5045
3186,"2013-12-24 14:31:18","",5051
3187,"2013-12-24 14:31:18","",5055
3188,"2013-12-24 14:31:19","",5056
3189,"2013-12-24 14:31:19","",5063
3190,"2013-12-24 14:31:19","",5064
3191,"2013-12-24 14:31:19","",5065
3192,"2013-12-24 14:31:19","",5066
3193,"2013-12-24 14:31:19","",5067
3194,"2013-12-24 14:31:20","",5070
3195,"2013-12-24 14:31:20","",5075
3196,"2013-12-24 14:31:20","",5078
3197,"2013-12-24 14:31:20","",5080
3198,"2013-12-24 14:31:20","",5084
