id,history_id,disc,disc_error,detector_id
1,1,1.004,0.001,31
2,2,1.004,0.001,31
3,3,1.004,0.001,31
4,4,1.004,0.001,31
5,5,1.004,0.001,31
6,6,1.004,0.001,31
7,7,1.004,0.001,31
8,8,1.004,0.001,31
9,9,1.004,0.001,31
10,10,1.004,0.001,31
11,11,1.004,0.001,31
12,12,1.004,0.001,31
13,13,1.004,0.001,31
14,14,1.004,0.001,31
15,15,1.004,0.001,31
16,16,1.004,0.001,31
17,17,1.004,0.001,31
18,18,1.004,0.001,31
19,19,1.004,0.001,31
20,20,1.004,0.001,31
21,21,1.004,0.001,31
22,22,1.004,0.001,31
23,23,1.004,0.001,31
24,24,1.004,0.001,31
25,25,1.004,0.001,31
26,26,1.004,0.001,31
27,27,1.004,0.001,31
28,28,1.004,0.001,31
29,29,1.004,0.001,31
30,30,1.004,0.001,31
31,31,1.004,0.001,31
32,32,1.004,0.001,31
33,33,1.004,0.001,31
34,34,1.004,0.001,31
35,35,1.004,0.001,31
36,36,1.004,0.001,31
37,37,1.004,0.001,31
38,38,1.004,0.001,31
39,39,1.004,0.001,31
40,40,1.004,0.001,31
41,41,1.004,0.001,31
42,42,1.004,0.001,31
43,43,1.004,0.001,31
44,44,1.004,0.001,31
45,45,1.004,0.001,31
46,46,1.004,0.001,31
47,47,1.004,0.001,31
48,48,1.004,0.001,31
49,49,1.004,0.001,31
50,50,1.004,0.001,31
51,51,1.004,0.001,31
52,52,1.004,0.001,31
53,53,1.004,0.001,31
54,54,1.004,0.001,31
55,55,1.004,0.001,31
56,56,1.004,0.001,31
57,57,1.004,0.001,31
58,58,1.004,0.001,31
59,59,1.004,0.001,31
60,60,1.004,0.001,31
61,61,1.004,0.001,31
62,62,1.004,0.001,31
63,63,1.004,0.001,31
64,64,1.004,0.001,31
65,65,1.004,0.001,31
66,66,1.004,0.001,31
67,67,1.004,0.001,31
68,68,1.004,0.001,31
69,69,1.004,0.001,31
70,70,1.004,0.001,31
71,71,1.004,0.001,31
72,72,1.004,0.001,31
73,73,1.004,0.001,31
74,74,1.004,0.001,31
75,75,1.004,0.001,31
76,76,1.004,0.001,31
77,77,1.004,0.001,31
78,78,1.004,0.001,31
79,79,1.004,0.001,31
80,80,1.004,0.001,31
81,81,1.004,0.001,31
82,82,1.004,0.001,31
83,83,1.004,0.001,31
84,84,1.004,0.001,31
85,85,1.004,0.001,31
86,86,1.004,0.001,31
87,87,1.004,0.001,31
88,88,1.004,0.001,31
89,89,1.004,0.001,31
90,90,1.004,0.001,31
91,91,1.004,0.001,31
92,92,1.004,0.001,31
93,93,1.004,0.001,31
94,94,1.004,0.001,31
95,95,1.004,0.001,31
96,96,1.004,0.001,31
97,97,1.004,0.001,31
98,98,1.004,0.001,31
99,99,1.004,0.001,31
100,100,1.004,0.001,31
101,101,1.004,0.001,31
102,102,1.004,0.001,31
103,103,1.004,0.001,31
104,104,1.004,0.001,31
105,105,1.004,0.001,31
106,106,1.004,0.001,31
107,107,1.004,0.001,31
108,108,1.004,0.001,31
109,109,1.004,0.001,31
110,110,1.004,0.001,31
111,111,1.004,0.001,31
112,112,1.004,0.001,31
113,113,1.004,0.001,31
114,114,1.004,0.001,31
115,115,1.004,0.001,31
116,116,1.004,0.001,31
117,117,1.004,0.001,31
118,118,1.004,0.001,31
119,119,1.004,0.001,31
120,120,1.004,0.001,31
121,121,1.004,0.001,31
122,122,1.004,0.001,31
123,123,1.004,0.001,31
124,124,1.004,0.001,31
125,125,1.004,0.001,31
126,126,1.004,0.001,31
127,127,1.004,0.001,31
128,128,1.004,0.001,31
129,129,1.004,0.001,31
130,130,1.004,0.001,31
131,131,1.004,0.001,31
132,132,1.004,0.001,31
133,133,1.004,0.001,31
134,134,1.004,0.001,31
135,135,1.004,0.001,31
136,136,1.004,0.001,31
137,137,1.004,0.001,31
138,138,1.004,0.001,31
139,139,1.004,0.001,31
140,140,1.004,0.001,31
141,141,1.004,0.001,31
142,142,1.004,0.001,31
143,143,1.004,0.001,31
144,144,1.004,0.001,31
145,145,1.004,0.001,31
146,146,1.004,0.001,31
147,147,1.004,0.001,31
148,148,1.004,0.001,31
149,149,1.004,0.001,31
150,150,1.004,0.001,31
151,151,1.004,0.001,31
152,152,1.004,0.001,31
153,153,1.004,0.001,31
154,154,1.004,0.001,31
155,155,1.004,0.001,31
156,156,1.004,0.001,31
157,157,1.004,0.001,31
158,158,1.004,0.001,31
159,159,1.004,0.001,31
160,160,1.004,0.001,31
161,161,1.004,0.001,31
162,162,1.004,0.001,31
163,163,1.004,0.001,31
164,164,1.004,0.001,31
165,165,1.004,0.001,31
166,166,1.004,0.001,31
167,167,1.004,0.001,31
168,168,1.004,0.001,31
169,169,1.004,0.001,31
170,170,1.004,0.001,31
171,171,1.004,0.001,31
172,172,1.004,0.001,31
173,173,1.004,0.001,31
174,174,1.004,0.001,31
175,175,1.004,0.001,31
176,176,1.004,0.001,31
177,177,1.004,0.001,31
178,178,1.004,0.001,31
179,179,1.004,0.001,31
180,180,1.004,0.001,31
181,181,1.004,0.001,31
182,182,1.004,0.001,31
183,183,1.004,0.001,31
184,184,1.004,0.001,31
185,185,1.004,0.001,31
186,186,1.004,0.001,31
187,187,1.004,0.001,31
188,188,1.004,0.001,31
189,189,1.004,0.001,31
190,190,1.004,0.001,31
191,191,1.004,0.001,31
192,192,1.004,0.001,31
193,193,1.004,0.001,31
194,194,1.004,0.001,31
195,195,1.004,0.001,31
196,196,1.004,0.001,31
197,197,1.004,0.001,31
198,198,1.004,0.001,31
199,199,1.004,0.001,31
200,200,1.004,0.001,31
201,201,1.004,0.001,31
202,202,1.004,0.001,31
203,203,1.004,0.001,31
204,204,1.004,0.001,31
205,205,1.004,0.001,31
206,206,1.004,0.001,31
207,207,1.004,0.001,31
208,208,1.004,0.001,31
209,209,1.004,0.001,31
210,210,1.004,0.001,31
211,211,1.004,0.001,31
212,212,1.004,0.001,31
213,213,1.004,0.001,31
214,214,1.004,0.001,31
215,215,1.004,0.001,31
216,216,1.004,0.001,31
217,217,1.004,0.001,31
218,218,1.004,0.001,31
219,219,1.004,0.001,31
220,220,1.004,0.001,31
221,221,1.004,0.001,31
222,222,1.004,0.001,31
223,223,1.004,0.001,31
224,224,1.004,0.001,31
225,225,1.004,0.001,31
226,226,1.004,0.001,31
227,227,1.004,0.001,31
228,228,1.004,0.001,31
229,229,1.004,0.001,31
230,230,1.004,0.001,31
231,231,1.004,0.001,31
232,232,1.004,0.001,31
233,233,1.004,0.001,31
234,234,1.004,0.001,31
235,235,1.004,0.001,31
236,236,1.004,0.001,31
237,237,1.004,0.001,31
238,238,1.004,0.001,31
239,239,1.004,0.001,31
240,240,1.004,0.001,31
241,241,1.004,0.001,31
242,242,1.004,0.001,31
243,243,1.004,0.001,31
244,244,1.004,0.001,31
245,245,1.004,0.001,31
246,246,1.004,0.001,31
247,247,1.004,0.001,31
248,248,1.004,0.001,31
249,249,1.004,0.001,31
250,250,1.004,0.001,31
251,251,1.004,0.001,31
252,252,1.004,0.001,31
253,253,1.004,0.001,31
254,254,1.004,0.001,31
255,255,1.004,0.001,31
256,256,1.004,0.001,31
257,257,1.004,0.001,31
258,258,1.004,0.001,31
259,259,1.004,0.001,31
260,260,1.004,0.001,31
261,261,1.004,0.001,31
262,262,1.004,0.001,31
263,263,1.004,0.001,31
264,264,1.004,0.001,31
265,265,1.004,0.001,31
266,266,1.004,0.001,31
267,267,1.004,0.001,31
268,268,1.004,0.001,31
269,269,1.004,0.001,31
270,270,1.004,0.001,31
271,271,1.004,0.001,31
272,272,1.004,0.001,31
273,273,1.004,0.001,31
274,274,1.004,0.001,31
275,275,1.004,0.001,31
276,276,1.004,0.001,31
277,277,1.004,0.001,31
278,278,1.004,0.001,31
279,279,1.004,0.001,31
280,280,1.004,0.001,31
281,281,1.004,0.001,31
282,282,1.004,0.001,31
283,283,1.004,0.001,31
284,284,1.004,0.001,31
285,285,1.004,0.001,31
286,286,1.004,0.001,31
287,287,1.004,0.001,31
288,288,1.004,0.001,31
289,289,1.004,0.001,31
290,290,1.004,0.001,31
291,291,1.004,0.001,31
292,292,1.004,0.001,31
293,293,1.004,0.001,31
294,294,1.004,0.001,31
295,295,1.004,0.001,31
296,296,1.004,0.001,31
297,297,1.004,0.001,31
298,298,1.004,0.001,31
299,299,1.004,0.001,31
300,300,1.004,0.001,31
301,301,1.004,0.001,31
302,302,1.004,0.001,31
303,303,1.004,0.001,31
304,304,1.004,0.001,31
305,305,1.004,0.001,31
306,306,1.004,0.001,31
307,307,1.004,0.001,31
308,308,1.004,0.001,31
309,309,1.004,0.001,31
310,310,1.004,0.001,31
311,311,1.004,0.001,31
312,312,1.004,0.001,31
313,313,1.004,0.001,31
314,314,1.004,0.001,31
315,315,1.004,0.001,31
316,316,1.004,0.001,31
317,317,1.004,0.001,31
318,318,1.004,0.001,31
319,319,1.004,0.001,31
320,320,1.004,0.001,31
321,321,1.004,0.001,31
322,322,1.004,0.001,31
323,323,1.004,0.001,31
324,324,1.004,0.001,31
325,325,1.004,0.001,31
326,326,1.004,0.001,31
327,327,1.004,0.001,31
328,328,1.004,0.001,31
329,329,1.004,0.001,31
330,330,1.004,0.001,31
331,331,1.004,0.001,31
332,332,1.004,0.001,31
333,333,1.004,0.001,31
334,334,1.004,0.001,31
335,335,1.004,0.001,31
336,336,1.004,0.001,31
337,337,1.004,0.001,31
338,338,1.004,0.001,31
339,339,1.004,0.001,31
340,340,1.004,0.001,31
341,341,1.004,0.001,31
342,342,1.004,0.001,31
343,343,1.004,0.001,31
344,344,1.004,0.001,31
345,345,1.004,0.001,31
346,346,1.004,0.001,31
347,347,1.004,0.001,31
348,348,1.004,0.001,31
349,349,1.004,0.001,31
350,350,1.004,0.001,31
351,351,1.004,0.001,31
352,352,1.004,0.001,31
353,353,1.004,0.001,31
354,354,1.004,0.001,31
355,355,1.004,0.001,31
356,356,1.004,0.001,31
357,357,1.004,0.001,31
358,358,1.004,0.001,31
359,359,1.004,0.001,31
360,360,1.004,0.001,31
361,361,1.004,0.001,31
362,362,1.004,0.001,31
363,363,1.004,0.001,31
364,364,1.004,0.001,31
365,365,1.004,0.001,31
366,366,1.004,0.001,31
367,367,1.004,0.001,31
368,368,1.004,0.001,31
369,369,1.004,0.001,31
370,370,1.004,0.001,31
371,371,1.004,0.001,31
372,372,1.004,0.001,31
373,373,1.004,0.001,31
374,374,1.004,0.001,31
375,375,1.004,0.001,31
376,376,1.004,0.001,31
377,377,1.004,0.001,31
378,378,1.004,0.001,31
379,379,1.004,0.001,31
380,380,1.004,0.001,31
381,381,1.004,0.001,31
382,382,1.004,0.001,31
383,383,1.004,0.001,31
384,384,1.004,0.001,31
385,385,1.004,0.001,31
386,386,1.004,0.001,31
387,387,1.004,0.001,31
388,388,1.004,0.001,31
389,389,1.004,0.001,31
390,390,1.004,0.001,31
391,391,1.004,0.001,31
392,392,1.004,0.001,31
393,393,1.004,0.001,31
394,394,1.004,0.001,31
395,395,1.004,0.001,31
396,396,1.004,0.001,31
397,397,1.004,0.001,31
398,398,1.004,0.001,31
399,399,1.004,0.001,31
400,400,1.004,0.001,31
401,401,1.004,0.001,31
402,402,1.004,0.001,31
403,403,1.004,0.001,31
404,404,1.004,0.001,31
405,405,1.004,0.001,31
406,406,1.004,0.001,31
407,407,1.004,0.001,31
408,408,1.004,0.001,31
409,409,1.004,0.001,31
410,410,1.004,0.001,31
411,411,1.004,0.001,31
412,412,1.004,0.001,31
413,413,1.004,0.001,31
414,414,1.004,0.001,31
415,415,1.004,0.001,31
416,416,1.004,0.001,31
417,417,1.004,0.001,31
418,418,1.004,0.001,31
419,419,1.004,0.001,31
420,420,1.004,0.001,31
421,421,1.004,0.001,31
422,422,1.004,0.001,31
423,423,1.004,0.001,31
424,424,1.004,0.001,31
425,425,1.004,0.001,31
426,426,1.004,0.001,31
427,427,1.004,0.001,31
428,428,1.004,0.001,31
429,429,1.004,0.001,31
430,430,1.004,0.001,31
431,431,1.004,0.001,31
432,432,1.004,0.001,31
433,433,1.004,0.001,31
434,434,1.004,0.001,31
435,435,1.004,0.001,31
436,436,1.004,0.001,31
437,437,1.004,0.001,31
438,438,1.004,0.001,31
439,439,1.004,0.001,31
440,440,1.004,0.001,31
441,441,1.004,0.001,31
442,442,1.004,0.001,31
443,443,1.004,0.001,31
444,444,1.004,0.001,31
445,445,1.004,0.001,31
446,446,1.004,0.001,31
447,447,1.004,0.001,31
448,448,1.004,0.001,31
449,449,1.004,0.001,31
450,450,1.004,0.001,31
451,451,1.004,0.001,31
452,452,1.004,0.001,31
453,453,1.004,0.001,31
454,454,1.004,0.001,31
455,455,1.004,0.001,31
456,456,1.004,0.001,31
457,457,1.004,0.001,31
458,458,1.004,0.001,31
459,459,1.004,0.001,31
460,460,1.004,0.001,31
461,461,1.004,0.001,31
462,462,1.004,0.001,31
463,463,1.004,0.001,31
464,464,1.004,0.001,31
465,465,1.004,0.001,31
466,466,1.004,0.001,31
467,467,1.004,0.001,31
468,468,1.004,0.001,31
469,469,1.004,0.001,31
470,470,1.004,0.001,31
471,471,1.004,0.001,31
472,472,1.004,0.001,31
473,473,1.004,0.001,31
474,474,1.004,0.001,31
475,475,1.004,0.001,31
476,476,1.004,0.001,31
477,477,1.004,0.001,31
478,478,1.004,0.001,31
479,479,1.004,0.001,31
480,480,1.004,0.001,31
481,481,1.004,0.001,31
482,482,1.004,0.001,31
483,483,1.004,0.001,31
484,484,1.004,0.001,31
485,485,1.004,0.001,31
486,486,1.004,0.001,31
487,487,1.004,0.001,31
488,488,1.004,0.001,31
489,489,1.004,0.001,31
490,490,1.004,0.001,31
491,491,1.004,0.001,31
492,492,1.004,0.001,31
493,493,1.004,0.001,31
494,494,1.004,0.001,31
495,495,1.004,0.001,31
496,496,1.004,0.001,31
497,497,1.004,0.001,31
498,498,1.004,0.001,31
499,499,1.004,0.001,31
500,500,1.004,0.001,31
501,501,1.004,0.001,31
502,502,1.004,0.001,31
503,503,1.004,0.001,31
504,504,1.004,0.001,31
505,505,1.004,0.001,31
506,506,1.004,0.001,31
507,507,1.004,0.001,31
508,508,1.004,0.001,31
509,509,1.004,0.001,31
510,510,1.004,0.001,31
511,511,1.004,0.001,31
512,512,1.004,0.001,31
513,513,1.004,0.001,31
514,514,1.004,0.001,31
515,515,1.004,0.001,31
516,516,1.004,0.001,31
517,517,1.004,0.001,31
518,518,1.004,0.001,31
519,519,1.004,0.001,31
520,520,1.004,0.001,31
521,521,1.004,0.001,31
522,522,1.004,0.001,31
523,523,1.004,0.001,31
524,524,1.004,0.001,31
525,525,1.004,0.001,31
526,526,1.004,0.001,31
527,527,1.004,0.001,31
528,528,1.004,0.001,31
529,529,1.004,0.001,31
530,530,1.004,0.001,31
531,531,1.004,0.001,31
532,532,1.004,0.001,31
533,533,1.004,0.001,31
534,534,1.004,0.001,31
535,535,1.004,0.001,31
536,536,1.004,0.001,31
537,537,1.004,0.001,31
538,538,1.004,0.001,31
539,539,1.004,0.001,31
540,540,1.004,0.001,31
541,541,1.004,0.001,31
542,542,1.004,0.001,31
543,543,1.004,0.001,31
544,544,1.004,0.001,31
545,545,1.004,0.001,31
546,546,1.004,0.001,31
547,547,1.004,0.001,31
548,548,1.004,0.001,31
549,549,1.004,0.001,31
550,550,1.004,0.001,31
551,551,1.004,0.001,31
552,552,1.004,0.001,31
553,553,1.004,0.001,31
554,554,1.004,0.001,31
555,555,1.004,0.001,31
556,556,1.004,0.001,31
557,557,1.004,0.001,31
558,558,1.004,0.001,31
559,559,1.004,0.001,31
560,560,1.004,0.001,31
561,561,1.004,0.001,31
562,562,1.004,0.001,31
563,563,1.004,0.001,31
564,564,1.004,0.001,31
565,565,1.004,0.001,31
566,566,1.004,0.001,31
567,567,1.004,0.001,31
568,568,1.004,0.001,31
569,569,1.004,0.001,31
570,570,1.004,0.001,31
571,571,1.004,0.001,31
572,572,1.004,0.001,31
573,573,1.004,0.001,31
574,574,1.004,0.001,31
575,575,1.004,0.001,31
576,576,1.004,0.001,31
577,577,1.004,0.001,31
578,578,1.004,0.001,31
579,579,1.004,0.001,31
580,580,1.004,0.001,31
581,581,1.004,0.001,31
582,582,1.004,0.001,31
583,583,1.004,0.001,31
584,584,1.004,0.001,31
585,585,1.004,0.001,31
586,586,1.004,0.001,31
587,587,1.004,0.001,31
588,588,1.004,0.001,31
589,589,1.004,0.001,31
590,590,1.004,0.001,31
591,591,1.004,0.001,31
592,592,1.004,0.001,31
593,593,1.004,0.001,31
594,594,1.004,0.001,31
595,595,1.004,0.001,31
596,596,1.004,0.001,31
597,597,1.004,0.001,31
598,598,1.004,0.001,31
599,599,1.004,0.001,31
600,600,1.004,0.001,31
601,601,1.004,0.001,31
602,602,1.004,0.001,31
603,603,1.004,0.001,31
604,604,1.004,0.001,31
605,605,1.004,0.001,31
606,606,1.004,0.001,31
607,607,1.004,0.001,31
608,608,1.004,0.001,31
609,609,1.004,0.001,31
610,610,1.004,0.001,31
611,611,1.004,0.001,31
612,612,1.004,0.001,31
613,613,1.004,0.001,31
614,614,1.004,0.001,31
615,615,1.004,0.001,31
616,616,1.004,0.001,31
617,617,1.004,0.001,31
618,618,1.004,0.001,31
619,619,1.004,0.001,31
620,620,1.004,0.001,31
621,621,1.004,0.001,31
622,622,1.004,0.001,31
623,623,1.004,0.001,31
624,624,1.004,0.001,31
625,625,1.004,0.001,31
626,626,1.004,0.001,31
627,627,1.004,0.001,31
628,628,1.004,0.001,31
629,629,1.004,0.001,31
630,630,1.004,0.001,31
631,631,1.004,0.001,31
632,632,1.004,0.001,31
633,633,1.004,0.001,31
634,634,1.004,0.001,31
635,635,1.004,0.001,31
636,636,1.004,0.001,31
637,637,1.004,0.001,31
638,638,1.004,0.001,31
639,639,1.004,0.001,31
640,640,1.004,0.001,31
641,641,1.004,0.001,31
642,642,1.004,0.001,31
643,643,1.004,0.001,31
644,644,1.004,0.001,31
645,645,1.004,0.001,31
646,646,1.004,0.001,31
647,647,1.004,0.001,31
648,648,1.004,0.001,31
649,649,1.004,0.001,31
650,650,1.004,0.001,31
651,651,1.004,0.001,31
652,652,1.004,0.001,31
653,653,1.004,0.001,31
654,654,1.004,0.001,31
655,655,1.004,0.001,31
656,656,1.004,0.001,31
657,657,1.004,0.001,31
658,658,1.004,0.001,31
659,659,1.004,0.001,31
660,660,1.004,0.001,31
661,661,1.004,0.001,31
662,662,1.004,0.001,31
663,663,1.004,0.001,31
664,664,1.004,0.001,31
665,665,1.004,0.001,31
666,666,1.004,0.001,31
667,667,1.004,0.001,31
668,668,1.004,0.001,31
669,669,1.004,0.001,31
670,670,1.004,0.001,31
671,671,1.004,0.001,31
672,672,1.004,0.001,31
673,673,1.004,0.001,31
674,674,1.004,0.001,31
675,675,1.004,0.001,31
676,676,1.004,0.001,31
677,677,1.004,0.001,31
678,678,1.004,0.001,31
679,679,1.004,0.001,31
680,680,1.004,0.001,31
681,681,1.004,0.001,31
682,682,1.004,0.001,31
683,683,1.004,0.001,31
684,684,1.004,0.001,31
685,685,1.004,0.001,31
686,686,1.004,0.001,31
687,687,1.004,0.001,31
688,688,1.004,0.001,31
689,689,1.004,0.001,31
690,690,1.004,0.001,31
691,691,1.004,0.001,31
692,692,1.004,0.001,31
693,693,1.004,0.001,31
694,694,1.004,0.001,31
695,695,1.004,0.001,31
696,696,1.004,0.001,31
697,697,1.004,0.001,31
698,698,1.004,0.001,31
699,699,1.004,0.001,31
700,700,1.004,0.001,31
701,701,1.004,0.001,31
702,702,1.004,0.001,31
703,703,1.004,0.001,31
704,704,1.004,0.001,31
705,705,1.004,0.001,31
706,706,1.004,0.001,31
707,707,1.004,0.001,31
708,708,1.004,0.001,31
709,709,1.004,0.001,31
710,710,1.004,0.001,31
711,711,1.004,0.001,31
712,712,1.004,0.001,31
713,713,1.004,0.001,31
714,714,1.004,0.001,31
715,715,1.004,0.001,31
716,716,1.004,0.001,31
717,717,1.004,0.001,31
718,718,1.004,0.001,31
719,719,1.004,0.001,31
720,720,1.004,0.001,31
721,721,1.004,0.001,31
722,722,1.004,0.001,31
723,723,1.004,0.001,31
724,724,1.004,0.001,31
725,725,1.004,0.001,31
726,726,1.004,0.001,31
727,727,1.004,0.001,31
728,728,1.004,0.001,31
729,729,1.004,0.001,31
730,730,1.004,0.001,31
731,731,1.004,0.001,31
732,732,1.004,0.001,31
733,733,1.004,0.001,31
734,734,1.004,0.001,31
735,735,1.004,0.001,31
736,736,1.004,0.001,31
737,737,1.004,0.001,31
738,738,1.004,0.001,31
739,739,1.004,0.001,31
740,740,1.004,0.001,31
741,741,1.004,0.001,31
742,742,1.004,0.001,31
743,743,1.004,0.001,31
744,744,1.004,0.001,31
745,745,1.004,0.001,31
746,746,1.004,0.001,31
747,747,1.004,0.001,31
748,748,1.004,0.001,31
749,749,1.004,0.001,31
750,750,1.004,0.001,31
751,751,1.004,0.001,31
752,752,1.004,0.001,31
753,753,1.004,0.001,31
754,754,1.004,0.001,31
755,755,1.004,0.001,31
756,756,1.004,0.001,31
757,757,1.004,0.001,31
758,758,1.004,0.001,31
759,759,1.004,0.001,31
760,760,1.004,0.001,31
761,761,1.004,0.001,31
762,762,1.004,0.001,31
763,763,1.004,0.001,31
764,764,1.004,0.001,31
765,765,1.004,0.001,31
766,766,1.004,0.001,31
767,767,1.004,0.001,31
768,768,1.004,0.001,31
769,769,1.004,0.001,31
770,770,1.004,0.001,31
771,771,1.004,0.001,31
772,772,1.004,0.001,31
773,773,1.004,0.001,31
774,774,1.004,0.001,31
775,775,1.004,0.001,31
776,776,1.004,0.001,31
777,777,1.004,0.001,31
778,778,1.004,0.001,31
779,779,1.004,0.001,31
780,780,1.004,0.001,31
781,781,1.004,0.001,31
782,782,1.004,0.001,31
783,783,1.004,0.001,31
784,784,1.004,0.001,31
785,785,1.004,0.001,31
786,786,1.004,0.001,31
787,787,1.004,0.001,31
788,788,1.004,0.001,31
789,789,1.004,0.001,31
790,790,1.004,0.001,31
791,791,1.004,0.001,31
792,792,1.004,0.001,31
793,793,1.004,0.001,31
794,794,1.004,0.001,31
795,795,1.004,0.001,31
796,796,1.004,0.001,31
797,797,1.004,0.001,31
798,798,1.004,0.001,31
799,799,1.004,0.001,31
800,800,1.004,0.001,31
801,801,1.004,0.001,31
802,802,1.004,0.001,31
803,803,1.004,0.001,31
804,804,1.004,0.001,31
805,805,1.004,0.001,31
806,806,1.004,0.001,31
807,807,1.004,0.001,31
808,808,1.004,0.001,31
809,809,1.004,0.001,31
810,810,1.004,0.001,31
811,811,1.004,0.001,31
812,812,1.004,0.001,31
813,813,1.004,0.001,31
814,814,1.004,0.001,31
815,815,1.004,0.001,31
816,816,1.004,0.001,31
817,817,1.004,0.001,31
818,818,1.004,0.001,31
819,819,1.004,0.001,31
820,820,1.004,0.001,31
821,821,1.004,0.001,31
822,822,1.004,0.001,31
823,823,1.004,0.001,31
824,824,1.004,0.001,31
825,825,1.004,0.001,31
826,826,1.004,0.001,31
827,827,1.004,0.001,31
828,828,1.004,0.001,31
829,829,1.004,0.001,31
830,830,1.004,0.001,31
831,831,1.004,0.001,31
832,832,1.004,0.001,31
833,833,1.004,0.001,31
834,834,1.004,0.001,31
835,835,1.004,0.001,31
836,836,1.004,0.001,31
837,837,1.004,0.001,31
838,838,1.004,0.001,31
839,839,1.004,0.001,31
840,840,1.004,0.001,31
841,841,1.004,0.001,31
842,842,1.004,0.001,31
843,843,1.004,0.001,31
844,844,1.004,0.001,31
845,845,1.004,0.001,31
846,846,1.004,0.001,31
847,847,1.004,0.001,31
848,848,1.004,0.001,31
849,849,1.004,0.001,31
850,850,1.004,0.001,31
851,851,1.004,0.001,31
852,852,1.004,0.001,31
853,853,1.004,0.001,31
854,854,1.004,0.001,31
855,855,1.004,0.001,31
856,856,1.004,0.001,31
857,857,1.004,0.001,31
858,858,1.004,0.001,31
859,859,1.004,0.001,31
860,860,1.004,0.001,31
861,861,1.004,0.001,31
862,862,1.004,0.001,31
863,863,1.004,0.001,31
864,864,1.004,0.001,31
865,865,1.004,0.001,31
866,866,1.004,0.001,31
867,867,1.004,0.001,31
868,868,1.004,0.001,31
869,869,1.004,0.001,31
870,870,1.004,0.001,31
871,871,1.004,0.001,31
872,872,1.004,0.001,31
873,873,1.004,0.001,31
874,874,1.004,0.001,31
875,875,1.004,0.001,31
876,876,1.004,0.001,31
877,877,1.004,0.001,31
878,878,1.004,0.001,31
879,879,1.004,0.001,31
880,880,1.004,0.001,31
881,881,1.004,0.001,31
882,882,1.004,0.001,31
883,883,1.004,0.001,31
884,884,1.004,0.001,31
885,885,1.004,0.001,31
886,886,1.004,0.001,31
887,887,1.004,0.001,31
888,888,1.004,0.001,31
889,889,1.004,0.001,31
890,890,1.004,0.001,31
891,891,1.004,0.001,31
892,892,1.004,0.001,31
893,893,1.004,0.001,31
894,894,1.004,0.001,31
895,895,1.004,0.001,31
896,896,1.004,0.001,31
897,897,1.004,0.001,31
898,898,1.004,0.001,31
899,899,1.004,0.001,31
900,900,1.004,0.001,31
901,901,1.004,0.001,31
902,902,1.004,0.001,31
903,903,1.004,0.001,31
904,904,1.004,0.001,31
905,905,1.004,0.001,31
906,906,1.004,0.001,31
907,907,1.004,0.001,31
908,908,1.004,0.001,31
909,909,1.004,0.001,31
910,910,1.004,0.001,31
911,911,1.004,0.001,31
912,912,1.004,0.001,31
913,913,1.004,0.001,31
914,914,1.004,0.001,31
915,915,1.004,0.001,31
916,916,1.004,0.001,31
917,917,1.004,0.001,31
918,918,1.004,0.001,31
919,919,1.004,0.001,31
920,920,1.004,0.001,31
921,921,1.004,0.001,31
922,922,1.004,0.001,31
923,923,1.004,0.001,31
924,924,1.004,0.001,31
925,925,1.004,0.001,31
926,926,1.004,0.001,31
927,927,1.004,0.001,31
928,928,1.004,0.001,31
929,929,1.004,0.001,31
930,930,1.004,0.001,31
931,931,1.004,0.001,31
932,932,1.004,0.001,31
933,933,1.004,0.001,31
934,934,1.004,0.001,31
935,935,1.004,0.001,31
936,936,1.004,0.001,31
937,937,1.004,0.001,31
938,938,1.004,0.001,31
939,939,1.004,0.001,31
940,940,1.004,0.001,31
941,941,1.004,0.001,31
942,942,1.004,0.001,31
943,943,1.004,0.001,31
944,944,1.004,0.001,31
945,945,1.004,0.001,31
946,946,1.004,0.001,31
947,947,1.004,0.001,31
948,948,1.004,0.001,31
949,949,1.004,0.001,31
950,950,1.004,0.001,31
951,951,1.004,0.001,31
952,952,1.004,0.001,31
953,953,1.004,0.001,31
954,954,1.004,0.001,31
955,955,1.004,0.001,31
956,956,1.004,0.001,31
957,957,1.004,0.001,31
958,958,1.004,0.001,31
959,959,1.004,0.001,31
960,960,1.004,0.001,31
961,961,1.004,0.001,31
962,962,1.004,0.001,31
963,963,1.004,0.001,31
964,964,1.004,0.001,31
965,965,1.004,0.001,31
966,966,1.004,0.001,31
967,967,1.004,0.001,31
968,968,1.004,0.001,31
969,969,1.004,0.001,31
970,970,1.004,0.001,31
971,971,1.004,0.001,31
972,972,1.004,0.001,31
973,973,1.004,0.001,31
974,974,1.004,0.001,31
975,975,1.004,0.001,31
976,976,1.004,0.001,31
977,977,1.004,0.001,31
978,978,1.004,0.001,31
979,979,1.004,0.001,31
980,980,1.004,0.001,31
981,981,1.004,0.001,31
982,982,1.004,0.001,31
983,983,1.004,0.001,31
984,984,1.004,0.001,31
985,985,1.004,0.001,31
986,986,1.004,0.001,31
987,987,1.004,0.001,31
988,988,1.004,0.001,31
989,989,1.004,0.001,31
990,990,1.004,0.001,31
991,991,1.004,0.001,31
992,992,1.004,0.001,31
993,993,1.004,0.001,31
994,994,1.004,0.001,31
995,995,1.004,0.001,31
996,996,1.004,0.001,31
997,997,1.004,0.001,31
998,998,1.004,0.001,31
999,999,1.004,0.001,31
1000,1000,1.004,0.001,31
1001,1001,1.004,0.001,31
1002,1002,1.004,0.001,31
1003,1003,1.004,0.001,31
1004,1004,1.004,0.001,31
1005,1005,1.004,0.001,31
1006,1006,1.004,0.001,31
1007,1007,1.004,0.001,31
1008,1008,1.004,0.001,31
1009,1009,1.004,0.001,31
1010,1010,1.004,0.001,31
1011,1011,1.004,0.001,31
1012,1012,1.004,0.001,31
1013,1013,1.004,0.001,31
1014,1014,1.004,0.001,31
1015,1015,1.004,0.001,31
1016,1016,1.004,0.001,31
1017,1017,1.004,0.001,31
1018,1018,1.004,0.001,31
1019,1019,1.004,0.001,31
1020,1020,1.004,0.001,31
1021,1021,1.004,0.001,31
1022,1022,1.004,0.001,31
1023,1023,1.004,0.001,31
1024,1024,1.004,0.001,31
1025,1025,1.004,0.001,31
1026,1026,1.004,0.001,31
1027,1027,1.004,0.001,31
1028,1028,1.004,0.001,31
1029,1029,1.004,0.001,31
1030,1030,1.004,0.001,31
1031,1031,1.004,0.001,31
1032,1032,1.004,0.001,31
1033,1033,1.004,0.001,31
1034,1034,1.004,0.001,31
1035,1035,1.004,0.001,31
1036,1036,1.004,0.001,31
1037,1037,1.004,0.001,31
1038,1038,1.004,0.001,31
1039,1039,1.004,0.001,31
1040,1040,1.004,0.001,31
1041,1041,1.004,0.001,31
1042,1042,1.004,0.001,31
1043,1043,1.004,0.001,31
1044,1044,1.004,0.001,31
1045,1045,1.004,0.001,31
1046,1046,1.004,0.001,31
1047,1047,1.004,0.001,31
1048,1048,1.004,0.001,31
1049,1049,1.004,0.001,31
1050,1050,1.004,0.001,31
1051,1051,1.004,0.001,31
1052,1052,1.004,0.001,31
1053,1053,1.004,0.001,31
1054,1054,1.004,0.001,31
1055,1055,1.004,0.001,31
1056,1056,1.004,0.001,31
1057,1057,1.004,0.001,31
1058,1058,1.004,0.001,31
1059,1059,1.004,0.001,31
1060,1060,1.004,0.001,31
1061,1061,1.004,0.001,31
1062,1062,1.004,0.001,31
1063,1063,1.004,0.001,31
1064,1064,1.004,0.001,31
1065,1065,1.004,0.001,31
1066,1066,1.004,0.001,31
1067,1067,1.004,0.001,31
1068,1068,1.004,0.001,31
1069,1069,1.004,0.001,31
1070,1070,1.004,0.001,31
1071,1071,1.004,0.001,31
1072,1072,1.004,0.001,31
1073,1073,1.004,0.001,31
1074,1074,1.004,0.001,31
1075,1075,1.004,0.001,31
1076,1076,1.004,0.001,31
1077,1077,1.004,0.001,31
1078,1078,1.004,0.001,31
1079,1079,1.004,0.001,31
1080,1080,1.004,0.001,31
1081,1081,1.004,0.001,31
1082,1082,1.004,0.001,31
1083,1083,1.004,0.001,31
1084,1084,1.004,0.001,31
1085,1085,1.004,0.001,31
1086,1086,1.004,0.001,31
1087,1087,1.004,0.001,31
1088,1088,1.004,0.001,31
1089,1089,1.004,0.001,31
1090,1090,1.004,0.001,31
1091,1091,1.004,0.001,31
1092,1092,1.004,0.001,31
1093,1093,1.004,0.001,31
1094,1094,1.004,0.001,31
1095,1095,1.004,0.001,31
1096,1096,1.004,0.001,31
1097,1097,1.004,0.001,31
1098,1098,1.004,0.001,31
1099,1099,1.004,0.001,31
1100,1100,1.004,0.001,31
1101,1101,1.004,0.001,31
1102,1102,1.004,0.001,31
1103,1103,1.004,0.001,31
1104,1104,1.004,0.001,31
1105,1105,1.004,0.001,31
1106,1106,1.004,0.001,31
1107,1107,1.004,0.001,31
1108,1108,1.004,0.001,31
1109,1109,1.004,0.001,31
1110,1110,1.004,0.001,31
1111,1111,1.004,0.001,31
1112,1112,1.004,0.001,31
1113,1113,1.004,0.001,31
1114,1114,1.004,0.001,31
1115,1115,1.004,0.001,31
1116,1116,1.004,0.001,31
1117,1117,1.004,0.001,31
1118,1118,1.004,0.001,31
1119,1119,1.004,0.001,31
1120,1120,1.004,0.001,31
1121,1121,1.004,0.001,31
1122,1122,1.004,0.001,31
1123,1123,1.004,0.001,31
1124,1124,1.004,0.001,31
1125,1125,1.004,0.001,31
1126,1126,1.004,0.001,31
1127,1127,1.004,0.001,31
1128,1128,1.004,0.001,31
1129,1129,1.004,0.001,31
1130,1130,1.004,0.001,31
1131,1131,1.004,0.001,31
1132,1132,1.004,0.001,31
1133,1133,1.004,0.001,31
1134,1134,1.004,0.001,31
1135,1135,1.004,0.001,31
1136,1136,1.004,0.001,31
1137,1137,1.004,0.001,31
1138,1138,1.004,0.001,31
1139,1139,1.004,0.001,31
1140,1140,1.004,0.001,31
1141,1141,1.004,0.001,31
1142,1142,1.004,0.001,31
1143,1143,1.004,0.001,31
1144,1144,1.004,0.001,31
1145,1145,1.004,0.001,31
1146,1146,1.004,0.001,31
1147,1147,1.004,0.001,31
1148,1148,1.004,0.001,31
1149,1149,1.004,0.001,31
1150,1150,1.004,0.001,31
1151,1151,1.004,0.001,31
1152,1152,1.004,0.001,31
1153,1153,1.004,0.001,31
1154,1154,1.004,0.001,31
1155,1155,1.004,0.001,31
1156,1156,1.004,0.001,31
1157,1157,1.004,0.001,31
1158,1158,1.004,0.001,31
1159,1159,1.004,0.001,31
1160,1160,1.004,0.001,31
1161,1161,1.004,0.001,31
1162,1162,1.004,0.001,31
1163,1163,1.004,0.001,31
1164,1164,1.004,0.001,31
1165,1165,1.004,0.001,31
1166,1166,1.004,0.001,31
1167,1167,1.004,0.001,31
1168,1168,1.004,0.001,31
1169,1169,1.004,0.001,31
1170,1170,1.004,0.001,31
1171,1171,1.004,0.001,31
1172,1172,1.004,0.001,31
1173,1173,1.004,0.001,31
1174,1174,1.004,0.001,31
1175,1175,1.004,0.001,31
1176,1176,1.004,0.001,31
1177,1177,1.004,0.001,31
1178,1178,1.004,0.001,31
1179,1179,1.004,0.001,31
1180,1180,1.004,0.001,31
1181,1181,1.004,0.001,31
1182,1182,1.004,0.001,31
1183,1183,1.004,0.001,31
1184,1184,1.004,0.001,31
1185,1185,1.004,0.001,31
1186,1186,1.004,0.001,31
1187,1187,1.004,0.001,31
1188,1188,1.004,0.001,31
1189,1189,1.004,0.001,31
1190,1190,1.004,0.001,31
1191,1191,1.004,0.001,31
1192,1192,1.004,0.001,31
1193,1193,1.004,0.001,31
1194,1194,1.004,0.001,31
1195,1195,1.004,0.001,31
1196,1196,1.004,0.001,31
1197,1197,1.004,0.001,31
1198,1198,1.004,0.001,31
1199,1199,1.004,0.001,31
1200,1200,1.004,0.001,31
1201,1201,1.004,0.001,31
1202,1202,1.004,0.001,31
1203,1203,1.004,0.001,31
1204,1204,1.004,0.001,31
1205,1205,1.004,0.001,31
1206,1206,1.004,0.001,31
1207,1207,1.004,0.001,31
1208,1208,1.004,0.001,31
1209,1209,1.004,0.001,31
1210,1210,1.004,0.001,31
1211,1211,1.004,0.001,31
1212,1212,1.004,0.001,31
1213,1213,1.004,0.001,31
1214,1214,1.004,0.001,31
1215,1215,1.004,0.001,31
1216,1216,1.004,0.001,31
1217,1217,1.004,0.001,31
1218,1218,1.004,0.001,31
1219,1219,1.004,0.001,31
1220,1220,1.004,0.001,31
1221,1221,1.004,0.001,31
1222,1222,1.004,0.001,31
1223,1223,1.004,0.001,31
1224,1224,1.004,0.001,31
1225,1225,1.004,0.001,31
1226,1226,1.004,0.001,31
1227,1227,1.004,0.001,31
1228,1228,1.004,0.001,31
1229,1229,1.004,0.001,31
1230,1230,1.004,0.001,31
1231,1231,1.004,0.001,31
1232,1232,1.004,0.001,31
1233,1233,1.004,0.001,31
1234,1234,1.004,0.001,31
1235,1235,1.004,0.001,31
1236,1236,1.004,0.001,31
1237,1237,1.004,0.001,31
1238,1238,1.004,0.001,31
1239,1239,1.004,0.001,31
1240,1240,1.004,0.001,31
1241,1241,1.004,0.001,31
1242,1242,1.004,0.001,31
1243,1243,1.004,0.001,31
1244,1244,1.004,0.001,31
1245,1245,1.004,0.001,31
1246,1246,1.004,0.001,31
1247,1247,1.004,0.001,31
1248,1248,1.004,0.001,31
1249,1249,1.004,0.001,31
1250,1250,1.004,0.001,31
1251,1251,1.004,0.001,31
1252,1252,1.004,0.001,31
1253,1253,1.004,0.001,31
1254,1254,1.004,0.001,31
1255,1255,1.004,0.001,31
1256,1256,1.004,0.001,31
1257,1257,1.004,0.001,31
1258,1258,1.004,0.001,31
1259,1259,1.004,0.001,31
1260,1260,1.004,0.001,31
1261,1261,1.004,0.001,31
1262,1262,1.004,0.001,31
1263,1263,1.004,0.001,31
1264,1264,1.004,0.001,31
1265,1265,1.004,0.001,31
1266,1266,1.004,0.001,31
1267,1267,1.004,0.001,31
1268,1268,1.004,0.001,31
1269,1269,1.004,0.001,31
1270,1270,1.004,0.001,31
1271,1271,1.004,0.001,31
1272,1272,1.004,0.001,31
1273,1273,1.004,0.001,31
1274,1274,1.004,0.001,31
1275,1275,1.004,0.001,31
1276,1276,1.004,0.001,31
1277,1277,1.004,0.001,31
1278,1278,1.004,0.001,31
1279,1279,1.004,0.001,31
1280,1280,1.004,0.001,31
1281,1281,1.004,0.001,31
1282,1282,1.004,0.001,31
1283,1283,1.004,0.001,31
1284,1284,1.004,0.001,31
1285,1285,1.004,0.001,31
1286,1286,1.004,0.001,31
1287,1287,1.004,0.001,31
1288,1288,1.004,0.001,31
1289,1289,1.004,0.001,31
1290,1290,1.004,0.001,31
1291,1291,1.004,0.001,31
1292,1292,1.004,0.001,31
1293,1293,1.004,0.001,31
1294,1294,1.004,0.001,31
1295,1295,1.004,0.001,31
1296,1296,1.004,0.001,31
1297,1297,1.004,0.001,31
1298,1298,1.004,0.001,31
1299,1299,1.004,0.001,31
1300,1300,1.004,0.001,31
1301,1301,1.004,0.001,31
1302,1302,1.004,0.001,31
1303,1303,1.004,0.001,31
1304,1304,1.004,0.001,31
1305,1305,1.004,0.001,31
1306,1306,1.004,0.001,31
1307,1307,1.004,0.001,31
1308,1308,1.004,0.001,31
1309,1309,1.004,0.001,31
1310,1310,1.004,0.001,31
1311,1311,1.004,0.001,31
1312,1312,1.004,0.001,31
1313,1313,1.004,0.001,31
1314,1314,1.004,0.001,31
1315,1315,1.004,0.001,31
1316,1316,1.004,0.001,31
1317,1317,1.004,0.001,31
1318,1318,1.004,0.001,31
1319,1319,1.004,0.001,31
1320,1320,1.004,0.001,31
1321,1321,1.004,0.001,31
1322,1322,1.004,0.001,31
1323,1323,1.004,0.001,31
1324,1324,1.004,0.001,31
1325,1325,1.004,0.001,31
1326,1326,1.004,0.001,31
1327,1327,1.004,0.001,31
1328,1328,1.004,0.001,31
1329,1329,1.004,0.001,31
1330,1330,1.004,0.001,31
1331,1331,1.004,0.001,31
1332,1332,1.004,0.001,31
1333,1333,1.004,0.001,31
1334,1334,1.004,0.001,31
1335,1335,1.004,0.001,31
1336,1336,1.004,0.001,31
1337,1337,1.004,0.001,31
1338,1338,1.004,0.001,31
1339,1339,1.004,0.001,31
1340,1340,1.004,0.001,31
1341,1341,1.004,0.001,31
1342,1342,1.004,0.001,31
1343,1343,1.004,0.001,31
1344,1344,1.004,0.001,31
1345,1345,1.004,0.001,31
1346,1346,1.004,0.001,31
1347,1347,1.004,0.001,31
1348,1348,1.004,0.001,31
1349,1349,1.004,0.001,31
1350,1350,1.004,0.001,31
1351,1351,1.004,0.001,31
1352,1352,1.004,0.001,31
1353,1353,1.004,0.001,31
1354,1354,1.004,0.001,31
1355,1355,1.004,0.001,31
1356,1356,1.004,0.001,31
1357,1357,1.004,0.001,31
1358,1358,1.004,0.001,31
1359,1359,1.004,0.001,31
1360,1360,1.004,0.001,31
1361,1361,1.004,0.001,31
1362,1362,1.004,0.001,31
1363,1363,1.004,0.001,31
1364,1364,1.004,0.001,31
1365,1365,1.004,0.001,31
1366,1366,1.004,0.001,31
1367,1367,1.004,0.001,31
1368,1368,1.004,0.001,31
1369,1369,1.004,0.001,31
1370,1370,1.004,0.001,31
1371,1371,1.004,0.001,31
1372,1372,1.004,0.001,31
1373,1373,1.004,0.001,31
1374,1374,1.004,0.001,31
1375,1375,1.004,0.001,31
1376,1376,1.004,0.001,31
1377,1377,1.004,0.001,31
1378,1378,1.004,0.001,31
1379,1379,1.004,0.001,31
1380,1380,1.004,0.001,31
1381,1381,1.004,0.001,31
1382,1382,1.004,0.001,31
1383,1383,1.004,0.001,31
1384,1384,1.004,0.001,31
1385,1385,1.004,0.001,31
1386,1386,1.004,0.001,31
1387,1387,1.004,0.001,31
1388,1388,1.004,0.001,31
1389,1389,1.004,0.001,31
1390,1390,1.004,0.001,31
1391,1391,1.004,0.001,31
1392,1392,1.004,0.001,31
1393,1393,1.004,0.001,31
1394,1394,1.004,0.001,31
1395,1395,1.004,0.001,31
1396,1396,1.004,0.001,31
1397,1397,1.004,0.001,31
1398,1398,1.004,0.001,31
1399,1399,1.004,0.001,31
1400,1400,1.004,0.001,31
1401,1401,1.004,0.001,31
1402,1402,1.004,0.001,31
1403,1403,1.004,0.001,31
1404,1404,1.004,0.001,31
1405,1405,1.004,0.001,31
1406,1406,1.004,0.001,31
1407,1407,1.004,0.001,31
1408,1408,1.004,0.001,31
1409,1409,1.004,0.001,31
1410,1410,1.004,0.001,31
1411,1411,1.004,0.001,31
1412,1412,1.004,0.001,31
1413,1413,1.004,0.001,31
1414,1414,1.004,0.001,31
1415,1415,1.004,0.001,31
1416,1416,1.004,0.001,31
1417,1417,1.004,0.001,31
1418,1418,1.004,0.001,31
1419,1419,1.004,0.001,31
1420,1420,1.004,0.001,31
1421,1421,1.004,0.001,31
1422,1422,1.004,0.001,31
1423,1423,1.004,0.001,31
1424,1424,1.004,0.001,31
1425,1425,1.004,0.001,31
1426,1426,1.004,0.001,31
1427,1427,1.004,0.001,31
1428,1428,1.004,0.001,31
1429,1429,1.004,0.001,31
1430,1430,1.004,0.001,31
1431,1431,1.004,0.001,31
1432,1432,1.004,0.001,31
1433,1433,1.004,0.001,31
1434,1434,1.004,0.001,31
1435,1435,1.004,0.001,31
1436,1436,1.004,0.001,31
1437,1437,1.004,0.001,31
1438,1438,1.004,0.001,31
1439,1439,1.004,0.001,31
1440,1440,1.004,0.001,31
1441,1441,1.004,0.001,31
1442,1442,1.004,0.001,31
1443,1443,1.004,0.001,31
1444,1444,1.004,0.001,31
1445,1445,1.004,0.001,31
1446,1446,1.004,0.001,31
1447,1447,1.004,0.001,31
1448,1448,1.004,0.001,31
1449,1449,1.004,0.001,31
1450,1450,1.004,0.001,31
1451,1451,1.004,0.001,31
1452,1452,1.004,0.001,31
1453,1453,1.004,0.001,31
1454,1454,1.004,0.001,31
1455,1455,1.004,0.001,31
1456,1456,1.004,0.001,31
1457,1457,1.004,0.001,31
1458,1458,1.004,0.001,31
1459,1459,1.004,0.001,31
1460,1460,1.004,0.001,31
1461,1461,1.004,0.001,31
1462,1462,1.004,0.001,31
1463,1463,1.004,0.001,31
1464,1464,1.004,0.001,31
1465,1465,1.004,0.001,31
1466,1466,1.004,0.001,31
1467,1467,1.004,0.001,31
1468,1468,1.004,0.001,31
1469,1469,1.004,0.001,31
1470,1470,1.004,0.001,31
1471,1471,1.004,0.001,31
1472,1472,1.004,0.001,31
1473,1473,1.004,0.001,31
1474,1474,1.004,0.001,31
1475,1475,1.004,0.001,31
1476,1476,1.004,0.001,31
1477,1477,1.004,0.001,31
1478,1478,1.004,0.001,31
1479,1479,1.004,0.001,31
1480,1480,1.004,0.001,31
1481,1481,1.004,0.001,31
1482,1482,1.004,0.001,31
1483,1483,1.004,0.001,31
1484,1484,1.004,0.001,31
1485,1485,1.004,0.001,31
1486,1486,1.004,0.001,31
1487,1487,1.004,0.001,31
1488,1488,1.004,0.001,31
1489,1489,1.004,0.001,31
1490,1490,1.004,0.001,31
1491,1491,1.004,0.001,31
1492,1492,1.004,0.001,31
1493,1493,1.004,0.001,31
1494,1494,1.004,0.001,31
1495,1495,1.004,0.001,31
1496,1496,1.004,0.001,31
1497,1497,1.004,0.001,31
1498,1498,1.004,0.001,31
1499,1499,1.004,0.001,31
1500,1500,1.004,0.001,31
1501,1501,1.004,0.001,31
1502,1502,1.004,0.001,31
1503,1503,1.004,0.001,31
1504,1504,1.004,0.001,31
1505,1505,1.004,0.001,31
1506,1506,1.004,0.001,31
1507,1507,1.004,0.001,31
1508,1508,1.004,0.001,31
1509,1509,1.004,0.001,31
1510,1510,1.004,0.001,31
1511,1511,1.004,0.001,31
1512,1512,1.004,0.001,31
1513,1513,1.004,0.001,31
1514,1514,1.004,0.001,31
1515,1515,1.004,0.001,31
1516,1516,1.004,0.001,31
1517,1517,1.004,0.001,31
1518,1518,1.004,0.001,31
1519,1519,1.004,0.001,31
1520,1520,1.004,0.001,31
1521,1521,1.004,0.001,31
1522,1522,1.004,0.001,31
1523,1523,1.004,0.001,31
1524,1524,1.004,0.001,31
1525,1525,1.004,0.001,31
1526,1526,1.004,0.001,31
1527,1527,1.004,0.001,31
1528,1528,1.004,0.001,31
1529,1529,1.004,0.001,31
1530,1530,1.004,0.001,31
1531,1531,1.004,0.001,31
1532,1532,1.004,0.001,31
1533,1533,1.004,0.001,31
1534,1534,1.004,0.001,31
1535,1535,1.004,0.001,31
1536,1536,1.004,0.001,31
1537,1537,1.004,0.001,31
1538,1538,1.004,0.001,31
1539,1539,1.004,0.001,31
1540,1540,1.004,0.001,31
1541,1541,1.004,0.001,31
1542,1542,1.004,0.001,31
1543,1543,1.004,0.001,31
1544,1544,1.004,0.001,31
1545,1545,1.004,0.001,31
1546,1546,1.004,0.001,31
1547,1547,1.004,0.001,31
1548,1548,1.004,0.001,31
1549,1549,1.004,0.001,31
1550,1550,1.004,0.001,31
1551,1551,1.004,0.001,31
1552,1552,1.004,0.001,31
1553,1553,1.004,0.001,31
1554,1554,1.004,0.001,31
1555,1555,1.004,0.001,31
1556,1556,1.004,0.001,31
1557,1557,1.004,0.001,31
1558,1558,1.004,0.001,31
1559,1559,1.004,0.001,31
1560,1560,1.004,0.001,31
1561,1561,1.004,0.001,31
1562,1562,1.004,0.001,31
1563,1563,1.004,0.001,31
1564,1564,1.004,0.001,31
1565,1565,1.004,0.001,31
1566,1566,1.004,0.001,31
1567,1567,1.004,0.001,31
1568,1568,1.004,0.001,31
1569,1569,1.004,0.001,31
1570,1570,1.004,0.001,31
1571,1571,1.004,0.001,31
1572,1572,1.004,0.001,31
1573,1573,1.004,0.001,31
1574,1574,1.004,0.001,31
1575,1575,1.004,0.001,31
1576,1576,1.004,0.001,31
1577,1577,1.004,0.001,31
1578,1578,1.004,0.001,31
1579,1579,1.004,0.001,31
1580,1580,1.004,0.001,31
1581,1581,1.004,0.001,31
1582,1582,1.004,0.001,31
1583,1583,1.004,0.001,31
1584,1584,1.004,0.001,31
1585,1585,1.004,0.001,31
1586,1586,1.004,0.001,31
1587,1587,1.004,0.001,31
1588,1588,1.004,0.001,31
1589,1589,1.004,0.001,31
1590,1590,1.004,0.001,31
1591,1591,1.004,0.001,31
1592,1592,1.004,0.001,31
1593,1593,1.004,0.001,31
1594,1594,1.004,0.001,31
1595,1595,1.004,0.001,31
1596,1596,1.004,0.001,31
1597,1597,1.004,0.001,31
1598,1598,1.004,0.001,31
1599,1599,1.004,0.001,31
1600,1600,1.004,0.001,31
1601,1601,1.004,0.001,31
1602,1602,1.004,0.001,31
1603,1603,1.004,0.001,31
1604,1604,1.004,0.001,31
1605,1605,1.004,0.001,31
1606,1606,1.004,0.001,31
1607,1607,1.004,0.001,31
1608,1608,1.004,0.001,31
1609,1609,1.004,0.001,31
1610,1610,1.004,0.001,31
1611,1611,1.004,0.001,31
1612,1612,1.004,0.001,31
1613,1613,1.004,0.001,31
1614,1614,1.004,0.001,31
1615,1615,1.004,0.001,31
1616,1616,1.004,0.001,31
1617,1617,1.004,0.001,31
1618,1618,1.004,0.001,31
1619,1619,1.004,0.001,31
1620,1620,1.004,0.001,31
1621,1621,1.004,0.001,31
1622,1622,1.004,0.001,31
1623,1623,1.004,0.001,31
1624,1624,1.004,0.001,31
1625,1625,1.004,0.001,31
1626,1626,1.004,0.001,31
1627,1627,1.004,0.001,31
1628,1628,1.004,0.001,31
1629,1629,1.004,0.001,31
1630,1630,1.004,0.001,31
1631,1631,1.004,0.001,31
1632,1632,1.004,0.001,31
1633,1633,1.004,0.001,31
1634,1634,1.004,0.001,31
1635,1635,1.004,0.001,31
1636,1636,1.004,0.001,31
1637,1637,1.004,0.001,31
1638,1638,1.004,0.001,31
1639,1639,1.004,0.001,31
1640,1640,1.004,0.001,31
1641,1641,1.004,0.001,31
1642,1642,1.004,0.001,31
1643,1643,1.004,0.001,31
1644,1644,1.004,0.001,31
1645,1645,1.004,0.001,31
1646,1646,1.004,0.001,31
1647,1647,1.004,0.001,31
1648,1648,1.004,0.001,31
1649,1649,1.004,0.001,31
1650,1650,1.004,0.001,31
1651,1651,1.004,0.001,31
1652,1652,1.004,0.001,31
1653,1653,1.004,0.001,31
1654,1654,1.004,0.001,31
1655,1655,1.004,0.001,31
1656,1656,1.004,0.001,31
1657,1657,1.004,0.001,31
1658,1658,1.004,0.001,31
1659,1659,1.004,0.001,31
1660,1660,1.004,0.001,31
1661,1661,1.004,0.001,31
1662,1662,1.004,0.001,31
1663,1663,1.004,0.001,31
1664,1664,1.004,0.001,31
1665,1665,1.004,0.001,31
1666,1666,1.004,0.001,31
1667,1667,1.004,0.001,31
1668,1668,1.004,0.001,31
1669,1669,1.004,0.001,31
1670,1670,1.004,0.001,31
1671,1671,1.004,0.001,31
1672,1672,1.004,0.001,31
1673,1673,1.004,0.001,31
1674,1674,1.004,0.001,31
1675,1675,1.004,0.001,31
1676,1676,1.004,0.001,31
1677,1677,1.004,0.001,31
1678,1678,1.004,0.001,31
1679,1679,1.004,0.001,31
1680,1680,1.004,0.001,31
1681,1681,1.004,0.001,31
1682,1682,1.004,0.001,31
1683,1683,1.004,0.001,31
1684,1684,1.004,0.001,31
1685,1685,1.004,0.001,31
1686,1686,1.004,0.001,31
1687,1687,1.004,0.001,31
1688,1688,1.004,0.001,31
1689,1689,1.004,0.001,31
1690,1690,1.004,0.001,31
1691,1691,1.004,0.001,31
1692,1692,1.004,0.001,31
1693,1693,1.004,0.001,31
1694,1694,1.004,0.001,31
1695,1695,1.004,0.001,31
1696,1696,1.004,0.001,31
1697,1697,1.004,0.001,31
1698,1698,1.004,0.001,31
1699,1699,1.004,0.001,31
1700,1700,1.004,0.001,31
1701,1701,1.004,0.001,31
1702,1702,1.004,0.001,31
1703,1703,1.004,0.001,31
1704,1704,1.004,0.001,31
1705,1705,1.004,0.001,31
1706,1706,1.004,0.001,31
1707,1707,1.004,0.001,31
1708,1708,1.004,0.001,31
1709,1709,1.004,0.001,31
1710,1710,1.004,0.001,31
1711,1711,1.004,0.001,31
1712,1712,1.004,0.001,31
1713,1713,1.004,0.001,31
1714,1714,1.004,0.001,31
1715,1715,1.004,0.001,31
1716,1716,1.004,0.001,31
1717,1717,1.004,0.001,31
1718,1718,1.004,0.001,31
1719,1719,1.004,0.001,31
1720,1720,1.004,0.001,31
1721,1721,1.004,0.001,31
1722,1722,1.004,0.001,31
1723,1723,1.004,0.001,31
1724,1724,1.004,0.001,31
1725,1725,1.004,0.001,31
1726,1726,1.004,0.001,31
1727,1727,1.004,0.001,31
1728,1728,1.004,0.001,31
1729,1729,1.004,0.001,31
1730,1730,1.004,0.001,31
1731,1731,1.004,0.001,31
1732,1732,1.004,0.001,31
1733,1733,1.004,0.001,31
1734,1734,1.004,0.001,31
1735,1735,1.004,0.001,31
1736,1736,1.004,0.001,31
1737,1737,1.004,0.001,31
1738,1738,1.004,0.001,31
1739,1739,1.004,0.001,31
1740,1740,1.004,0.001,31
1741,1741,1.004,0.001,31
1742,1742,1.004,0.001,31
1743,1743,1.004,0.001,31
1744,1744,1.004,0.001,31
1745,1745,1.004,0.001,31
1746,1746,1.004,0.001,31
1747,1747,1.004,0.001,31
1748,1748,1.004,0.001,31
1749,1749,1.004,0.001,31
1750,1750,1.004,0.001,31
1751,1751,1.004,0.001,31
1752,1752,1.004,0.001,31
1753,1753,1.004,0.001,31
1754,1754,1.004,0.001,31
1755,1755,1.004,0.001,31
1756,1756,1.004,0.001,31
1757,1757,1.004,0.001,31
1758,1758,1.004,0.001,31
1759,1759,1.004,0.001,31
1760,1760,1.004,0.001,31
1761,1761,1.004,0.001,31
1762,1762,1.004,0.001,31
1763,1763,1.004,0.001,31
1764,1764,1.004,0.001,31
1765,1765,1.004,0.001,31
1766,1766,1.004,0.001,31
1767,1767,1.004,0.001,31
1768,1768,1.004,0.001,31
1769,1769,1.004,0.001,31
1770,1770,1.004,0.001,31
1771,1771,1.004,0.001,31
1772,1772,1.004,0.001,31
1773,1773,1.004,0.001,31
1774,1774,1.004,0.001,31
1775,1775,1.004,0.001,31
1776,1776,1.004,0.001,31
1777,1777,1.004,0.001,31
1778,1778,1.004,0.001,31
1779,1779,1.004,0.001,31
1780,1780,1.004,0.001,31
1781,1781,1.004,0.001,31
1782,1782,1.004,0.001,31
1783,1783,1.004,0.001,31
1784,1784,1.004,0.001,31
1785,1785,1.004,0.001,31
1786,1786,1.004,0.001,31
1787,1787,1.004,0.001,31
1788,1788,1.004,0.001,31
1789,1789,1.004,0.001,31
1790,1790,1.004,0.001,31
1791,1791,1.004,0.001,31
1792,1792,1.004,0.001,31
1793,1793,1.004,0.001,31
1794,1794,1.004,0.001,31
1795,1795,1.004,0.001,31
1796,1796,1.004,0.001,31
1797,1797,1.004,0.001,31
1798,1798,1.004,0.001,31
1799,1799,1.004,0.001,31
1800,1800,1.004,0.001,31
1801,1801,1.004,0.001,31
1802,1802,1.004,0.001,31
1803,1803,1.004,0.001,31
1804,1804,1.004,0.001,31
1805,1805,1.004,0.001,31
1806,1806,1.004,0.001,31
1807,1807,1.004,0.001,31
1808,1808,1.004,0.001,31
1809,1809,1.004,0.001,31
1810,1810,1.004,0.001,31
1811,1811,1.004,0.001,31
1812,1812,1.004,0.001,31
1813,1813,1.004,0.001,31
1814,1814,1.004,0.001,31
1815,1815,1.004,0.001,31
1816,1816,1.004,0.001,31
1817,1817,1.004,0.001,31
1818,1818,1.004,0.001,31
1819,1819,1.004,0.001,31
1820,1820,1.004,0.001,31
1821,1821,1.004,0.001,31
1822,1822,1.004,0.001,31
1823,1823,1.004,0.001,31
1824,1824,1.004,0.001,31
1825,1825,1.004,0.001,31
1826,1826,1.004,0.001,31
1827,1827,1.004,0.001,31
1828,1828,1.004,0.001,31
1829,1829,1.004,0.001,31
1830,1830,1.004,0.001,31
1831,1831,1.004,0.001,31
1832,1832,1.004,0.001,31
1833,1833,1.004,0.001,31
1834,1834,1.004,0.001,31
1835,1835,1.004,0.001,31
1836,1836,1.004,0.001,31
1837,1837,1.004,0.001,31
1838,1838,1.004,0.001,31
1839,1839,1.004,0.001,31
1840,1840,1.004,0.001,31
1841,1841,1.004,0.001,31
1842,1842,1.004,0.001,31
1843,1843,1.004,0.001,31
1844,1844,1.004,0.001,31
1845,1845,1.004,0.001,31
1846,1846,1.004,0.001,31
1847,1847,1.004,0.001,31
1848,1848,1.004,0.001,31
1849,1849,1.004,0.001,31
1850,1850,1.004,0.001,31
1851,1851,1.004,0.001,31
1852,1852,1.004,0.001,31
1853,1853,1.004,0.001,31
1854,1854,1.004,0.001,31
1855,1855,1.004,0.001,31
1856,1856,1.004,0.001,31
1857,1857,1.004,0.001,31
1858,1858,1.004,0.001,31
1859,1859,1.004,0.001,31
1860,1860,1.004,0.001,31
1861,1861,1.004,0.001,31
1862,1862,1.004,0.001,31
1863,1863,1.004,0.001,31
1864,1864,1.004,0.001,31
1865,1865,1.004,0.001,31
1866,1866,1.004,0.001,31
1867,1867,1.004,0.001,31
1868,1868,1.004,0.001,31
1869,1869,1.004,0.001,31
1870,1870,1.004,0.001,31
1871,1871,1.004,0.001,31
1872,1872,1.004,0.001,31
1873,1873,1.004,0.001,31
1874,1874,1.004,0.001,31
1875,1875,1.004,0.001,31
1876,1876,1.004,0.001,31
1877,1877,1.004,0.001,31
1878,1878,1.004,0.001,31
1879,1879,1.004,0.001,31
1880,1880,1.004,0.001,31
1881,1881,1.004,0.001,31
1882,1882,1.004,0.001,31
1883,1883,1.004,0.001,31
1884,1884,1.004,0.001,31
1885,1885,1.004,0.001,31
1886,1886,1.004,0.001,31
1887,1887,1.004,0.001,31
1888,1888,1.004,0.001,31
1889,1889,1.004,0.001,31
1890,1890,1.004,0.001,31
1891,1891,1.004,0.001,31
1892,1892,1.004,0.001,31
1893,1893,1.004,0.001,31
1894,1894,1.004,0.001,31
1895,1895,1.004,0.001,31
1896,1896,1.004,0.001,31
1897,1897,1.004,0.001,31
1898,1898,1.004,0.001,31
1899,1899,1.004,0.001,31
1900,1900,1.004,0.001,31
1901,1901,1.004,0.001,31
1902,1902,1.004,0.001,31
1903,1903,1.004,0.001,31
1904,1904,1.004,0.001,31
1905,1905,1.004,0.001,31
1906,1906,1.004,0.001,31
1907,1907,1.004,0.001,31
1908,1908,1.004,0.001,31
1909,1909,1.004,0.001,31
1910,1910,1.004,0.001,31
1911,1911,1.004,0.001,31
1912,1912,1.004,0.001,31
1913,1913,1.004,0.001,31
1914,1914,1.004,0.001,31
1915,1915,1.004,0.001,31
1916,1916,1.004,0.001,31
1917,1917,1.004,0.001,31
1918,1918,1.004,0.001,31
1919,1919,1.004,0.001,31
1920,1920,1.004,0.001,31
1921,1921,1.004,0.001,31
1922,1922,1.004,0.001,31
1923,1923,1.004,0.001,31
1924,1924,1.004,0.001,31
1925,1925,1.004,0.001,31
1926,1926,1.004,0.001,31
1927,1927,1.004,0.001,31
1928,1928,1.004,0.001,31
1929,1929,1.004,0.001,31
1930,1930,1.004,0.001,31
1931,1931,1.004,0.001,31
1932,1932,1.004,0.001,31
1933,1933,1.004,0.001,31
1934,1934,1.004,0.001,31
1935,1935,1.004,0.001,31
1936,1936,1.004,0.001,31
1937,1937,1.004,0.001,31
1938,1938,1.004,0.001,31
1939,1939,1.004,0.001,31
1940,1940,1.004,0.001,31
1941,1941,1.004,0.001,31
1942,1942,1.004,0.001,31
1943,1943,1.004,0.001,31
1944,1944,1.004,0.001,31
1945,1945,1.004,0.001,31
1946,1946,1.004,0.001,31
1947,1947,1.004,0.001,31
1948,1948,1.004,0.001,31
1949,1949,1.004,0.001,31
1950,1950,1.004,0.001,31
1951,1951,1.004,0.001,31
1952,1952,1.004,0.001,31
1953,1953,1.004,0.001,31
1954,1954,1.004,0.001,31
1955,1955,1.004,0.001,31
1956,1956,1.004,0.001,31
1957,1957,1.004,0.001,31
1958,1958,1.004,0.001,31
1959,1959,1.004,0.001,31
1960,1960,1.004,0.001,31
1961,1961,1.004,0.001,31
1962,1962,1.004,0.001,31
1963,1963,1.004,0.001,31
1964,1964,1.004,0.001,31
1965,1965,1.004,0.001,31
1966,1966,1.004,0.001,31
1967,1967,1.004,0.001,31
1968,1968,1.004,0.001,31
1969,1969,1.004,0.001,31
1970,1970,1.004,0.001,31
1971,1971,1.004,0.001,31
1972,1972,1.004,0.001,31
1973,1973,1.004,0.001,31
1974,1974,1.004,0.001,31
1975,1975,1.004,0.001,31
1976,1976,1.004,0.001,31
1977,1977,1.004,0.001,31
1978,1978,1.004,0.001,31
1979,1979,1.004,0.001,31
1980,1980,1.004,0.001,31
1981,1981,1.004,0.001,31
1982,1982,1.004,0.001,31
1983,1983,1.004,0.001,31
1984,1984,1.004,0.001,31
1985,1985,1.004,0.001,31
1986,1986,1.004,0.001,31
1987,1987,1.004,0.001,31
1988,1988,1.004,0.001,31
1989,1989,1.004,0.001,31
1990,1990,1.004,0.001,31
1991,1991,1.004,0.001,31
1992,1992,1.004,0.001,31
1993,1993,1.004,0.001,31
1994,1994,1.004,0.001,31
1995,1995,1.004,0.001,31
1996,1996,1.004,0.001,31
1997,1997,1.004,0.001,31
1998,1998,1.004,0.001,31
1999,1999,1.004,0.001,31
2000,2000,1.004,0.001,31
2001,2001,1.004,0.001,31
2002,2002,1.004,0.001,31
2003,2003,1.004,0.001,31
2004,2004,1.004,0.001,31
2005,2005,1.004,0.001,31
2006,2006,1.004,0.001,31
2007,2007,1.004,0.001,31
2008,2008,1.004,0.001,31
2009,2009,1.004,0.001,31
2010,2010,1.004,0.001,31
2011,2011,1.004,0.001,31
2012,2012,1.004,0.001,31
2013,2013,1.004,0.001,31
2014,2014,1.004,0.001,31
2015,2015,1.004,0.001,31
2016,2016,1.004,0.001,31
2017,2017,1.004,0.001,31
2018,2018,1.004,0.001,31
2019,2019,1.004,0.001,31
2020,2020,1.004,0.001,31
2021,2021,1.004,0.001,31
2022,2022,1.004,0.001,31
2023,2023,1.004,0.001,31
2024,2024,1.004,0.001,31
2025,2025,1.004,0.001,31
2026,2026,1.004,0.001,31
2027,2027,1.004,0.001,31
2028,2028,1.004,0.001,31
2029,2029,1.004,0.001,31
2030,2030,1.004,0.001,31
2031,2031,1.004,0.001,31
2032,2032,1.004,0.001,31
2033,2033,1.004,0.001,31
2034,2034,1.004,0.001,31
2035,2035,1.004,0.001,31
2036,2036,1.004,0.001,31
2037,2037,1.004,0.001,31
2038,2038,1.004,0.001,31
2039,2039,1.004,0.001,31
2040,2040,1.004,0.001,31
2041,2041,1.004,0.001,31
2042,2042,1.004,0.001,31
2043,2043,1.004,0.001,31
2044,2044,1.004,0.001,31
2045,2045,1.004,0.001,31
2046,2046,1.004,0.001,31
2047,2047,1.004,0.001,31
2048,2048,1.004,0.001,31
2049,2049,1.004,0.001,31
2050,2050,1.004,0.001,31
2051,2051,1.004,0.001,31
2052,2052,1.004,0.001,31
2053,2053,1.004,0.001,31
2054,2054,1.004,0.001,31
2055,2055,1.004,0.001,31
2056,2056,1.004,0.001,31
2057,2057,1.004,0.001,31
2058,2058,1.004,0.001,31
2059,2059,1.004,0.001,31
2060,2060,1.004,0.001,31
2061,2061,1.004,0.001,31
2062,2062,1.004,0.001,31
2063,2063,1.004,0.001,31
2064,2064,1.004,0.001,31
2065,2065,1.004,0.001,31
2066,2066,1.004,0.001,31
2067,2067,1.004,0.001,31
2068,2068,1.004,0.001,31
2069,2069,1.004,0.001,31
2070,2070,1.004,0.001,31
2071,2071,1.004,0.001,31
2072,2072,1.004,0.001,31
2073,2073,1.004,0.001,31
2074,2074,1.004,0.001,31
2075,2075,1.004,0.001,31
2076,2076,1.004,0.001,31
2077,2077,1.004,0.001,31
2078,2078,1.004,0.001,31
2079,2079,1.004,0.001,31
2080,2080,1.004,0.001,31
2081,2081,1.004,0.001,31
2082,2082,1.004,0.001,31
2083,2083,1.004,0.001,31
2084,2084,1.004,0.001,31
2085,2085,1.004,0.001,31
2086,2086,1.004,0.001,31
2087,2087,1.004,0.001,31
2088,2088,1.004,0.001,31
2089,2089,1.004,0.001,31
2090,2090,1.004,0.001,31
2091,2091,1.004,0.001,31
2092,2092,1.004,0.001,31
2093,2093,1.004,0.001,31
2094,2094,1.004,0.001,31
2095,2095,1.004,0.001,31
2096,2096,1.004,0.001,31
2097,2097,1.004,0.001,31
2098,2098,1.004,0.001,31
2099,2099,1.004,0.001,31
2100,2100,1.004,0.001,31
2101,2101,1.004,0.001,31
2102,2102,1.004,0.001,31
2103,2103,1.004,0.001,31
2104,2104,1.004,0.001,31
2105,2105,1.004,0.001,31
2106,2106,1.004,0.001,31
2107,2107,1.004,0.001,31
2108,2108,1.004,0.001,31
2109,2109,1.004,0.001,31
2110,2110,1.004,0.001,31
2111,2111,1.004,0.001,31
2112,2112,1.004,0.001,31
2113,2113,1.004,0.001,31
2114,2114,1.004,0.001,31
2115,2115,1.004,0.001,31
2116,2116,1.004,0.001,31
2117,2117,1.004,0.001,31
2118,2118,1.004,0.001,31
2119,2119,1.004,0.001,31
2120,2120,1.004,0.001,31
2121,2121,1.004,0.001,31
2122,2122,1.004,0.001,31
2123,2123,1.004,0.001,31
2124,2124,1.004,0.001,31
2125,2125,1.004,0.001,31
2126,2126,1.004,0.001,31
2127,2127,1.004,0.001,31
2128,2128,1.004,0.001,31
2129,2129,1.004,0.001,31
2130,2130,1.004,0.001,31
2131,2131,1.004,0.001,31
2132,2132,1.004,0.001,31
2133,2133,1.004,0.001,31
2134,2134,1.004,0.001,31
2135,2135,1.004,0.001,31
2136,2136,1.004,0.001,31
2137,2137,1.004,0.001,31
2138,2138,1.004,0.001,31
2139,2139,1.004,0.001,31
2140,2140,1.004,0.001,31
2141,2141,1.004,0.001,31
2142,2142,1.004,0.001,31
2143,2143,1.004,0.001,31
2144,2144,1.004,0.001,31
2145,2145,1.004,0.001,31
2146,2146,1.004,0.001,31
2147,2147,1.004,0.001,31
2148,2148,1.004,0.001,31
2149,2149,1.004,0.001,31
2150,2150,1.004,0.001,31
2151,2151,1.004,0.001,31
2152,2152,1.004,0.001,31
2153,2153,1.004,0.001,31
2154,2154,1.004,0.001,31
2155,2155,1.004,0.001,31
2156,2156,1.004,0.001,31
2157,2157,1.004,0.001,31
2158,2158,1.004,0.001,31
2159,2159,1.004,0.001,31
2160,2160,1.004,0.001,31
2161,2161,1.004,0.001,31
2162,2162,1.004,0.001,31
2163,2163,1.004,0.001,31
2164,2164,1.004,0.001,31
2165,2165,1.004,0.001,31
2166,2166,1.004,0.001,31
2167,2167,1.004,0.001,31
2168,2168,1.004,0.001,31
2169,2169,1.004,0.001,31
2170,2170,1.004,0.001,31
2171,2171,1.004,0.001,31
2172,2172,1.004,0.001,31
2173,2173,1.004,0.001,31
2174,2174,1.004,0.001,31
2175,2175,1.004,0.001,31
2176,2176,1.004,0.001,31
2177,2177,1.004,0.001,31
2178,2178,1.004,0.001,31
2179,2179,1.004,0.001,31
2180,2180,1.004,0.001,31
2181,2181,1.004,0.001,31
2182,2182,1.004,0.001,31
2183,2183,1.004,0.001,31
2184,2184,1.004,0.001,31
2185,2185,1.004,0.001,31
2186,2186,1.004,0.001,31
2187,2187,1.004,0.001,31
2188,2188,1.004,0.001,31
2189,2189,1.004,0.001,31
2190,2190,1.004,0.001,31
2191,2191,1.004,0.001,31
2192,2192,1.004,0.001,31
2193,2193,1.004,0.001,31
2194,2194,1.004,0.001,31
2195,2195,1.004,0.001,31
2196,2196,1.004,0.001,31
2197,2197,1.004,0.001,31
2198,2198,1.004,0.001,31
2199,2199,1.004,0.001,31
2200,2200,1.004,0.001,31
2201,2201,1.004,0.001,31
2202,2202,1.004,0.001,31
2203,2203,1.004,0.001,31
2204,2204,1.004,0.001,31
2205,2205,1.004,0.001,31
2206,2206,1.004,0.001,31
2207,2207,1.004,0.001,31
2208,2208,1.004,0.001,31
2209,2209,1.004,0.001,31
2210,2210,1.004,0.001,31
2211,2211,1.004,0.001,31
2212,2212,1.004,0.001,31
2213,2213,1.004,0.001,31
2214,2214,1.004,0.001,31
2215,2215,1.004,0.001,31
2216,2216,1.004,0.001,31
2217,2217,1.004,0.001,31
2218,2218,1.004,0.001,31
2219,2219,1.004,0.001,31
2220,2220,1.004,0.001,31
2221,2221,1.004,0.001,31
2222,2222,1.004,0.001,31
2223,2223,1.004,0.001,31
2224,2224,1.004,0.001,31
2225,2225,1.004,0.001,31
2226,2226,1.004,0.001,31
2227,2227,1.004,0.001,31
2228,2228,1.004,0.001,31
2229,2229,1.004,0.001,31
2230,2230,1.004,0.001,31
2231,2231,1.004,0.001,31
2232,2232,1.004,0.001,31
2233,2233,1.004,0.001,31
2234,2234,1.004,0.001,31
2235,2235,1.004,0.001,31
2236,2236,1.004,0.001,31
2237,2237,1.004,0.001,31
2238,2238,1.004,0.001,31
2239,2239,1.004,0.001,31
2240,2240,1.004,0.001,31
2241,2241,1.004,0.001,31
2242,2242,1.004,0.001,31
2243,2243,1.004,0.001,31
2244,2244,1.004,0.001,31
2245,2245,1.004,0.001,31
2246,2246,1.004,0.001,31
2247,2247,1.004,0.001,31
2248,2248,1.004,0.001,31
2249,2249,1.004,0.001,31
2250,2250,1.004,0.001,31
2251,2251,1.004,0.001,31
2252,2252,1.004,0.001,31
2253,2253,1.004,0.001,31
2254,2254,1.004,0.001,31
2255,2255,1.004,0.001,31
2256,2256,1.004,0.001,31
2257,2257,1.004,0.001,31
2258,2258,1.004,0.001,31
2259,2259,1.004,0.001,31
2260,2260,1.004,0.001,31
2261,2261,1.004,0.001,31
2262,2262,1.004,0.001,31
2263,2263,1.004,0.001,31
2264,2264,1.004,0.001,31
2265,2265,1.004,0.001,31
2266,2266,1.004,0.001,31
2267,2267,1.004,0.001,31
2268,2268,1.004,0.001,31
2269,2269,1.004,0.001,31
2270,2270,1.004,0.001,31
2271,2271,1.004,0.001,31
2272,2272,1.004,0.001,31
2273,2273,1.004,0.001,31
2274,2274,1.004,0.001,31
2275,2275,1.004,0.001,31
2276,2276,1.004,0.001,31
2277,2277,1.004,0.001,31
2278,2278,1.004,0.001,31
2279,2279,1.004,0.001,31
2280,2280,1.004,0.001,31
2281,2281,1.004,0.001,31
2282,2282,1.004,0.001,31
2283,2283,1.004,0.001,31
2284,2284,1.004,0.001,31
2285,2285,1.004,0.001,31
2286,2286,1.004,0.001,31
2287,2287,1.004,0.001,31
2288,2288,1.004,0.001,31
2289,2289,1.004,0.001,31
2290,2290,1.004,0.001,31
2291,2291,1.004,0.001,31
2292,2292,1.004,0.001,31
2293,2293,1.004,0.001,31
2294,2294,1.004,0.001,31
2295,2295,1.004,0.001,31
2296,2296,1.004,0.001,31
2297,2297,1.004,0.001,31
2298,2298,1.004,0.001,31
2299,2299,1.004,0.001,31
2300,2300,1.004,0.001,31
2301,2301,1.004,0.001,31
2302,2302,1.004,0.001,31
2303,2303,1.004,0.001,31
2304,2304,1.004,0.001,31
2305,2305,1.004,0.001,31
2306,2306,1.004,0.001,31
2307,2307,1.004,0.001,31
2308,2308,1.004,0.001,31
2309,2309,1.004,0.001,31
2310,2310,1.004,0.001,31
2311,2311,1.004,0.001,31
2312,2312,1.004,0.001,31
2313,2313,1.004,0.001,31
2314,2314,1.004,0.001,31
2315,2315,1.004,0.001,31
2316,2316,1.004,0.001,31
2317,2317,1.004,0.001,31
2318,2318,1.004,0.001,31
2319,2319,1.004,0.001,31
2320,2320,1.004,0.001,31
2321,2321,1.004,0.001,31
2322,2322,1.004,0.001,31
2323,2323,1.004,0.001,31
2324,2324,1.004,0.001,31
2325,2325,1.004,0.001,31
2326,2326,1.004,0.001,31
2327,2327,1.004,0.001,31
2328,2328,1.004,0.001,31
2329,2329,1.004,0.001,31
2330,2330,1.004,0.001,31
2331,2331,1.004,0.001,31
2332,2332,1.004,0.001,31
2333,2333,1.004,0.001,31
2334,2334,1.004,0.001,31
2335,2335,1.004,0.001,31
2336,2336,1.004,0.001,31
2337,2337,1.004,0.001,31
2338,2338,1.004,0.001,31
2339,2339,1.004,0.001,31
2340,2340,1.004,0.001,31
2341,2341,1.004,0.001,31
2342,2342,1.004,0.001,31
2343,2343,1.004,0.001,31
2344,2344,1.004,0.001,31
2345,2345,1.004,0.001,31
2346,2346,1.004,0.001,31
2347,2347,1.004,0.001,31
2348,2348,1.004,0.001,31
2349,2349,1.004,0.001,31
2350,2350,1.004,0.001,31
2351,2351,1.004,0.001,31
2352,2352,1.004,0.001,31
2353,2353,1.004,0.001,31
2354,2354,1.004,0.001,31
2355,2355,1.004,0.001,31
2356,2356,1.004,0.001,31
2357,2357,1.004,0.001,31
2358,2358,1.004,0.001,31
2359,2359,1.004,0.001,31
2360,2360,1.004,0.001,31
2361,2361,1.004,0.001,31
2362,2362,1.004,0.001,31
2363,2363,1.004,0.001,31
2364,2364,1.004,0.001,31
2365,2365,1.004,0.001,31
2366,2366,1.004,0.001,31
2367,2367,1.004,0.001,31
2368,2368,1.004,0.001,31
2369,2369,1.004,0.001,31
2370,2370,1.004,0.001,31
2371,2371,1.004,0.001,31
2372,2372,1.004,0.001,31
2373,2373,1.004,0.001,31
2374,2374,1.004,0.001,31
2375,2375,1.004,0.001,31
2376,2376,1.004,0.001,31
2377,2377,1.004,0.001,31
2378,2378,1.004,0.001,31
2379,2379,1.004,0.001,31
2380,2380,1.004,0.001,31
2381,2381,1.004,0.001,31
2382,2382,1.004,0.001,31
2383,2383,1.004,0.001,31
2384,2384,1.004,0.001,31
2385,2385,1.004,0.001,31
2386,2386,1.004,0.001,31
2387,2387,1.004,0.001,31
2388,2388,1.004,0.001,31
2389,2389,1.004,0.001,31
2390,2390,1.004,0.001,31
2391,2391,1.004,0.001,31
2392,2392,1.004,0.001,31
2393,2393,1.004,0.001,31
2394,2394,1.004,0.001,31
2395,2395,1.004,0.001,31
2396,2396,1.004,0.001,31
2397,2397,1.004,0.001,31
2398,2398,1.004,0.001,31
2399,2399,1.004,0.001,31
2400,2400,1.004,0.001,31
2401,2401,1.004,0.001,31
2402,2402,1.004,0.001,31
2403,2403,1.004,0.001,31
2404,2404,1.004,0.001,31
2405,2405,1.004,0.001,31
2406,2406,1.004,0.001,31
2407,2407,1.004,0.001,31
2408,2408,1.004,0.001,31
2409,2409,1.004,0.001,31
2410,2410,1.004,0.001,31
2411,2411,1.004,0.001,31
2412,2412,1.004,0.001,31
2413,2413,1.004,0.001,31
2414,2414,1.004,0.001,31
2415,2415,1.004,0.001,31
2416,2416,1.004,0.001,31
2417,2417,1.004,0.001,31
2418,2418,1.004,0.001,31
2419,2419,1.004,0.001,31
2420,2420,1.004,0.001,31
2421,2421,1.004,0.001,31
2422,2422,1.004,0.001,31
2423,2423,1.004,0.001,31
2424,2424,1.004,0.001,31
2425,2425,1.004,0.001,31
2426,2426,1.004,0.001,31
2427,2427,1.004,0.001,31
2428,2428,1.004,0.001,31
2429,2429,1.004,0.001,31
2430,2430,1.004,0.001,31
2431,2431,1.004,0.001,31
2432,2432,1.004,0.001,31
2433,2433,1.004,0.001,31
2434,2434,1.004,0.001,31
2435,2435,1.004,0.001,31
2436,2436,1.004,0.001,31
2437,2437,1.004,0.001,31
2438,2438,1.004,0.001,31
2439,2439,1.004,0.001,31
2440,2440,1.004,0.001,31
2441,2441,1.004,0.001,31
2442,2442,1.004,0.001,31
2443,2443,1.004,0.001,31
2444,2444,1.004,0.001,31
2445,2445,1.004,0.001,31
2446,2446,1.004,0.001,31
2447,2447,1.004,0.001,31
2448,2448,1.004,0.001,31
2449,2449,1.004,0.001,31
2450,2450,1.004,0.001,31
2451,2451,1.004,0.001,31
2452,2452,1.004,0.001,31
2453,2453,1.004,0.001,31
2454,2454,1.004,0.001,31
2455,2455,1.004,0.001,31
2456,2456,1.004,0.001,31
2457,2457,1.004,0.001,31
2458,2458,1.004,0.001,31
2459,2459,1.004,0.001,31
2460,2460,1.004,0.001,31
2461,2461,1.004,0.001,31
2462,2462,1.004,0.001,31
2463,2463,1.004,0.001,31
2464,2464,1.004,0.001,31
2465,2465,1.004,0.001,31
2466,2466,1.004,0.001,31
2467,2467,1.004,0.001,31
2468,2468,1.004,0.001,31
2469,2469,1.004,0.001,31
2470,2470,1.004,0.001,31
2471,2471,1.004,0.001,31
2472,2472,1.004,0.001,31
2473,2473,1.004,0.001,31
2474,2474,1.004,0.001,31
2475,2475,1.004,0.001,31
2476,2476,1.004,0.001,31
2477,2477,1.004,0.001,31
2478,2478,1.004,0.001,31
2479,2479,1.004,0.001,31
2480,2480,1.004,0.001,31
2481,2481,1.004,0.001,31
2482,2482,1.004,0.001,31
2483,2483,1.004,0.001,31
2484,2484,1.004,0.001,31
2485,2485,1.004,0.001,31
2486,2486,1.004,0.001,31
2487,2487,1.004,0.001,31
2488,2488,1.004,0.001,31
2489,2489,1.004,0.001,31
2490,2490,1.004,0.001,31
2491,2491,1.004,0.001,31
2492,2492,1.004,0.001,31
2493,2493,1.004,0.001,31
2494,2494,1.004,0.001,31
2495,2495,1.004,0.001,31
2496,2496,1.004,0.001,31
2497,2497,1.004,0.001,31
2498,2498,1.004,0.001,31
2499,2499,1.004,0.001,31
2500,2500,1.004,0.001,31
2501,2501,1.004,0.001,31
2502,2502,1.004,0.001,31
2503,2503,1.004,0.001,31
2504,2504,1.004,0.001,31
2505,2505,1.004,0.001,31
2506,2506,1.004,0.001,31
2507,2507,1.004,0.001,31
2508,2508,1.004,0.001,31
2509,2509,1.004,0.001,31
2510,2510,1.004,0.001,31
2511,2511,1.004,0.001,31
2512,2512,1.004,0.001,31
2513,2513,1.004,0.001,31
2514,2514,1.004,0.001,31
2515,2515,1.004,0.001,31
2516,2516,1.004,0.001,31
2517,2517,1.004,0.001,31
2518,2518,1.004,0.001,31
2519,2519,1.004,0.001,31
2520,2520,1.004,0.001,31
2521,2521,1.004,0.001,31
2522,2522,1.004,0.001,31
2523,2523,1.004,0.001,31
2524,2524,1.004,0.001,31
2525,2525,1.004,0.001,31
2526,2526,1.004,0.001,31
2527,2527,1.004,0.001,31
2528,2528,1.004,0.001,31
2529,2529,1.004,0.001,31
2530,2530,1.004,0.001,31
2531,2531,1.004,0.001,31
2532,2532,1.004,0.001,31
2533,2533,1.004,0.001,31
2534,2534,1.004,0.001,31
2535,2535,1.004,0.001,31
2536,2536,1.004,0.001,31
2537,2537,1.004,0.001,31
2538,2538,1.004,0.001,31
2539,2539,1.004,0.001,31
2540,2540,1.004,0.001,31
2541,2541,1.004,0.001,31
2542,2542,1.004,0.001,31
2543,2543,1.004,0.001,31
2544,2544,1.004,0.001,31
2545,2545,1.004,0.001,31
2546,2546,1.004,0.001,31
2547,2547,1.004,0.001,31
2548,2548,1.004,0.001,31
2549,2549,1.004,0.001,31
2550,2550,1.004,0.001,31
2551,2551,1.004,0.001,31
2552,2552,1.004,0.001,31
2553,2553,1.004,0.001,31
2554,2554,1.004,0.001,31
2555,2555,1.004,0.001,31
2556,2556,1.004,0.001,31
2557,2557,1.004,0.001,31
2558,2558,1.004,0.001,31
2559,2559,1.004,0.001,31
2560,2560,1.004,0.001,31
2561,2561,1.004,0.001,31
2562,2562,1.004,0.001,31
2563,2563,1.004,0.001,31
2564,2564,1.004,0.001,31
2565,2565,1.004,0.001,31
2566,2566,1.004,0.001,31
2567,2567,1.004,0.001,31
2568,2568,1.004,0.001,31
2569,2569,1.004,0.001,31
2570,2570,1.004,0.001,31
2571,2571,1.004,0.001,31
2572,2572,1.004,0.001,31
2573,2573,1.004,0.001,31
2574,2574,1.004,0.001,31
2575,2575,1.004,0.001,31
2576,2576,1.004,0.001,31
2577,2577,1.004,0.001,31
2578,2578,1.004,0.001,31
2579,2579,1.004,0.001,31
2580,2580,1.004,0.001,31
2581,2581,1.004,0.001,31
2582,2582,1.004,0.001,31
2583,2583,1.004,0.001,31
2584,2584,1.004,0.001,31
2585,2585,1.004,0.001,31
2586,2586,1.004,0.001,31
2587,2587,1.004,0.001,31
2588,2588,1.004,0.001,31
2589,2589,1.004,0.001,31
2590,2590,1.004,0.001,31
2591,2591,1.004,0.001,31
2592,2592,1.004,0.001,31
2593,2593,1.004,0.001,31
2594,2594,1.004,0.001,31
2595,2595,1.004,0.001,31
2596,2596,1.004,0.001,31
2597,2597,1.004,0.001,31
2598,2598,1.004,0.001,31
2599,2599,1.004,0.001,31
2600,2600,1.004,0.001,31
2601,2601,1.004,0.001,31
2602,2602,1.004,0.001,31
2603,2603,1.004,0.001,31
2604,2604,1.004,0.001,31
2605,2605,1.004,0.001,31
2606,2606,1.004,0.001,31
2607,2607,1.004,0.001,31
2608,2608,1.004,0.001,31
2609,2609,1.004,0.001,31
2610,2610,1.004,0.001,31
2611,2611,1.004,0.001,31
2612,2612,1.004,0.001,31
2613,2613,1.004,0.001,31
2614,2614,1.004,0.001,31
2615,2615,1.004,0.001,31
2616,2616,1.004,0.001,31
2617,2617,1.004,0.001,31
2618,2618,1.004,0.001,31
2619,2619,1.004,0.001,31
2620,2620,1.004,0.001,31
2621,2621,1.004,0.001,31
2622,2622,1.004,0.001,31
2623,2623,1.004,0.001,31
2624,2624,1.004,0.001,31
2625,2625,1.004,0.001,31
2626,2626,1.004,0.001,31
2627,2627,1.004,0.001,31
2628,2628,1.004,0.001,31
2629,2629,1.004,0.001,31
2630,2630,1.004,0.001,31
2631,2631,1.004,0.001,31
2632,2632,1.004,0.001,31
2633,2633,1.004,0.001,31
2634,2634,1.004,0.001,31
2635,2635,1.004,0.001,31
2636,2636,1.004,0.001,31
2637,2637,1.004,0.001,31
2638,2638,1.004,0.001,31
2639,2639,1.004,0.001,31
2640,2640,1.004,0.001,31
2641,2641,1.004,0.001,31
2642,2642,1.004,0.001,31
2643,2643,1.004,0.001,31
2644,2644,1.004,0.001,31
2645,2645,1.004,0.001,31
2646,2646,1.004,0.001,31
2647,2647,1.004,0.001,31
2648,2648,1.004,0.001,31
2649,2649,1.004,0.001,31
2650,2650,1.004,0.001,31
2651,2651,1.004,0.001,31
2652,2652,1.004,0.001,31
2653,2653,1.004,0.001,31
2654,2654,1.004,0.001,31
2655,2655,1.004,0.001,31
2656,2656,1.004,0.001,31
2657,2657,1.004,0.001,31
2658,2658,1.004,0.001,31
2659,2659,1.004,0.001,31
2660,2660,1.004,0.001,31
2661,2661,1.004,0.001,31
2662,2662,1.004,0.001,31
2663,2663,1.004,0.001,31
2664,2664,1.004,0.001,31
2665,2665,1.004,0.001,31
2666,2666,1.004,0.001,31
2667,2667,1.004,0.001,31
2668,2668,1.004,0.001,31
2669,2669,1.004,0.001,31
2670,2670,1.004,0.001,31
2671,2671,1.004,0.001,31
2672,2672,1.004,0.001,31
2673,2673,1.004,0.001,31
2674,2674,1.004,0.001,31
2675,2675,1.004,0.001,31
2676,2676,1.004,0.001,31
2677,2677,1.004,0.001,31
2678,2678,1.004,0.001,31
2679,2679,1.004,0.001,31
2680,2680,1.004,0.001,31
2681,2681,1.004,0.001,31
2682,2682,1.004,0.001,31
2683,2683,1.004,0.001,31
2684,2684,1.004,0.001,31
2685,2685,1.004,0.001,31
2686,2686,1.004,0.001,31
2687,2687,1.004,0.001,31
2688,2688,1.004,0.001,31
2689,2689,1.004,0.001,31
2690,2690,1.004,0.001,31
2691,2691,1.004,0.001,31
2692,2692,1.004,0.001,31
2693,2693,1.004,0.001,31
2694,2694,1.004,0.001,31
2695,2695,1.004,0.001,31
2696,2696,1.004,0.001,31
2697,2697,1.004,0.001,31
2698,2698,1.004,0.001,31
2699,2699,1.004,0.001,31
2700,2700,1.004,0.001,31
2701,2701,1.004,0.001,31
2702,2702,1.004,0.001,31
2703,2703,1.004,0.001,31
2704,2704,1.004,0.001,31
2705,2705,1.004,0.001,31
2706,2706,1.004,0.001,31
2707,2707,1.004,0.001,31
2708,2708,1.004,0.001,31
2709,2709,1.004,0.001,31
2710,2710,1.004,0.001,31
2711,2711,1.004,0.001,31
2712,2712,1.004,0.001,31
2713,2713,1.004,0.001,31
2714,2714,1.004,0.001,31
2715,2715,1.004,0.001,31
2716,2716,1.004,0.001,31
2717,2717,1.004,0.001,31
2718,2718,1.004,0.001,31
2719,2719,1.004,0.001,31
2720,2720,1.004,0.001,31
2721,2721,1.004,0.001,31
2722,2722,1.004,0.001,31
2723,2723,1.004,0.001,31
2724,2724,1.004,0.001,31
2725,2725,1.004,0.001,31
2726,2726,1.004,0.001,31
2727,2727,1.004,0.001,31
2728,2728,1.004,0.001,31
2729,2729,1.004,0.001,31
2730,2730,1.004,0.001,31
2731,2731,1.004,0.001,31
2732,2732,1.004,0.001,31
2733,2733,1.004,0.001,31
2734,2734,1.004,0.001,31
2735,2735,1.004,0.001,31
2736,2736,1.004,0.001,31
2737,2737,1.004,0.001,31
2738,2738,1.004,0.001,31
2739,2739,1.004,0.001,31
2740,2740,1.004,0.001,31
2741,2741,1.004,0.001,31
2742,2742,1.004,0.001,31
2743,2743,1.004,0.001,31
2744,2744,1.004,0.001,31
2745,2745,1.004,0.001,31
2746,2746,1.004,0.001,31
2747,2747,1.004,0.001,31
2748,2748,1.004,0.001,31
2749,2749,1.004,0.001,31
2750,2750,1.004,0.001,31
2751,2751,1.004,0.001,31
2752,2752,1.004,0.001,31
2753,2753,1.004,0.001,31
2754,2754,1.004,0.001,31
2755,2755,1.004,0.001,31
2756,2756,1.004,0.001,31
2757,2757,1.004,0.001,31
2758,2758,1.004,0.001,31
2759,2759,1.004,0.001,31
2760,2760,1.004,0.001,31
2761,2761,1.004,0.001,31
2762,2762,1.004,0.001,31
2763,2763,1.004,0.001,31
2764,2764,1.004,0.001,31
2765,2765,1.004,0.001,31
2766,2766,1.004,0.001,31
2767,2767,1.004,0.001,31
2768,2768,1.004,0.001,31
2769,2769,1.004,0.001,31
2770,2770,1.004,0.001,31
2771,2771,1.004,0.001,31
2772,2772,1.004,0.001,31
2773,2773,1.004,0.001,31
2774,2774,1.004,0.001,31
2775,2775,1.004,0.001,31
2776,2776,1.004,0.001,31
2777,2777,1.004,0.001,31
2778,2778,1.004,0.001,31
2779,2779,1.004,0.001,31
2780,2780,1.004,0.001,31
2781,2781,1.004,0.001,31
2782,2782,1.004,0.001,31
2783,2783,1.004,0.001,31
2784,2784,1.004,0.001,31
2785,2785,1.004,0.001,31
2786,2786,1.004,0.001,31
2787,2787,1.004,0.001,31
2788,2788,1.004,0.001,31
2789,2789,1.004,0.001,31
2790,2790,1.004,0.001,31
2791,2791,1.004,0.001,31
2792,2792,1.004,0.001,31
2793,2793,1.004,0.001,31
2794,2794,1.004,0.001,31
2795,2795,1.004,0.001,31
2796,2796,1.004,0.001,31
2797,2797,1.004,0.001,31
2798,2798,1.004,0.001,31
2799,2799,1.004,0.001,31
2800,2800,1.004,0.001,31
